Time,Velocity,GForce,Acceleration,Thrust,TWR,Mass,AltitudeFromTerrain,DownrangeDistance,Latitude,Longitude,Apoapsis,Periapsis,Inclination,OrbitalVelocity,VesselDeltaV,Pressure
1,6,2.08,11.9,109.47,2.08,5.36,79.66,0,-0.1,-74.56,79,0,0.1,175,1523,100.17
2,17,2.1,12.08,109.5,2.1,5.31,90.83,0,-0.1,-74.56,103,0,0.1,176,1506,100.01
3,28,2.11,12.26,109.59,2.12,5.27,114.2,0,-0.1,-74.56,152,0,0.1,177,1485,99.67
4,39,2.13,12.42,109.72,2.14,5.22,146.33,0,-0.1,-74.56,221,0,0.1,179,1465,99.19
5,50,2.14,12.58,109.87,2.16,5.18,192.73,0,-0.1,-74.56,320,0,0.1,182,1448,98.51
6,61,2.16,12.72,110.09,2.18,5.14,246.38,0,-0.1,-74.56,436,0,0.1,185,1428,97.73
7,73,2.17,12.86,110.36,2.21,5.09,316.39,0,-0.1,-74.56,589,0,0.1,189,1409,96.72
8,84,2.17,12.94,110.62,2.23,5.05,392.05,0,-0.1,-74.56,754,0,0.1,195,1393,95.63
9,96,2.18,13.15,110.98,2.26,5,486.04,0,-0.1,-74.56,960,0,0.1,202,1375,94.3
10,107,2.19,13.73,111.39,2.29,4.96,583.84,0,-0.1,-74.56,1173,0,0.1,210,1356,92.92
11,119,2.2,13.65,111.76,2.32,4.91,701.56,0.01,-0.1,-74.56,1426,0,0.1,221,1341,91.29
12,131,2.21,14.02,112.25,2.35,4.87,820.93,0.03,-0.1,-74.56,1685,0,0.1,230,1322,89.66
13,143,2.22,14.09,112.79,2.38,4.82,961.81,0.05,-0.1,-74.55,1986,0,0.1,243,1303,87.76
14,154,2.24,14.17,113.26,2.41,4.78,1102.33,0.07,-0.1,-74.55,2282,0,0.1,255,1289,85.9
15,167,2.25,14.58,113.86,2.45,4.73,1265.84,0.1,-0.1,-74.55,2637,0,0.1,267,1270,83.78
16,179,2.26,14.77,114.52,2.49,4.69,1427.43,0.14,-0.1,-74.54,2984,0,0.11,280,1251,81.73
17,192,2.29,14.94,115.07,2.52,4.64,1614.05,0.19,-0.1,-74.54,3391,0,0.11,294,1236,79.4
18,205,2.3,15.25,115.79,2.56,4.6,1797.17,0.25,-0.1,-74.53,3790,0,0.11,307,1217,77.17
19,219,2.33,15.52,116.54,2.61,4.56,2007.5,0.31,-0.1,-74.53,4262,0,0.12,321,1198,74.68
20,232,2.36,15.04,117.17,2.64,4.51,2213.03,0.38,-0.1,-74.52,4730,0,0.12,334,1182,72.3
21,247,2.37,15.91,117.97,2.69,4.47,2448.43,0.47,-0.1,-74.51,5273,0,0.12,348,1162,69.66
22,261,2.38,15.6,118.82,2.74,4.42,2677.7,0.55,-0.1,-74.51,5809,0,0.13,361,1142,67.16
23,276,2.39,15.68,119.51,2.78,4.38,2939.21,0.64,-0.1,-74.5,6426,0,0.13,375,1125,64.4
24,289,2.4,15.8,120.38,2.83,4.33,3192.89,0.74,-0.1,-74.49,7030,0,0.13,389,1104,61.81
25,305,2.4,16.43,121.28,2.88,4.29,3481.2,0.85,-0.1,-74.48,7722,0,0.13,403,1082,58.97
26,318,2.39,16.88,122.01,2.93,4.25,3759.79,0.96,-0.1,-74.47,8390,0,0.14,416,1064,56.33
27,333,2.4,18.03,122.92,2.98,4.2,4075.06,1.08,-0.1,-74.45,9151,0,0.14,431,1041,53.45
28,348,2.46,18.47,123.85,3.04,4.16,4378.82,1.2,-0.1,-74.44,9904,0,0.14,444,1017,50.8
29,364,2.53,18.97,124.6,3.08,4.11,4722.41,1.34,-0.1,-74.43,10784,0,0.14,459,997,47.92
30,379,2.56,19.82,125.52,3.14,4.07,5053.48,1.47,-0.1,-74.42,11649,0,0.14,474,972,45.28
31,396,2.6,20.63,126.45,3.2,4.02,5427.62,1.62,-0.1,-74.4,12646,0,0.15,490,945,42.44
32,412,2.66,21.49,127.18,3.25,3.98,5787.71,1.76,-0.1,-74.39,13630,0,0.15,505,923,39.84
33,430,2.73,22.13,128.08,3.32,3.93,6194.42,1.92,-0.1,-74.37,14775,0,0.15,522,896,37.06
34,462,4.61,23.01,198.44,5.23,3.87,6591.57,2.08,-0.1,-74.36,16563,0,0.15,552,852,34.51
35,501,4.76,23.9,199.57,5.34,3.8,7057.45,2.26,-0.1,-74.34,18864,0,0.15,589,812,31.69
36,538,4.91,24.8,200.97,5.48,3.73,7521.82,2.44,-0.1,-74.32,21256,0,0.16,624,761,29.07
37,580,5.09,26.71,202.4,5.63,3.66,8063.7,2.65,-0.1,-74.3,24175,0,0.16,665,708,26.25
38,620,5.23,44.13,203.52,5.76,3.6,8601.19,2.85,-0.1,-74.29,27199,0,0.16,703,663,23.66
39,665,5.39,45.44,204.87,5.91,3.52,9225.17,3.09,-0.1,-74.26,30831,0,0.17,748,607,20.94
40,709,5.54,46.78,206.18,6.08,3.46,9840.88,3.32,-0.1,-74.24,34579,0,0.17,790,547,18.56
41,757,5.7,48.18,207.14,6.21,3.39,10552.48,3.59,-0.1,-74.21,39110,0,0.17,837,498,16.14
42,803,5.86,49.62,208.25,6.38,3.32,11251.96,3.86,-0.1,-74.19,43774,0,0.18,883,435,14.07
43,855,6.02,51.2,209.28,6.56,3.25,12057.5,4.16,-0.1,-74.16,49407,0,0.18,934,368,12.02
44,904,6.18,52.83,210.03,6.7,3.18,12846.65,4.45,-0.1,-74.13,55205,0,0.18,982,313,10.3
45,959,6.37,54.67,210.85,6.89,3.11,13752.64,4.79,-0.1,-74.1,62219,0,0.18,1037,244,8.62
46,1012,6.55,56.59,211.59,7.08,3.05,14637.72,5.12,-0.1,-74.07,69464,0,0.19,1089,171,7.25
47,1071,6.77,58.7,212.11,7.24,2.98,15651.38,5.49,-0.1,-74.03,78276,0,0.19,1147,110,5.94
48,1128,6.98,60.83,212.66,7.44,2.91,16639.57,5.86,-0.1,-74,87438,0,0.19,1203,34,4.9
49,1144,0.38,11.81,0,0,2.88,17753.97,6.26,-0.1,-73.96,91119,0,0.19,1219,0,3.94
50,1132,0.3,11.19,0,0,2.88,18775.98,6.64,-0.1,-73.92,90702,0,0.19,1208,0,3.23
51,1121,0.24,10.73,0,0,2.88,19871.66,7.04,-0.1,-73.89,90345,0,0.19,1197,0,2.62
52,1111,0.2,10.36,0,0,2.88,20872.9,7.41,-0.1,-73.85,90081,0,0.19,1187,0,2.17
53,1100,0.16,10.05,0,0,2.88,21947.01,7.8,-0.1,-73.81,89853,0,0.19,1177,0,1.77
54,1091,0.13,9.8,0,0,2.88,22929.04,8.17,-0.1,-73.78,89685,0,0.19,1168,0,1.46
55,1081,0.11,27.99993849,0,0,2.88,23982.95,8.56,-0.1,-73.74,89539,0,0.19,1159,0,1.2
56,1072,0.09,38.92872912,0,0,2.88,24946.8,8.91,-0.1,-73.71,89430,0,0.19,1150,0,1
57,1063,0.08,91.25642682,0,0,2.88,25981.41,9.3,-0.1,-73.67,89335,0,0.19,1141,0,0.83
58,1054,0.06,48.3388498,0,0,2.88,26927.77,9.65,-0.1,-73.64,89264,0,0.19,1133,0,0.7
59,1045,0.05,14.29897272,0,0,2.88,27943.72,10.03,-0.1,-73.6,89201,0,0.19,1125,0,0.58
60,1036,0.04,16.77331757,0,0,2.88,28873.07,10.38,-0.1,-73.57,89155,0,0.19,1117,0,0.49
61,1028,0.04,60.18222173,0,0,2.88,29870.8,10.76,-0.1,-73.53,89114,0,0.19,1109,0,0.41
62,1019,0.03,88.99388195,0,0,2.88,30783.49,11.11,-0.1,-73.5,89083,0,0.19,1101,0,0.35
63,1011,0.03,57.77612781,0,0,2.88,31763.32,11.48,-0.1,-73.46,89055,0,0.19,1093,0,0.3
64,1003,0.02,94.53847588,0,0,2.88,32659.61,11.82,-0.1,-73.43,89034,0,0.19,1085,0,0.26
65,994,0.02,61.47493331,0,0,2.88,33621.79,12.19,-0.1,-73.39,89015,0,0.19,1077,0,0.22
66,986,0.02,50.95479095,0,0,2.88,34501.87,12.53,-0.1,-73.36,89001,0,0.19,1070,0,0.19
67,978,0.01,27.33832964,0,0,2.88,35446.58,12.9,-0.1,-73.33,88988,0,0.19,1062,0,0.16
68,970,0.01,68.10007067,0,0,2.88,36310.62,13.23,-0.1,-73.29,88978,0,0.19,1055,0,0.14
69,961,0.01,31.02747022,0,0,2.88,37238.03,13.6,-0.1,-73.26,88968,0,0.19,1047,0,0.12
70,954,0.01,64.74327478,0,0,2.88,38086.16,13.93,-0.1,-73.23,88961,0,0.19,1040,0,0.11
71,945,0.01,44.99304986,0,0,2.88,38996.4,14.29,-0.1,-73.19,88955,0,0.19,1032,0,0.09
72,938,0.01,53.26747783,0,0,2.88,39828.74,14.62,-0.1,-73.16,88950,0,0.19,1025,0,0.08
73,929,0.01,38.23328026,0,0,2.88,40721.93,14.98,-0.1,-73.13,88945,0,0.19,1018,0,0.07
74,922,0.01,54.48265406,0,0,2.88,41538.58,15.31,-0.1,-73.1,88941,0,0.19,1011,0,0.06
75,914,0.01,56.29757636,0,0,2.88,42414.83,15.66,-0.1,-73.06,88938,0,0.19,1003,0,0.05
76,906,0,33.91882489,0,0,2.88,43215.9,15.98,-0.1,-73.03,88935,0,0.19,996,0,0.05
77,898,0,80.10710063,0,0,2.88,44075.31,16.34,-0.1,-73,88932,0,0.19,989,0,0.04
78,891,0,46.96493221,0,0,2.88,44860.87,16.66,-0.1,-72.97,88930,0,0.19,982,0,0.04
79,883,0,70.16449539,0,0,2.88,45703.53,17.01,-0.1,-72.93,88928,0,0.19,975,0,0.03
80,875,0,8.02495057,0,0,2.88,46473.67,17.33,-0.1,-72.9,88926,0,0.19,968,0,0.03
81,867,0,48.81517376,0,0,2.88,47299.67,17.67,-0.1,-72.87,88924,0,0.19,961,0,0.02
82,860,0,7.888078188,0,0,2.88,48054.48,17.99,-0.1,-72.84,88923,0,0.19,954,0,0.02
83,852,0,54.94927462,0,0,2.88,48863.91,18.33,-0.1,-72.81,88922,0,0.19,947,0,0.02
84,845,0,21.9766564,0,0,2.88,49603.45,18.65,-0.1,-72.78,88921,0,0.19,940,0,0.02
85,837,0,68.52401293,0,0,2.88,50396.39,18.99,-0.1,-72.74,88920,0,0.19,933,0,0.01
86,830,0,67.10571588,0,0,2.88,51120.74,19.3,-0.1,-72.71,88919,0,0.19,927,0,0.01
87,822,0,79.300969,0,0,2.88,51897.27,19.64,-0.1,-72.68,88918,0,0.19,920,0,0.01
88,815,0,30.7805454,0,0,2.88,52606.51,19.95,-0.11,-72.65,88918,0,0.19,913,0,0.01
89,807,0,46.94637935,0,0,2.88,53366.69,20.28,-0.11,-72.62,88917,0,0.19,906,0,0.01
90,800,0,40.25204482,0,0,2.88,54060.88,20.59,-0.11,-72.59,88917,0,0.19,900,0,0.01
91,792,0,51.70099985,0,0,2.88,54804.8,20.93,-0.11,-72.56,88916,0,0.19,893,0,0.01
92,785,0,6.72828374,0,0,2.88,55484.01,21.23,-0.11,-72.53,88916,0,0.19,887,0,0.01
93,778,0,49.16135671,0,0,2.88,56211.73,21.56,-0.11,-72.5,88915,0,0.19,880,0,0.01
94,771,0,34.77742177,0,0,2.88,56876.03,21.87,-0.11,-72.47,88915,0,0.19,874,0,0
95,763,0,10.24355918,0,0,2.88,57587.62,22.2,-0.11,-72.44,88915,0,0.19,867,0,0
96,756,0,53.83601774,0,0,2.88,58237.06,22.5,-0.11,-72.41,88914,0,0.19,861,0,0
97,749,0,52.03912061,0,0,2.88,58932.59,22.82,-0.11,-72.38,88914,0,0.19,854,0,0
98,742,0,24.72251591,0,0,2.88,59567.23,23.13,-0.11,-72.35,88914,0,0.19,848,0,0
99,734,0,78.57440121,0,0,2.88,60246.76,23.45,-0.11,-72.32,88914,0,0.19,842,0,0
100,728,0,87.46452808,0,0,2.88,60866.66,23.75,-0.11,-72.29,88913,0,0.19,836,0,0
101,720,0,6.852366589,0,0,2.88,61530.26,24.07,-0.11,-72.26,88913,0,0.19,829,0,0
102,713,0,60.58349727,0,0,2.88,62135.48,24.37,-0.11,-72.23,88913,0,0.19,823,0,0
103,706,0,5.938287016,0,0,2.88,62783.21,24.69,-0.11,-72.2,88913,0,0.19,817,0,0
104,699,0,23.66099428,0,0,2.88,63373.8,24.98,-0.11,-72.17,88913,0,0.19,811,0,0
105,692,0,0.871030886,0,0,2.88,64005.7,25.3,-0.11,-72.14,88912,0,0.19,805,0,0
106,686,0,4.37551885,0,0,2.88,64581.72,25.6,-0.11,-72.11,88912,0,0.19,799,0,0
107,678,0,8.362979393,0,0,2.88,65197.86,25.91,-0.11,-72.08,88912,0,0.19,793,0,0
108,672,0,54.60973361,0,0,2.88,65759.36,26.2,-0.11,-72.06,88912,0,0.19,787,0,0
109,665,0,32.02258667,0,0,2.88,66359.8,26.52,-0.11,-72.03,88912,0,0.19,781,0,0
110,658,0,27.0593369,0,0,2.88,66906.82,26.81,-0.11,-72,88912,0,0.19,776,0,0
111,651,0,19.29534933,0,0,2.88,67491.6,27.12,-0.11,-71.97,88912,0,0.19,770,0,0
112,645,0,30.75978025,0,0,2.88,68024.2,27.41,-0.11,-71.94,88911,0,0.19,764,0,0
113,638,0,37.33504502,0,0,2.88,68593.38,27.72,-0.11,-71.91,88911,0,0.19,758,0,0
114,631,0,39.75285088,0,0,2.88,69111.6,28.01,-0.11,-71.88,88911,0,0.19,753,0,0
115,624,0,77.92287129,0,0,2.88,69665.23,28.32,-0.11,-71.85,88911,0,0.19,747,0,0
116,618,0,39.76543596,0,0,2.88,70169.12,28.61,-0.11,-71.83,88911,0,0.19,742,0,0
117,611,0,85.39948522,0,0,2.88,70707.24,28.92,-0.11,-71.8,88911,0,0.19,736,0,0
118,605,0,10.53293072,0,0,2.88,71196.84,29.2,-0.11,-71.77,88911,0,0.19,731,0,0
119,598,0,71.92578412,0,0,2.88,71719.51,29.51,-0.11,-71.74,88911,0,0.19,725,0,0
120,592,0,86.40664852,0,0,2.88,72194.86,29.79,-0.11,-71.71,88911,0,0.19,720,0,0
121,585,0,52.79777245,0,0,2.88,72702.12,30.1,-0.11,-71.68,88911,0,0.19,714,0,0
122,579,0,98.78673709,0,0,2.88,73163.26,30.38,-0.11,-71.66,88911,0,0.19,709,0,0
123,573,0,80.72849089,0,0,2.88,73655.15,30.68,-0.11,-71.63,88910,0,0.19,704,0,0
124,566,0,4.835560047,0,0,2.88,74111.36,30.97,-0.11,-71.6,88910,0,0.19,699,0,0
125,560,0,64.6841917,0,0,2.88,74578.68,31.27,-0.11,-71.57,88910,0,0.19,694,0,0
126,554,0,39.39136744,0,0,2.88,75020.47,31.55,-0.11,-71.54,88910,0,0.19,689,0,0
127,548,0,69.89921654,0,0,2.88,75472.81,31.85,-0.11,-71.52,88910,0,0.19,684,0,0
128,542,0,94.5754291,0,0,2.88,75900.21,32.13,-0.11,-71.49,88910,0,0.19,679,0,0
129,535,0,2.316868892,0,0,2.88,76337.59,32.43,-0.11,-71.46,88910,0,0.19,674,0,0
130,530,0,60.21881074,0,0,2.88,76742.28,32.7,-0.11,-71.43,88910,0,0.19,669,0,0
131,523,0,42.45967326,0,0,2.88,77173.1,33,-0.11,-71.41,88910,0,0.19,664,0,0
132,518,0,2.412333359,0,0,2.88,77563.77,33.28,-0.11,-71.38,88910,0,0.19,660,0,0
133,511,0,10.67076905,0,0,2.88,77979.42,33.58,-0.11,-71.35,88910,0,0.19,655,0,0
134,506,0,40.65097538,0,0,2.88,78356.1,33.85,-0.11,-71.33,88910,0,0.19,650,0,0
135,500,0,64.129757,0,0,2.88,78756.6,34.15,-0.11,-71.3,88910,0,0.19,645,0,0
136,494,0,63.72485903,0,0,2.88,79119.33,34.42,-0.11,-71.27,88909,0,0.19,641,0,0
137,488,0,59.56470735,0,0,2.88,79504.73,34.72,-0.11,-71.24,88909,0,0.19,637,0,0
138,483,0,30.09519219,0,0,2.88,79853.52,34.99,-0.11,-71.22,88909,0,0.19,632,0,0
139,477,0,72.32633064,0,0,2.88,80223.85,35.29,-0.11,-71.19,88909,0,0.19,628,0,0
140,472,0,68.78092966,0,0,2.88,80558.74,35.56,-0.11,-71.16,88909,0,0.19,624,0,0
141,466,0,48.80398671,0,0,2.88,80914.03,35.85,-0.11,-71.13,88909,0,0.19,619,0,0
142,461,0,65.86329187,0,0,2.88,81235.05,36.12,-0.11,-71.11,88909,0,0.19,615,0,0
143,455,0,33.52586011,0,0,2.88,81575.32,36.42,-0.11,-71.08,88909,0,0.19,611,0,0
144,450,0,32.44796747,0,0,2.88,81882.5,36.69,-0.11,-71.05,88909,0,0.19,607,0,0
145,444,0,73.93610242,0,0,2.88,82207.78,36.98,-0.11,-71.03,88909,0,0.19,603,0,0
146,439,0,47.62258086,0,0,2.88,82501.14,37.25,-0.11,-71,88909,0,0.19,600,0,0
147,434,0,93.44218077,0,0,2.88,82811.46,37.54,-0.11,-70.97,88909,0,0.19,596,0,0
148,429,0,27.72535491,0,0,2.88,83091.02,37.81,-0.11,-70.95,88908,0,0.19,592,0,0
149,424,0,98.75640162,0,0,2.88,83386.41,38.1,-0.11,-70.92,88908,0,0.19,588,0,0
150,419,0,9.544117793,0,0,2.88,83652.24,38.36,-0.11,-70.89,88908,0,0.19,585,0,0
151,414,0,80.171604,0,0,2.88,83932.75,38.65,-0.11,-70.87,88908,0,0.19,581,0,0
152,410,0,51.12539287,0,0,2.88,84184.66,38.92,-0.11,-70.84,88908,0,0.19,578,0,0
153,405,0,37.56494739,0,0,2.88,84450.19,39.21,-0.11,-70.81,88908,0,0.19,575,0,0
154,400,0,29.81188491,0,0,2.88,84688.54,39.48,-0.11,-70.79,88908,0,0.19,571,0,0
155,396,0,23.83306103,0,0,2.88,84939.24,39.76,-0.11,-70.76,88908,0,0.19,568,0,0
156,391,0,88.12705533,0,0,2.88,85163.8,40.03,-0.11,-70.74,88908,0,0.19,565,0,0
157,387,0,47.94292424,0,0,2.88,85399.72,40.32,-0.11,-70.71,88908,0,0.19,562,0,0
158,383,0,58.46719395,0,0,2.88,85610.62,40.58,-0.11,-70.68,88908,0,0.19,559,0,0
159,378,0,96.85648789,0,0,2.88,85831.66,40.87,-0.11,-70.65,88908,0,0.19,556,0,0
160,374,0,24.50159194,0,0,2.88,86032.92,41.14,-0.11,-70.63,88908,0,0.19,553,0,0
161,370,0,56.55946384,0,0,2.88,86231.26,41.42,-0.11,-70.6,88907,0,0.19,551,0,0
162,367,0,6.369172548,0,0,2.88,86422.46,41.69,-0.11,-70.58,88907,0,0.19,548,0,0
163,363,0,97.19926722,0,0,2.88,86606.55,41.97,-0.11,-70.55,88907,0,0.19,546,0,0
164,359,0,43.43166946,0,0,2.88,86783.55,42.24,-0.11,-70.52,88907,0,0.19,543,0,0
165,356,0,3.897727525,0,0,2.88,86953.45,42.52,-0.11,-70.5,88907,0,0.19,541,0,0
166,352,0,6.450300784,0,0,2.88,87116.23,42.79,-0.11,-70.47,88907,0,0.19,539,0,0
167,349,0,4.429135589,0,0,2.88,87271.93,43.06,-0.11,-70.45,88907,0,0.19,536,0,0
168,346,0,28.94566231,0,0,2.88,87420.54,43.34,-0.11,-70.42,88907,0,0.19,534,0,0
169,343,0,32.69678053,0,0,2.88,87562.06,43.61,-0.11,-70.39,88907,0,0.19,532,0,0
170,340,0,45.84058434,0,0,2.88,87696.49,43.89,-0.11,-70.37,88907,0,0.19,530,0,0
171,337,0,56.03702194,0,0,2.88,87823.84,44.16,-0.11,-70.34,88907,0,0.19,529,0,0
172,334,0,57.30891158,0,0,2.88,87944.1,44.43,-0.12,-70.31,88907,0,0.19,527,0,0
173,332,0,65.57988548,0,0,2.88,88057.29,44.71,-0.12,-70.29,88907,0,0.19,525,0,0
174,329,0,75.82681289,0,0,2.88,88163.4,44.98,-0.12,-70.26,88907,0,0.19,524,0,0
175,327,0,61.72525119,0,0,2.88,88262.44,45.25,-0.12,-70.24,88906,0,0.19,522,0,0
176,325,0,1.278755751,0,0,2.88,88354.41,45.52,-0.12,-70.21,88906,0,0.19,521,0,0
177,323,0,40.50929095,0,0,2.88,88439.3,45.8,-0.12,-70.18,88906,0,0.19,520,0,0
178,321,0,77.17931384,0,0,2.88,88517.13,46.07,-0.12,-70.16,88906,0,0.19,519,0,0
179,320,0,71.5260376,0,0,2.88,88587.89,46.34,-0.12,-70.13,88906,0,0.19,518,0,0
180,318,0,16.11482094,0,0,2.88,88651.58,46.61,-0.12,-70.11,88906,0,0.19,517,0,0
181,317,0,75.04923351,0,0,2.88,88708.21,46.89,-0.12,-70.08,88906,0,0.19,516,0,0
182,316,0,43.10966654,0,0,2.88,88757.78,47.16,-0.12,-70.05,88906,0,0.19,515,0,0
183,315,0,92.67083049,0,0,2.88,88800.28,47.43,-0.12,-70.03,88906,0,0.19,515,0,0
184,314,0,41.39411787,0,0,2.88,88835.73,47.7,-0.12,-70,88906,0,0.19,514,0,0
185,313,0,0.745891267,0,0,2.88,88864.11,47.97,-0.12,-69.98,88906,0,0.19,514,0,0
186,313,0,83.5204396,0,0,2.88,88885.43,48.25,-0.12,-69.95,88906,0,0.19,513,0,0
187,312,0,81.1820149,0,0,2.88,88899.69,48.52,-0.12,-69.92,88906,0,0.19,513,0,0
188,312,0,54.20924896,0,0,2.88,88906.9,48.79,-0.12,-69.9,88906,0,0.19,513,0,0
189,312,0,41.24313329,0,0,2.88,88907.04,49.06,-0.12,-69.87,88905,0,0.19,513,0,0
190,312,0,97.66039977,0,0,2.88,88900.12,49.33,-0.12,-69.85,88905,0,0.19,513,0,0
191,313,0,94.2049847,0,0,2.88,88886.15,49.61,-0.12,-69.82,88905,0,0.19,513,0,0
192,313,0,78.24827191,0,0,2.88,88865.11,49.88,-0.12,-69.79,88905,0,0.19,514,0,0
193,314,0,76.53184883,0,0,2.88,88837.02,50.15,-0.12,-69.77,88905,0,0.19,514,0,0
194,315,0,59.51183493,0,0,2.88,88801.87,50.42,-0.12,-69.74,88905,0,0.19,515,0,0
195,316,0,93.9667997,0,0,2.88,88759.7,50.69,-0.12,-69.72,88905,0,0.19,515,0,0
196,317,0,60.97759247,0,0,2.88,88710.45,50.97,-0.12,-69.69,88905,0,0.19,516,0,0
197,318,0,73.1576527,0,0,2.88,88652.86,51.24,-0.12,-69.66,88905,0,0.19,517,0,0
198,320,0,37.5749742,0,0,2.88,88590.65,51.51,-0.12,-69.64,88905,0,0.19,518,0,0
199,321,0,44.12809225,0,0,2.88,88518.73,51.79,-0.12,-69.61,88905,0,0.19,519,0,0
200,323,0,28.97395344,0,0,2.88,88442.66,52.06,-0.12,-69.59,88905,0,0.19,520,0,0
201,325,0,43.23962902,0,0,2.88,88356.28,52.33,-0.12,-69.56,88905,0,0.19,521,0,0
202,327,0,76.74156374,0,0,2.88,88266.37,52.6,-0.12,-69.53,88905,0,0.19,522,0,0
203,329,0,2.361207788,0,0,2.88,88165.58,52.88,-0.12,-69.51,88904,0,0.19,524,0,0
204,332,0,51.54498832,0,0,2.88,88061.8,53.15,-0.12,-69.48,88904,0,0.19,525,0,0
205,334,0,17.39718398,0,0,2.88,87946.57,53.42,-0.12,-69.46,88904,0,0.19,527,0,0
206,337,0,83.32102306,0,0,2.88,87828.92,53.69,-0.12,-69.43,88904,0,0.19,528,0,0
207,340,0,56.54180575,0,0,2.88,87699.25,53.97,-0.12,-69.4,88904,0,0.19,530,0,0
208,342,0,41.42812278,0,0,2.88,87567.72,54.24,-0.12,-69.38,88904,0,0.19,532,0,0
209,346,0,80.10251517,0,0,2.88,87423.59,54.52,-0.12,-69.35,88904,0,0.19,534,0,0
210,349,0,24.98629894,0,0,2.88,87278.17,54.79,-0.12,-69.33,88904,0,0.19,536,0,0
211,352,0,55.88843902,0,0,2.88,87119.58,55.07,-0.12,-69.3,88904,0,0.19,538,0,0
212,355,0,75.80175297,0,0,2.88,86960.26,55.34,-0.12,-69.27,88904,0,0.19,541,0,0
213,359,0,44.69335685,0,0,2.88,86787.19,55.62,-0.12,-69.25,88904,0,0.19,543,0,0
214,363,0,95.1379074,0,0,2.88,86613.95,55.89,-0.12,-69.22,88904,0,0.19,545,0,0
215,366,0,11.97250123,0,0,2.88,86426.39,56.17,-0.12,-69.19,88904,0,0.19,548,0,0
216,370,0,15.28521619,0,0,2.88,86239.22,56.44,-0.12,-69.17,88903,0,0.19,551,0,0
217,374,0,26.78811398,0,0,2.88,86037.16,56.72,-0.12,-69.14,88903,0,0.19,553,0,0
218,378,0,52.2358489,0,0,2.88,85840.22,56.98,-0.12,-69.12,88903,0,0.19,556,0,0
219,382,0,44.3949077,0,0,2.88,85619.46,57.27,-0.12,-69.09,88903,0,0.19,559,0,0
220,386,0,12.91045763,0,0,2.88,85408.84,57.53,-0.12,-69.06,88903,0,0.19,562,0,0
221,391,0,97.9287125,0,0,2.88,85173.25,57.82,-0.12,-69.04,88903,0,0.19,565,0,0
222,395,0,94.25060204,0,0,2.88,84948.94,58.09,-0.12,-69.01,88903,0,0.19,568,0,0
223,400,0,77.05595842,0,0,2.88,84698.51,58.38,-0.12,-68.98,88903,0,0.19,571,0,0
224,404,0,18.81145813,0,0,2.88,84460.49,58.64,-0.12,-68.96,88903,0,0.19,574,0,0
225,409,0,31.48141939,0,0,2.88,84195.2,58.93,-0.12,-68.93,88903,0,0.19,578,0,0
226,414,0,46.95318074,0,0,2.88,83943.44,59.2,-0.12,-68.9,88903,0,0.19,581,0,0
227,419,0,88.40101487,0,0,2.88,83663.26,59.49,-0.12,-68.88,88903,0,0.19,585,0,0
228,424,0,6.935146734,0,0,2.88,83397.76,59.76,-0.12,-68.85,88903,0,0.19,588,0,0
229,429,0,97.69688403,0,0,2.88,83102.67,60.05,-0.12,-68.82,88902,0,0.19,592,0,0
230,434,0,10.4998998,0,0,2.88,82823.39,60.31,-0.12,-68.8,88902,0,0.19,595,0,0
231,439,0,40.24283117,0,0,2.88,82513.37,60.61,-0.12,-68.77,88902,0,0.19,599,0,0
232,444,0,80.08341051,0,0,2.88,82220.29,60.88,-0.12,-68.74,88902,0,0.19,603,0,0
233,449,0,23.87025264,0,0,2.88,81895.32,61.17,-0.12,-68.72,88902,0,0.19,607,0,0
234,455,0,30.94541338,0,0,2.88,81588.42,61.44,-0.12,-68.69,88902,0,0.19,611,0,0
235,460,0,51.37732148,0,0,2.88,81248.46,61.73,-0.12,-68.66,88902,0,0.19,615,0,0
236,465,0,7.697394914,0,0,2.88,80927.72,62,-0.12,-68.64,88902,0,0.19,619,0,0
237,471,0,33.47195423,0,0,2.88,80572.74,62.3,-0.12,-68.61,88902,0,0.19,624,0,0
238,477,0,0.356872133,0,0,2.88,80238.13,62.57,-0.12,-68.58,88902,0,0.19,628,0,0
239,482,0,17.25633849,0,0,2.88,79868.11,62.86,-0.12,-68.55,88902,0,0.19,632,0,0
240,488,0,92.8766251,0,0,2.88,79519.6,63.14,-0.12,-68.53,88902,0,0.19,636,0,0
241,494,0,84.70080146,0,0,2.88,79134.51,63.43,-0.12,-68.5,88902,0,0.19,641,0,0
242,499,0,39.65741271,0,0,2.88,78772.07,63.7,-0.12,-68.47,88901,0,0.19,645,0,0
243,505,0,9.389554394,0,0,2.88,78371.87,64,-0.12,-68.45,88901,0,0.19,650,0,0
244,511,0,78.96252577,0,0,2.88,77995.47,64.28,-0.12,-68.42,88901,0,0.19,654,0,0
245,517,0,45.55706577,0,0,2.88,77580.14,64.57,-0.12,-68.39,88901,0,0.19,659,0,0
246,523,0,19.4776421,0,0,2.88,77189.75,64.85,-0.12,-68.36,88901,0,0.19,664,0,0
247,529,0,59.85479299,0,0,2.88,76759.24,65.15,-0.12,-68.34,88901,0,0.19,669,0,0
248,535,0,9.583427206,0,0,2.88,76354.83,65.43,-0.12,-68.31,88901,0,0.19,673,0,0
249,541,0,66.48773281,0,0,2.88,75909.11,65.73,-0.12,-68.28,88901,0,0.19,678,0,0
250,547,0,36.87936264,0,0,2.88,75490.65,66.01,-0.12,-68.25,88901,0,0.19,683,0,0
251,554,0,34.96704089,0,0,2.88,75029.68,66.31,-0.12,-68.23,88901,0,0.19,688,0,0
252,560,0,7.92779139,0,0,2.88,74597.13,66.59,-0.12,-68.2,88901,0,0.19,693,0,0
253,566,0,39.11574445,0,0,2.88,74130.11,66.88,-0.12,-68.17,88901,0,0.19,699,0,0
254,572,0,88.80445559,0,0,2.88,73664.81,67.18,-0.12,-68.14,88900,0,0.19,704,0,0
255,579,0,11.90760511,0,0,2.88,73192.14,67.47,-0.12,-68.11,88900,0,0.19,709,0,0
256,585,0,49.04250664,0,0,2.88,72712.09,67.76,-0.12,-68.09,88900,0,0.19,714,0,0
257,592,0,59.35192818,0,0,2.88,72224.64,68.06,-0.12,-68.06,88900,0,0.19,719,0,0
258,598,0,7.489711407,0,0,2.88,71729.79,68.35,-0.12,-68.03,88900,0,0.19,725,0,0
259,604,0,95.36215458,0,0,2.88,71227.52,68.65,-0.12,-68,88900,0,0.19,730,0,0
260,611,0,43.16220003,0,0,2.88,70717.83,68.94,-0.12,-67.97,88900,0,0.19,736,0,0
261,618,0,6.155344311,0,0,2.88,70200.7,69.24,-0.12,-67.95,88900,0,0.19,741,0,0
262,624,0,81.28383221,0,0,2.88,69676.13,69.54,-0.12,-67.92,88900,0,0.19,747,0,0
272,694,0,77.9238264,0,0,0.99,63761.46,72.69,-0.13,-67.62,88825,0,0.19,806,0,0
273,698,0,45.17610417,0,0,0.99,63421,72.86,-0.13,-67.6,88824,0,0.19,810,0,0
274,705,0,34.08850914,0,0,0.99,62807.12,73.16,-0.13,-67.57,88822,0,0.19,816,0,0
275,712,0,52.91182456,0,0,0.99,62185.64,73.47,-0.13,-67.54,88820,0,0.19,822,0,0
276,719,0,12.37795458,0,0,0.99,61556.57,73.78,-0.13,-67.51,88818,0,0.19,828,0,0
277,726,0,52.77556861,0,0,0.99,60919.88,74.09,-0.13,-67.48,88815,0,0.19,834,0,0
278,733,0,95.51082307,0,0,0.99,60275.57,74.4,-0.13,-67.45,88812,0,0.19,840,0,0
279,740,0,19.24356321,0,0,0.99,59623.63,74.71,-0.13,-67.42,88809,0,0.19,846,0,0
280,747,0,52.80437463,0,0,0.99,58964.04,75.03,-0.13,-67.39,88805,0,0.19,853,0,0
281,754,0.01,48.4116143,0,0,0.99,58296.79,75.34,-0.13,-67.36,88800,0,0.19,859,0,0
282,761,0.01,10.11637549,0,0,0.99,57621.88,75.65,-0.13,-67.33,88795,0,0.19,865,0,0
283,769,0.01,68.41037114,0,0,0.99,56939.29,75.97,-0.13,-67.3,88790,0,0.19,872,0,0
284,776,0.01,88.81161944,0,0,0.99,56249.02,76.28,-0.13,-67.27,88784,0,0.19,878,0,0
285,783,0.01,2.469438379,0,0,0.99,55551.05,76.6,-0.13,-67.24,88777,0,0.19,885,0,0.01
286,790,0.01,89.97103251,0,0,0.99,54845.37,76.92,-0.13,-67.21,88769,0,0.19,891,0,0.01
287,798,0.01,68.46027349,0,0,0.99,54131.98,77.24,-0.13,-67.18,88760,0,0.19,897,0,0.01
288,805,0.01,72.56222453,0,0,0.99,53410.87,77.56,-0.13,-67.15,88750,0,0.19,904,0,0.01
289,812,0.01,21.09705804,0,0,0.99,52682.03,77.88,-0.13,-67.12,88739,0,0.19,911,0,0.01
290,819,0.01,84.42304945,0,0,0.99,51945.46,78.2,-0.13,-67.09,88726,0,0.19,917,0,0.01
291,827,0.02,6.872970261,0,0,0.99,51201.16,78.53,-0.13,-67.06,88711,0,0.19,924,0,0.01
292,834,0.02,45.60272439,0,0,0.99,50449.13,78.85,-0.13,-67.03,88694,0,0.19,930,0,0.01
293,841,0.02,39.63961693,0,0,0.99,49689.37,79.18,-0.13,-67,88674,0,0.19,937,0,0.02
294,849,0.02,17.49464902,0,0,0.99,48921.89,79.51,-0.13,-66.97,88651,0,0.19,943,0,0.02
295,856,0.03,46.16672948,0,0,0.99,48146.69,79.83,-0.13,-66.93,88625,0,0.19,950,0,0.02
296,863,0.03,26.69845967,0,0,0.99,47363.79,80.16,-0.13,-66.9,88595,0,0.19,957,0,0.02
297,871,0.03,48.38627788,0,0,0.99,46573.19,80.49,-0.13,-66.87,88561,0,0.19,963,0,0.03
298,878,0.04,19.95108145,0,0,0.99,45774.92,80.83,-0.13,-66.84,88522,0,0.19,970,0,0.03
299,885,0.04,24.87902726,0,0,0.99,44968.99,81.16,-0.13,-66.81,88477,0,0.19,977,0,0.04
300,892,0.05,70.9321989,0,0,0.99,44171.78,81.48,-0.13,-66.78,88427,0,0.19,983,0,0.04
301,900,0.06,47.93056719,0,0,0.99,43317.79,81.83,-0.13,-66.74,88367,0,0.19,990,0,0.05
302,907,0.06,78.07373325,0,0,0.99,42522.24,82.16,-0.13,-66.71,88303,0,0.19,996,0,0.05
303,914,0.07,12.97033535,0,0,0.99,41669.4,82.5,-0.13,-66.68,88224,0,0.19,1003,0,0.06
304,921,0.08,82.65184224,0,0,0.99,40842.71,82.83,-0.13,-66.65,88137,0,0.19,1009,0,0.07
305,928,0.1,36.61936899,0,0,0.99,39974.77,83.18,-0.13,-66.62,88032,0,0.19,1016,0,0.08
306,935,0.11,6.587252168,0,0,0.99,39133.75,83.51,-0.13,-66.58,87915,0,0.19,1022,0,0.09
307,942,0.13,64.98825919,0,0,0.99,38251.11,83.86,-0.13,-66.55,87772,0,0.19,1028,0,0.1
308,948,0.15,99.52105199,0,0,0.99,37378.71,84.2,-0.13,-66.52,87608,0,0.19,1034,0,0.12
309,955,0.18,57.46814052,0,0,0.99,36499.49,84.54,-0.13,-66.48,87413,0,0.19,1040,0,0.14
310,961,0.21,54.64679083,0,0,0.99,35631.47,84.88,-0.13,-66.45,87185,0,0.19,1045,0,0.16
311,966,0.25,20.19530916,0,0,0.99,34721.58,85.23,-0.13,-66.42,86902,0,0.19,1050,0,0.18
312,972,0.29,58.93753105,0,0,0.99,33823.52,85.57,-0.13,-66.39,86570,0,0.19,1055,0,0.21
313,977,0.35,11.88493712,0,0,0.99,32901.79,85.93,-0.13,-66.35,86164,0,0.19,1060,0,0.25
314,981,0.41,37.62539587,0,0,0.99,32029.49,86.26,-0.13,-66.32,85709,0,0.19,1063,0,0.28
315,985,0.5,91.34828623,0,0,0.99,31079.89,86.62,-0.13,-66.29,85121,0,0.19,1066,0,0.33
316,987,0.59,92.85296209,0,0,0.99,30181.4,86.96,-0.13,-66.25,84458,0,0.19,1068,0,0.39
317,989,0.71,73.83444514,0,0,0.99,29243.36,87.31,-0.13,-66.22,83631,0,0.19,1070,0,0.46
318,989,0.85,64.49540385,0,0,0.99,28340.41,87.64,-0.13,-66.19,82679,0,0.19,1070,0,0.54
319,988,1.01,72.61343011,0,0,0.99,27418.61,87.99,-0.13,-66.16,81520,0,0.19,1068,0,0.64
320,985,1.2,78.96930256,0,0,0.99,26516.32,88.32,-0.13,-66.12,80174,0,0.19,1065,0,0.75
321,980,1.44,89.72880871,0,0,0.99,25561.87,88.67,-0.13,-66.09,78486,0,0.19,1059,0,0.89
322,973,1.68,92.62602373,0,0,0.99,24667.46,89,-0.13,-66.06,76635,0,0.19,1052,0,1.05
323,963,1.96,13.43134655,0,0,0.99,23762.06,89.33,-0.13,-66.03,74463,0,0.18,1041,0,1.24
324,950,2.28,88.83606439,0,0,0.99,22866.6,89.65,-0.13,-66,71986,0,0.18,1028,0,1.47
325,934,2.62,68.98795031,0,0,0.99,21984.02,89.97,-0.13,-65.97,69194,0,0.18,1012,0,1.74
326,914,2.98,10.35830097,0,0,0.99,21117.49,90.28,-0.13,-65.94,66094,0,0.18,992,0,2.05
327,891,3.35,58.2425594,0,0,0.99,20270.36,90.58,-0.13,-65.91,62714,0,0.18,968,0,2.41
328,865,3.71,50.48543299,0,0,0.99,19462.26,90.87,-0.13,-65.88,59173,0,0.18,942,0,2.81
329,833,4.08,55.10619971,0,0,0.99,18632.11,91.16,-0.13,-65.85,55226,0,0.18,911,0,3.3
330,801,4.39,29.84878597,0,0,0.99,17893.94,91.42,-0.13,-65.83,51477,0,0.18,878,0,3.81
331,764,4.67,49.61636455,0,0,0.99,17142.12,91.68,-0.13,-65.8,47463,0,0.17,842,0,4.41
332,726,4.87,34.92806319,0,0,0.99,16453.64,91.92,-0.13,-65.78,43661,0,0.17,804,0,5.05
333,685,5,32.64625328,0,0,0.99,15761.19,92.15,-0.13,-65.76,39771,0,0.17,763,0,5.78
334,646,5.03,45.69354317,0,0,0.99,15157.84,92.35,-0.13,-65.74,36388,0,0.17,724,0,6.5
335,604,4.99,75.74180095,0,0,0.99,14543.24,92.56,-0.13,-65.72,32999,0,0.17,683,0,7.34
336,566,4.92,19.41936234,0,0,0.99,14011.51,92.73,-0.13,-65.7,30145,0,0.16,645,0,8.15
337,525,5.06,21.81132246,0,0,0.99,13483.78,92.91,-0.13,-65.69,27305,0,0.16,605,0,9.04
338,483,5.3,95.48032115,0,0,0.99,13014.42,93.06,-0.13,-65.67,24691,0,0.16,565,0,9.91
339,438,5.42,60.95708061,0,0,0.99,12567.21,93.2,-0.13,-65.66,22146,0,0.16,521,0,10.82
340,396,5.24,71.06277022,0,0,0.99,12177.76,93.32,-0.13,-65.65,19980,0,0.15,480,0,11.68
341,355,4.76,31.5351313,0,0,0.99,11805.23,93.43,-0.13,-65.64,18074,0,0.15,441,0,12.57
342,323,4.17,96.87822181,0,0,0.99,11494.22,93.52,-0.13,-65.63,16678,0,0.15,411,0,13.36
343,299,2.83,67.84017191,0,0,0.99,11191.25,93.61,-0.13,-65.62,15643,0,0.15,388,0,14.18
344,287,1.87,17.09162125,0,0,0.99,10909.84,93.69,-0.13,-65.61,15035,0,0.14,377,0,14.98
345,281,1.47,22.35415588,0,0,0.99,10636.01,93.76,-0.13,-65.6,14593,0,0.14,370,0,15.81
346,277,1.29,31.89517248,0,0,0.99,10366.39,93.83,-0.13,-65.6,14223,0,0.14,365,0,16.67
347,274,1.19,19.1117416,0,0,0.99,10099.44,93.9,-0.13,-65.59,13889,0,0.14,362,0,17.57
348,272,1.14,68.19156674,0,0,0.99,9834.33,93.96,-0.13,-65.58,13575,0,0.14,359,0,18.51
349,270,1.11,76.95276526,0,0,0.99,9565.38,94.03,-0.13,-65.58,13265,0,0.14,356,0,19.51
350,269,1.1,47.08709612,0,0,0.99,9313.37,94.08,-0.13,-65.57,12979,0,0.14,354,0,20.5
351,267,1.09,88.22747017,0,0,0.99,9041.45,94.15,-0.13,-65.57,12673,0,0.14,352,0,21.63
352,266,1.09,2.516164799,0,0,0.99,8791.43,94.2,-0.13,-65.56,12393,0,0.14,349,0,22.71
353,265,1.07,52.32847311,0,0,0.99,8521.55,94.26,-0.13,-65.56,12094,0,0.14,347,0,23.94
354,264,1.06,25.67154698,0,0,0.99,8273.16,94.31,-0.13,-65.55,11824,0,0.14,346,0,25.12
355,263,1.06,35.47703221,0,0,0.99,8004.8,94.36,-0.13,-65.55,11532,0,0.14,344,0,26.45
356,261,1.07,21.74353939,0,0,0.99,7757.79,94.4,-0.13,-65.54,11260,0,0.14,342,0,27.72
357,260,1.09,7.116425756,0,0,0.99,7496.25,94.45,-0.13,-65.54,10967,0,0.14,340,0,29.12
358,259,1.11,60.27906404,0,0,0.99,7246.06,94.5,-0.13,-65.53,10681,0,0.14,338,0,30.51
359,257,1.13,91.08478719,0,0,0.99,6986.99,94.54,-0.13,-65.53,10380,0,0.14,336,0,32.01
360,255,1.15,39.15706983,0,0,0.99,6734.48,94.58,-0.13,-65.53,10083,0,0.14,333,0,33.52
361,253,1.16,45.96093352,0,0,0.99,6483.58,94.62,-0.13,-65.52,9785,0,0.14,331,0,35.08
362,251,1.17,1.774220331,0,0,0.99,6239.37,94.66,-0.13,-65.52,9491,0,0.14,328,0,36.66
363,249,1.18,54.91025033,0,0,0.99,5987.04,94.7,-0.13,-65.51,9186,0,0.14,326,0,38.35
364,247,1.18,41.6769056,0,0,0.99,5746.47,94.73,-0.13,-65.51,8894,0,0.14,323,0,40.02
365,245,1.19,96.31140339,0,0,0.99,5498.06,94.77,-0.13,-65.51,8591,0,0.14,321,0,41.81
366,243,1.19,19.18556866,0,0,0.99,5261.34,94.8,-0.13,-65.51,8301,0,0.14,318,0,43.57
367,240,1.19,22.01898586,0,0,0.99,5012.26,94.83,-0.13,-65.5,7996,0,0.14,316,0,45.49
368,238,1.2,74.89520991,0,0,0.99,4784.3,94.86,-0.13,-65.5,7716,0,0.14,314,0,47.31
369,236,1.2,52.80400993,0,0,0.99,4539.47,94.89,-0.13,-65.5,7416,0,0.14,311,0,49.32
370,234,1.2,82.01454882,0,0,0.99,4310.81,94.92,-0.13,-65.49,7135,0,0.14,309,0,51.26
371,232,1.2,11.9017798,0,0,0.99,4074.92,94.94,-0.13,-65.49,6846,0,0.14,306,0,53.33
372,230,1.2,52.7110159,0,0,0.99,3854.84,94.97,-0.13,-65.49,6576,0,0.14,304,0,55.33
373,227,1.2,98.68209276,0,0,0.99,3618.55,94.99,-0.13,-65.49,6287,0,0.14,302,0,57.53
374,225,1.19,60.10427834,0,0,0.99,3402.37,95.02,-0.13,-65.48,6023,0,0.13,299,0,59.61
375,223,1.19,95.56734615,0,0,0.99,3174.72,95.04,-0.13,-65.48,5745,0,0.13,297,0,61.87
376,221,1.19,21.56486128,0,0,0.99,2957.96,95.06,-0.13,-65.48,5481,0,0.13,295,0,64.08
377,219,1.19,34.69395534,0,0,0.99,2734.39,95.08,-0.13,-65.48,5209,0,0.13,293,0,66.43
378,217,1.19,91.99146539,0,0,0.99,2517.2,95.1,-0.13,-65.48,4945,0,0.13,291,0,68.78
379,215,1.19,49.82575023,0,0,0.99,2297.71,95.12,-0.13,-65.47,4679,0,0.13,289,0,71.22
380,213,1.19,75.61562306,0,0,0.99,2093.01,95.13,-0.13,-65.47,4430,0,0.13,287,0,73.56
381,211,1.2,27.78897083,0,0,0.99,1873.31,95.15,-0.13,-65.47,4163,0,0.13,285,0,76.14
382,207,1.57,24.87723721,0,0,0.99,1672.98,95.17,-0.13,-65.47,3878,0,0.13,281,0,78.55
383,196,2.04,8.556309437,0,0,0.99,1463.63,95.18,-0.13,-65.47,3449,0,0.13,273,0,81.15
384,188,1.92,11.01096678,0,0,0.99,1279.68,95.19,-0.13,-65.47,3092,0,0.13,266,0,83.48
385,180,1.82,47.42833753,0,0,0.99,1089.04,95.21,-0.13,-65.47,2748,0,0.13,259,0,85.96
386,172,1.77,30.660595,0,0,0.99,917.22,95.22,-0.13,-65.47,2436,0,0.13,253,0,88.24
387,164,1.98,24.9539715,0,0,0.99,749.43,95.23,-0.13,-65.46,2126,0,0.13,247,0,90.52
388,146,3.16,87.21037904,0,0,0.99,593.57,95.24,-0.13,-65.46,1694,0,0.13,235,0,92.68
389,94,8.34,54.91528378,0,0,0.99,469.04,95.24,-0.13,-65.46,921,0,0.13,203,0,94.45
390,45,4.75,39.87774024,0,0,0.99,403.74,95.25,-0.13,-65.46,507,0,0.13,183,0,95.39
391,22,2.85,4.477170714,0,0,0.99,371.59,95.25,-0.13,-65.46,397,0,0.13,177,0,95.86
392,13,1.8,37.50220894,0,0,0.99,354.7,95.25,-0.13,-65.46,363,0,0.13,176,0,96.11
393,8,1.48,15.36764353,0,0,0.99,344.03,95.25,-0.13,-65.46,348,0,0.13,175,0,96.26
394,6,1.21,49.29344851,0,0,0.99,337.09,95.25,-0.13,-65.46,339,0,0.13,175,0,96.36
395,6,0.96,27.43402846,0,0,0.99,331.54,95.25,-0.13,-65.46,333,0,0.13,175,0,96.44
396,6,1,36.02152589,0,0,0.99,326.15,95.25,-0.13,-65.46,328,0,0.13,175,0,96.52
397,6,0.99,13.83170855,0,0,0.99,320.5,95.25,-0.13,-65.46,322,0,0.13,175,0,96.6
398,6,1.01,1.431065182,0,0,0.99,315.02,95.25,-0.13,-65.46,317,0,0.13,175,0,96.68
399,5,0.98,45.99815968,0,0,0.99,309.45,95.25,-0.13,-65.46,311,0,0.13,175,0,96.76
400,5,1.01,85.95620544,0,0,0.99,304.06,95.25,-0.13,-65.46,306,0,0.13,175,0,96.84
401,6,0.98,70.34052185,0,0,0.99,298.38,95.25,-0.13,-65.46,300,0,0.13,175,0,96.92
402,5,0.98,12.92094104,0,0,0.99,293.04,95.25,-0.13,-65.46,295,0,0.13,175,0,97
403,5,1,34.70427533,0,0,0.99,287.62,95.25,-0.13,-65.46,289,0,0.13,175,0,97.08
404,5,0.99,25.47603363,0,0,0.99,282.34,95.25,-0.13,-65.46,284,0,0.13,175,0,97.15
405,6,1,84.77240951,0,0,0.99,276.84,95.25,-0.13,-65.46,279,0,0.13,175,0,97.23
406,5,0.98,67.75162319,0,0,0.99,271.44,95.25,-0.13,-65.46,273,0,0.13,175,0,97.31
407,6,0.98,4.508998712,0,0,0.99,265.91,95.25,-0.13,-65.46,268,0,0.13,175,0,97.39
408,5,1.02,2.836841378,0,0,0.99,260.36,95.25,-0.13,-65.46,262,0,0.13,175,0,97.47
409,6,0.94,91.46743003,0,0,0.99,254.93,95.25,-0.13,-65.46,257,0,0.13,175,0,97.55
410,5,0.97,0.595503769,0,0,0.99,249.41,95.25,-0.13,-65.46,251,0,0.13,175,0,97.63
411,5,1.07,74.81880296,0,0,0.99,243.83,95.25,-0.13,-65.46,245,0,0.13,175,0,97.71
412,5,1.02,48.26863732,0,0,0.99,238.35,95.25,-0.13,-65.46,240,0,0.13,175,0,97.79
413,5,1.06,24.26123134,0,0,0.99,232.82,95.25,-0.13,-65.46,234,0,0.13,175,0,97.87
414,6,1,69.2938969,0,0,0.99,227.31,95.25,-0.13,-65.46,229,0,0.13,175,0,97.95
415,6,1,48.8619275,0,0,0.99,221.74,95.25,-0.13,-65.46,223,0,0.13,175,0,98.04
416,5,0.94,46.62478609,0,0,0.99,216.39,95.25,-0.13,-65.46,218,0,0.13,175,0,98.11
417,5,1,95.61236613,0,0,0.99,210.93,95.25,-0.13,-65.46,213,0,0.13,175,0,98.19
418,5,1.07,87.94622914,0,0,0.99,205.36,95.25,-0.13,-65.46,207,0,0.13,175,0,98.28
419,5,0.96,57.99814104,0,0,0.99,199.96,95.25,-0.13,-65.46,202,0,0.13,175,0,98.35
420,5,1.06,58.76436281,0,0,0.99,194.47,95.25,-0.13,-65.46,196,0,0.13,175,0,98.44
421,6,1,3.39852049,0,0,0.99,188.97,95.25,-0.13,-65.46,191,0,0.13,175,0,98.52
422,5,0.98,44.95630041,0,0,0.99,183.59,95.25,-0.13,-65.46,185,0,0.13,175,0,98.6
423,5,0.96,47.78736332,0,0,0.99,178.26,95.25,-0.13,-65.46,180,0,0.13,175,0,98.67
424,5,1.03,92.1524895,0,0,0.99,172.83,95.25,-0.13,-65.46,174,0,0.13,175,0,98.75
425,5,0.96,56.02754179,0,0,0.99,167.53,95.25,-0.13,-65.46,169,0,0.13,175,0,98.83
426,5,1.03,31.54923747,0,0,0.99,162.07,95.25,-0.13,-65.46,164,0,0.13,175,0,98.91
427,5,1.02,33.5018301,0,0,0.99,156.62,95.25,-0.13,-65.46,158,0,0.13,175,0,98.99
428,6,1.04,26.75840388,0,0,0.99,150.97,95.25,-0.13,-65.46,153,0,0.13,175,0,99.08
429,6,0.95,98.7595007,0,0,0.99,145.43,95.25,-0.13,-65.46,147,0,0.13,175,0,99.16
430,5,1.05,7.722715083,0,0,0.99,140.21,95.25,-0.13,-65.46,142,0,0.13,175,0,99.23
431,6,1,47.66834587,0,0,0.99,134.55,95.25,-0.13,-65.46,136,0,0.13,175,0,99.32
432,6,0.97,97.59261914,0,0,0.99,129.28,95.25,-0.13,-65.46,131,0,0.13,175,0,99.4
433,5,0.95,92.57900009,0,0,0.99,123.72,95.25,-0.13,-65.46,125,0,0.13,175,0,99.48
434,5,0.98,40.55527534,0,0,0.99,118.56,95.25,-0.13,-65.46,120,0,0.13,175,0,99.55
435,5,1,37.21309359,0,0,0.99,113.09,95.25,-0.13,-65.46,115,0,0.13,175,0,99.63
436,6,1.01,95.75999074,0,0,0.99,107.84,95.25,-0.13,-65.46,110,0,0.13,175,0,99.71
437,5,1.03,66.21943299,0,0,0.99,102.15,95.25,-0.13,-65.46,104,0,0.13,175,0,99.8
438,5,1.02,42.53518964,0,0,0.99,96.93,95.25,-0.13,-65.46,99,0,0.13,175,0,99.87
439,5,0.96,56.57594646,0,0,0.99,91.5,95.25,-0.13,-65.46,93,0,0.13,175,0,99.96
440,5,1,11.74793276,0,0,0.99,86.18,95.25,-0.13,-65.46,88,0,0.13,175,0,100.03
441,5,1,43.00390703,0,0,0.99,80.65,95.25,-0.13,-65.46,82,0,0.13,175,0,100.12
442,5,1.01,22.17835657,0,0,0.99,75.34,95.25,-0.13,-65.46,77,0,0.13,175,0,100.2
443,5,1,47.77360976,0,0,0.99,69.83,95.25,-0.13,-65.46,71,0,0.13,175,0,100.28
444,5,1.06,9.477785869,0,0,0.99,64.44,95.25,-0.13,-65.46,66,0,0.13,175,0,100.36
445,6,1.01,20.22819478,0,0,0.99,58.85,95.25,-0.13,-65.46,61,0,0.13,175,0,100.44
446,5,1,6.966869583,0,0,0.99,53.51,95.25,-0.13,-65.46,55,0,0.13,175,0,100.52
447,5,1.02,61.44087068,0,0,0.99,47.93,95.25,-0.13,-65.46,50,0,0.13,175,0,100.6
448,5,0.95,96.08053181,0,0,0.99,42.68,95.25,-0.13,-65.46,44,0,0.13,175,0,100.68
449,5,0.98,21.31184995,0,0,0.99,37.17,95.25,-0.13,-65.46,39,0,0.13,175,0,100.76
450,5,1,16.96579326,0,0,0.99,31.85,95.25,-0.13,-65.46,33,0,0.13,175,0,100.84
451,6,0.99,60.00608544,0,0,0.99,26.16,95.25,-0.13,-65.46,28,0,0.13,175,0,100.93
452,5,0.98,52.27258454,0,0,0.99,21.01,95.25,-0.13,-65.46,23,0,0.13,175,0,101.01
453,5,1,44.53997392,0,0,0.99,15.58,95.25,-0.13,-65.46,17,0,0.13,175,0,101.09
454,5,0.99,85.67780931,0,0,0.99,10.61,95.25,-0.13,-65.46,12,0,0.13,175,0,101.16
455,5,0.97,80.88100515,0,0,0.99,5.08,95.25,-0.13,-65.46,7,0,0.13,175,0,101.25
456,3,1.57,69.20234728,0,0,0.99,-0.01,95.25,-0.13,-65.46,1,0,0.13,175,0,101.32
457,1,1.03,93.35633851,0,0,0.99,-0.04,95.25,-0.13,-65.46,0,0,0.13,175,0,101.32
458,0,0.89,34.89186059,0,0,0.99,0.14,95.25,-0.13,-65.46,0,0,0.13,175,0,101.32
459,0,1.05,38.23944335,0,0,0.99,-0.04,95.25,-0.13,-65.46,0,0,0.13,175,0,101.32
460,0,0.97,69.74828557,0,0,0.99,0.04,95.25,-0.13,-65.46,0,0,0.13,175,0,101.32
461,0,1,96.25615685,0,0,0.99,0.01,95.25,-0.13,-65.46,0,0,0.13,175,0,101.32
462,0,0.99,26.56331459,0,0,0.99,0.02,95.25,-0.13,-65.46,0,0,0.13,175,0,101.32
463,0,0.99,17.22112996,0,0,0.99,0.02,95.25,-0.13,-65.46,0,0,0.13,175,0,101.32
464,0,1,46.48700399,0,0,0.99,0.02,95.25,-0.13,-65.46,0,0,0.13,175,0,101.32
465,0,0.99,87.87307323,0,0,0.99,0.02,95.25,-0.13,-65.46,0,0,0.13,175,0,101.32
466,0,1,81.65242903,0,0,0.99,0.02,95.25,-0.13,-65.46,0,0,0.13,175,0,101.32
467,0,1,89.44872702,0,0,0.99,0.02,95.25,-0.13,-65.46,0,0,0.13,175,0,101.32
468,0,1,96.70853367,0,0,0.99,0.02,95.25,-0.13,-65.46,0,0,0.13,175,0,101.32
469,0,1,7.495977231,0,0,0.99,0.02,95.25,-0.13,-65.46,0,0,0.13,175,0,101.32
470,0,1,73.85653737,0,0,0.99,0.02,95.25,-0.13,-65.46,0,0,0.13,175,0,101.32
471,0,1,59.56637293,0,0,0.99,0.02,95.25,-0.13,-65.46,0,0,0.13,175,0,101.32
472,0,1,85.86439287,0,0,0.99,0.02,95.25,-0.13,-65.46,0,0,0.13,175,0,101.32
473,0,1,49.89350953,0,0,0.99,0.02,95.25,-0.13,-65.46,0,0,0.13,175,0,101.32
474,0,1,3.899323511,0,0,0.99,0.02,95.25,-0.13,-65.46,0,0,0.13,175,0,101.32
475,0,1,91.75192412,0,0,0.99,0.02,95.25,-0.13,-65.46,0,0,0.13,175,0,101.32
476,0,1,26.82419804,0,0,0.99,0.02,95.25,-0.13,-65.46,0,0,0.13,175,0,101.32
477,0,1,37.8884286,0,0,0.99,0.02,95.25,-0.13,-65.46,0,0,0.13,175,0,101.32
478,0,1,1.554366172,0,0,0.99,0.02,95.25,-0.13,-65.46,0,0,0.13,175,0,101.32
479,0,1,7.278502869,0,0,0.99,0.02,95.25,-0.13,-65.46,0,0,0.13,175,0,101.32