Time,Velocity,GForce,Acceleration,Thrust,TWR,Mass,AltitudeFromTerrain,DownrangeDistance,Latitude,Longitude,Apoapsis,Periapsis,Inclination,OrbitalVelocity,VesselDeltaV,Pressure
1,7,2.14,11.27,112.84,2.15,5.36,79.82,0,-0.1,-74.56,80,0,0.1,175,1523,100.17
2,18,2.16,11.44,112.88,2.16,5.31,91.66,0,-0.1,-74.56,105,0,0.1,176,1505,100
3,30,2.18,11.61,112.97,2.19,5.26,116.41,0,-0.1,-74.56,159,0,0.1,177,1483,99.63
4,41,2.19,11.76,113.12,2.21,5.22,150.44,0,-0.1,-74.56,234,0,0.1,180,1463,99.13
5,53,2.21,11.92,113.27,2.23,5.17,198.51,0,-0.1,-74.56,341,0,0.1,183,1446,98.43
6,65,2.22,12.05,113.52,2.26,5.13,257.7,0,-0.1,-74.56,473,0,0.1,186,1425,97.57
7,77,2.23,12.18,113.81,2.28,5.08,328.95,0,-0.1,-74.56,632,0,0.1,192,1405,96.54
8,89,2.25,12.3,114.09,2.31,5.04,412.39,0,-0.1,-74.56,821,0,0.1,197,1389,95.34
9,102,2.25,12.44,114.49,2.34,4.99,508.07,0,-0.1,-74.56,1037,0,0.1,205,1370,93.99
10,114,2.25,12.63,114.94,2.37,4.94,615.84,0.01,-0.1,-74.56,1278,0,0.1,214,1350,92.48
11,126,2.26,12.96,115.33,2.4,4.9,735.57,0.02,-0.1,-74.56,1544,0,0.1,225,1335,90.82
12,138,2.28,13.25,115.88,2.43,4.85,867.13,0.03,-0.1,-74.55,1836,0,0.1,236,1316,89.03
13,151,2.3,13.23,116.46,2.47,4.81,1010.43,0.05,-0.1,-74.55,2156,0,0.11,248,1297,87.12
14,164,2.31,13.55,116.97,2.5,4.76,1165.9,0.08,-0.1,-74.55,2510,0,0.11,260,1281,85.08
15,177,2.34,13.66,117.64,2.54,4.71,1333.75,0.11,-0.1,-74.55,2898,0,0.12,272,1262,82.91
16,191,2.35,13.91,118.35,2.58,4.67,1514.19,0.14,-0.1,-74.54,3315,0,0.12,285,1243,80.64
17,204,2.36,14.6,118.96,2.62,4.62,1707.17,0.19,-0.1,-74.54,3756,0,0.13,298,1227,78.27
18,218,2.37,14.59,119.76,2.67,4.58,1912.25,0.24,-0.1,-74.54,4224,0,0.13,312,1207,75.8
19,232,2.39,14.76,120.58,2.71,4.53,2129.57,0.29,-0.1,-74.53,4724,0,0.14,326,1187,73.26
20,246,2.41,15.03,121.26,2.75,4.48,2358.84,0.36,-0.1,-74.52,5241,0,0.15,341,1171,70.66
21,260,2.44,15.26,122.15,2.8,4.44,2600.36,0.44,-0.1,-74.52,5805,0,0.15,356,1150,68
22,275,2.47,15.46,123.04,2.85,4.39,2849.41,0.52,-0.1,-74.51,6399,0,0.16,371,1129,65.34
23,291,2.5,15.77,123.79,2.9,4.35,3127.73,0.62,-0.1,-74.5,7083,0,0.17,386,1111,62.47
24,306,2.5,15.59,124.74,2.95,4.3,3397.74,0.71,-0.1,-74.49,7750,0,0.17,401,1089,59.78
25,322,2.48,15.51,125.69,3.01,4.25,3704.42,0.82,-0.1,-74.48,8507,0,0.18,417,1066,56.84
26,336,2.51,15.7,126.47,3.06,4.21,4000.6,0.93,-0.1,-74.47,9246,0,0.18,431,1047,54.12
27,353,2.58,16.36,127.45,3.12,4.16,4336.06,1.06,-0.1,-74.46,10107,0,0.19,447,1022,51.16
28,369,2.63,16.78,128.43,3.18,4.12,4659.86,1.18,-0.1,-74.44,10963,0,0.19,463,997,48.44
29,387,2.66,17.08,129.21,3.23,4.07,5026.43,1.32,-0.1,-74.43,11949,0,0.19,480,976,45.49
30,403,2.7,17.51,130.2,3.29,4.03,5379.76,1.46,-0.1,-74.42,12920,0,0.2,496,949,42.79
31,422,2.88,19.21,146.82,3.76,3.98,5771.47,1.61,-0.1,-74.4,14044,0,0.2,514,921,39.95
32,454,4.51,35.24,196.92,5.11,3.91,6178.47,1.77,-0.1,-74.39,15812,0,0.21,544,887,37.17
33,490,4.64,36.51,198.41,5.25,3.85,6618.28,1.94,-0.1,-74.37,17917,0,0.22,579,838,34.34
34,527,4.79,37.98,199.88,5.39,3.78,7082.73,2.12,-0.1,-74.36,20232,0,0.22,614,789,31.55
35,567,4.96,39.67,201.07,5.51,3.71,7602.79,2.32,-0.1,-74.34,22943,0,0.23,653,747,28.64
36,607,5.12,41.23,202.55,5.66,3.64,8139.21,2.53,-0.1,-74.32,25866,0,0.23,691,694,25.87
37,650,5.26,42.58,203.98,5.82,3.57,8737.29,2.76,-0.1,-74.29,29260,0,0.24,733,639,23.05
38,693,5.4,44,205.09,5.95,3.5,9351.4,2.99,-0.1,-74.27,32891,0,0.24,775,592,20.43
39,739,5.56,45.61,206.41,6.12,3.43,10033.13,3.25,-0.1,-74.25,37105,0,0.25,820,532,17.87
40,785,5.72,47.23,207.6,6.28,3.37,10730.53,3.51,-0.1,-74.22,41622,0,0.25,864,470,15.59
41,835,5.9,48.93,208.5,6.42,3.3,11517.74,3.81,-0.1,-74.19,46973,0,0.26,914,419,13.36
42,884,6.06,50.54,209.54,6.61,3.23,12305.49,4.1,-0.1,-74.17,52597,0,0.26,962,350,11.45
43,936,6.23,52.24,210.43,6.79,3.16,13156.87,4.41,-0.1,-74.14,58990,0,0.27,1013,282,9.69
44,989,6.41,54.06,211.09,6.94,3.09,14057.95,4.75,-0.1,-74.1,66129,0,0.27,1065,224,8.12
45,1045,6.61,56.04,211.79,7.13,3.02,15010.5,5.09,-0.1,-74.07,74124,0,0.28,1120,151,6.74
46,1102,6.83,58.19,212.4,7.33,2.96,16016.45,5.46,-0.1,-74.04,83107,0,0.28,1177,76,5.53
47,1162,7.06,60.48,212.83,7.49,2.89,17077.89,5.84,-0.1,-74,93239,0,0.28,1236,12,4.5
48,1153,0.36,12.23,0,0,2.88,18164.4,6.24,-0.1,-73.96,93247,0,0.28,1228,0,3.64
49,1141,0.28,11.5,0,0,2.88,19260.81,6.63,-0.1,-73.92,92827,0,0.28,1216,0,2.95
50,1131,0.23,11.01,0,0,2.88,20282.37,7,-0.1,-73.89,92512,0,0.28,1206,0,2.42
51,1120,0.19,10.58,0,0,2.88,21378.21,7.4,-0.1,-73.85,92239,0,0.28,1196,0,1.97
52,1110,0.15,10.24,0,0,2.88,22380.09,7.76,-0.1,-73.82,92040,0,0.28,1187,0,1.63
53,1100,0.12,9.95,0,0,2.88,23455.33,8.16,-0.1,-73.78,91867,0,0.28,1177,0,1.33
54,1091,0.1,9.73,0,0,2.88,24438.74,8.51,-0.1,-73.74,91739,0,0.28,1168,0,1.1
55,1082,0.08,9.54,0,0,2.88,25494.44,8.9,-0.1,-73.71,91628,0,0.28,1159,0,0.91
56,1073,0.07,9.39,0,0,2.88,26460.17,9.26,-0.1,-73.67,91544,0,0.28,1151,0,0.76
57,1064,0.06,9.25,0,0,2.88,27497.03,9.64,-0.1,-73.64,91472,0,0.28,1142,0,0.63
58,1055,0.05,9.14,0,0,2.88,28465.31,10,-0.1,-73.6,91417,0,0.28,1134,0,0.53
59,1047,0.04,9.05,0,0,2.88,29444.66,10.36,-0.1,-73.57,91371,0,0.28,1126,0,0.44
60,1038,0.03,8.97,0,0,2.88,30415.34,10.72,-0.1,-73.53,91334,0,0.28,1118,0,0.37
61,1029,0.03,8.9,0,0,2.88,31377.42,11.08,-0.1,-73.5,91304,0,0.28,1110,0,0.32
62,1021,0.02,8.84,0,0,2.88,32330.95,11.44,-0.1,-73.47,91279,0,0.28,1102,0,0.27
63,1013,0.02,8.79,0,0,2.88,33276,11.79,-0.1,-73.43,91258,0,0.28,1095,0,0.23
64,1004,0.02,8.74,0,0,2.88,34212.61,12.15,-0.1,-73.4,91241,0,0.28,1087,0,0.2
65,996,0.01,8.7,0,0,2.88,35140.83,12.5,-0.11,-73.36,91227,0,0.28,1079,0,0.17
66,988,0.01,8.65,0,0,2.88,36060.7,12.85,-0.11,-73.33,91215,0,0.28,1072,0,0.15
67,980,0.01,8.62,0,0,2.88,36972.25,13.2,-0.11,-73.3,91205,0,0.28,1064,0,0.13
68,972,0.01,8.58,0,0,2.88,37875.52,13.55,-0.11,-73.26,91197,0,0.28,1057,0,0.11
69,964,0.01,8.55,0,0,2.88,38770.54,13.89,-0.11,-73.23,91190,0,0.28,1049,0,0.1
70,956,0.01,8.52,0,0,2.88,39657.34,14.24,-0.11,-73.2,91184,0,0.28,1042,0,0.08
71,948,0.01,8.49,0,0,2.88,40535.96,14.58,-0.11,-73.17,91179,0,0.28,1034,0,0.07
72,940,0.01,8.46,0,0,2.88,41406.4,14.92,-0.11,-73.13,91175,0,0.28,1027,0,0.06
73,932,0.01,8.44,0,0,2.88,42268.72,15.26,-0.11,-73.1,91171,0,0.28,1020,0,0.06
74,924,0,8.41,0,0,2.88,43105.91,15.59,-0.11,-73.07,91168,0,0.28,1013,0,0.05
75,916,0,8.38,0,0,2.88,43985.86,15.95,-0.11,-73.04,91165,0,0.28,1005,0,0.04
76,909,0,8.36,0,0,2.88,44790.38,16.27,-0.11,-73,91162,0,0.28,998,0,0.04
77,901,0,8.34,0,0,2.88,45653.58,16.62,-0.11,-72.97,91160,0,0.28,991,0,0.03
78,893,0,8.31,0,0,2.88,46442.68,16.94,-0.11,-72.94,91158,0,0.28,984,0,0.03
79,885,0,8.29,0,0,2.88,47289.22,17.28,-0.11,-72.91,91157,0,0.28,977,0,0.02
80,878,0,8.27,0,0,2.88,48062.97,17.6,-0.11,-72.88,91155,0,0.28,970,0,0.02
81,870,0,8.25,0,0,2.88,48892.93,17.94,-0.11,-72.84,91154,0,0.28,963,0,0.02
82,863,0,8.22,0,0,2.88,49651.43,18.26,-0.11,-72.81,91153,0,0.28,956,0,0.02
83,855,0,8.2,0,0,2.88,50464.9,18.6,-0.11,-72.78,91152,0,0.28,949,0,0.01
84,848,0,8.18,0,0,2.88,51208.21,18.91,-0.11,-72.75,91151,0,0.28,943,0,0.01
85,840,0,8.16,0,0,2.88,52005.27,19.25,-0.11,-72.72,91150,0,0.28,936,0,0.01
86,833,0,8.14,0,0,2.88,52733.47,19.56,-0.11,-72.69,91149,0,0.28,929,0,0.01
87,825,0,8.12,0,0,2.88,53514.19,19.89,-0.11,-72.66,91149,0,0.28,922,0,0.01
88,818,0,8.1,0,0,2.88,54227.35,20.2,-0.11,-72.63,91148,0,0.28,916,0,0.01
89,810,0,8.08,0,0,2.88,54977.19,20.53,-0.11,-72.6,91148,0,0.28,909,0,0.01
90,803,0,8.07,0,0,2.88,55704.46,20.85,-0.11,-72.57,91147,0,0.28,902,0,0.01
91,795,0,8.05,0,0,2.88,56423.96,21.16,-0.11,-72.54,91147,0,0.28,896,0,0
92,788,0,8.03,0,0,2.88,57135.7,21.48,-0.11,-72.51,91146,0,0.28,889,0,0
93,781,0,8.01,0,0,2.88,57839.7,21.8,-0.11,-72.48,91146,0,0.28,883,0,0
94,774,0,8,0,0,2.88,58535.98,22.11,-0.11,-72.45,91146,0,0.28,876,0,0
95,766,0,7.98,0,0,2.88,59224.55,22.42,-0.11,-72.42,91145,0,0.28,870,0,0
96,759,0,7.96,0,0,2.88,59905.43,22.74,-0.11,-72.39,91145,0,0.28,863,0,0
97,752,0,7.94,0,0,2.88,60578.63,23.05,-0.11,-72.36,91145,0,0.28,857,0,0
98,745,0,7.93,0,0,2.88,61230.93,23.35,-0.11,-72.33,91145,0,0.28,851,0,0
99,738,0,7.91,0,0,2.88,61902.06,23.67,-0.11,-72.3,91144,0,0.28,844,0,0
100,731,0,7.9,0,0,2.88,62539.39,23.97,-0.11,-72.27,91144,0,0.28,838,0,0
101,724,0,7.88,0,0,2.88,63194.97,24.28,-0.11,-72.24,91144,0,0.28,832,0,0
102,717,0,7.87,0,0,2.88,63817.39,24.59,-0.11,-72.21,91144,0,0.28,826,0,0
103,709,0,7.85,0,0,2.88,64469.94,24.9,-0.11,-72.18,91144,0,0.28,820,0,0
104,703,0,7.84,0,0,2.88,65065.03,25.2,-0.11,-72.15,91144,0,0.28,814,0,0
105,695,0,7.82,0,0,2.88,65701.84,25.51,-0.11,-72.12,91143,0,0.28,808,0,0
106,689,0,7.81,0,0,2.88,66282.43,25.8,-0.11,-72.09,91143,0,0.28,802,0,0
107,682,0,7.79,0,0,2.88,66891.69,26.11,-0.11,-72.06,91143,0,0.28,796,0,0
108,675,0,7.78,0,0,2.88,67481.41,26.41,-0.11,-72.04,91143,0,0.28,790,0,0
109,668,0,7.76,0,0,2.88,68063.63,26.71,-0.11,-72.01,91143,0,0.28,784,0,0
110,661,0,7.75,0,0,2.88,68638.35,27.01,-0.11,-71.98,91143,0,0.28,778,0,0
111,655,0,7.74,0,0,2.88,69205.59,27.31,-0.12,-71.95,91143,0,0.28,772,0,0
112,648,0,7.72,0,0,2.88,69754.24,27.6,-0.12,-71.92,91143,0,0.28,767,0,0
113,641,0,7.71,0,0,2.88,70328.64,27.91,-0.12,-71.89,91143,0,0.28,761,0,0
114,635,0,7.7,0,0,2.88,70851.72,28.2,-0.12,-71.86,91143,0,0.28,755,0,0
115,628,0,7.68,0,0,312,71410.65,28.51,-0.12,-71.84,91142,0,0.28,750,0,0
116,621,0,7.67,0,0,2.88,71919.46,28.79,-0.12,-71.81,91142,0,0.28,744,0,0
117,615,0,7.66,0,0,2.88,72462.97,29.1,-0.12,-71.78,91142,0,0.28,739,0,0
118,608,0,7.65,0,0,2.88,72957.56,29.38,-0.12,-71.75,91142,0,0.28,733,0,0
119,602,0,7.64,0,0,2.88,73485.69,29.68,-0.12,-71.72,91142,0,0.28,728,0,0
120,595,0,7.63,0,0,2.88,73966.11,29.96,-0.12,-71.7,91142,0,0.28,722,0,0
121,589,0,7.61,0,0,2.88,74478.9,30.27,-0.12,-71.67,91142,0,0.28,717,0,0
122,583,0,7.6,0,0,2.88,74945.19,30.54,-0.12,-71.64,91142,0,0.28,712,0,0
123,576,0,7.59,0,0,2.88,75442.69,30.85,-0.12,-71.61,91142,0,0.28,706,0,0
124,570,0,7.58,0,0,2.88,75894.88,31.12,-0.12,-71.59,91142,0,0.28,701,0,0
125,563,0,7.57,0,0,2.88,76377.14,31.43,-0.12,-71.56,91142,0,0.28,696,0,0
126,557,0,7.56,0,0,2.88,76815.27,31.7,-0.12,-71.53,91141,0,0.28,691,0,0
127,551,0,7.55,0,0,2.88,77282.32,32,-0.12,-71.5,91141,0,0.28,686,0,0
128,545,0,7.54,0,0,2.88,77715.2,32.28,-0.12,-71.47,91141,0,0.28,681,0,0
129,539,0,7.53,0,0,2.88,78158.31,32.57,-0.12,-71.45,91141,0,0.28,676,0,0
130,533,0,7.52,0,0,2.88,78568.45,32.85,-0.12,-71.42,91141,0,0.28,671,0,0
131,527,0,7.51,0,0,2.88,78996.87,33.14,-0.12,-71.39,91141,0,0.28,667,0,0
132,521,0,7.5,0,0,2.88,79409.56,33.42,-0.12,-71.37,91141,0,0.28,662,0,0
133,515,0,7.49,0,0,2.88,79823.03,33.71,-0.12,-71.34,91141,0,0.28,657,0,0
134,509,0,7.48,0,0,2.88,80213.19,33.99,-0.12,-71.31,91141,0,0.28,652,0,0
135,503,0,7.48,0,0,2.88,80611.89,34.28,-0.12,-71.28,91141,0,0.28,648,0,0
136,497,0,7.47,0,0,2.88,80987.87,34.56,-0.12,-71.26,91141,0,0.28,643,0,0
137,491,0,7.46,0,0,2.88,81364.38,34.84,-0.12,-71.23,91141,0,0.28,639,0,0
138,486,0,7.45,0,0,2.88,81733.67,35.12,-0.12,-71.2,91140,0,0.28,634,0,0
139,480,0,7.44,0,0,2.88,82095.77,35.4,-0.12,-71.18,91140,0,0.28,630,0,0
140,475,0,7.43,0,0,2.88,82450.66,35.68,-0.12,-71.15,91140,0,0.28,626,0,0
141,469,0,7.43,0,0,2.88,82798.36,35.96,-0.12,-71.12,91140,0,0.28,622,0,0
142,463,0,7.42,0,0,2.88,83138.89,36.24,-0.12,-71.1,91140,0,0.28,617,0,0
143,458,0,7.41,0,0,2.88,83472.23,36.52,-0.12,-71.07,91140,0,0.28,613,0,0
144,453,0,7.4,0,0,2.88,83798.47,36.8,-0.12,-71.04,91140,0,0.28,609,0,0
145,447,0,7.4,0,0,2.88,84117.51,37.08,-0.12,-71.02,91140,0,0.28,605,0,0
146,442,0,7.39,0,0,2.88,84429.3,37.36,-0.12,-70.99,91140,0,0.28,601,0,0
147,437,0,7.38,0,0,2.88,84733.93,37.63,-0.12,-70.96,91140,0,0.28,598,0,0
148,432,0,7.38,0,0,2.88,85025.62,37.91,-0.12,-70.94,91140,0,0.28,594,0,0
149,427,0,7.37,0,0,2.88,85321.94,38.19,-0.12,-70.91,91140,0,0.28,590,0,0
150,422,0,7.36,0,0,2.88,85605.18,38.46,-0.12,-70.88,91140,0,0.28,587,0,0
151,417,0,7.36,0,0,2.88,85881.37,38.74,-0.12,-70.86,91139,0,0.28,583,0,0
152,412,0,7.35,0,0,2.88,86150.45,39.02,-0.12,-70.83,91139,0,0.28,580,0,0
153,407,0,7.35,0,0,2.88,86412.37,39.29,-0.12,-70.81,91139,0,0.28,576,0,0
154,403,0,7.34,0,0,2.88,86667.18,39.57,-0.12,-70.78,91139,0,0.28,573,0,0
155,398,0,7.34,0,0,2.88,86914.92,39.84,-0.12,-70.75,91139,0,0.28,570,0,0
156,393,0,7.33,0,0,2.88,87155.55,40.11,-0.12,-70.73,91139,0,0.28,566,0,0
157,389,0,7.33,0,0,2.88,87389.06,40.39,-0.12,-70.7,91139,0,0.28,563,0,0
158,385,0,7.32,0,0,2.88,87615.51,40.66,-0.12,-70.67,91139,0,0.28,560,0,0
159,380,0,7.32,0,0,2.88,87834.87,40.94,-0.12,-70.65,91139,0,0.28,557,0,0
160,376,0,7.31,0,0,2.88,88042.96,41.2,-0.12,-70.62,91139,0,0.28,555,0,0
161,372,0,7.31,0,0,2.88,88256.36,41.49,-0.12,-70.6,91139,0,0.28,552,0,0
162,368,0,7.3,0,0,2.88,88446.56,41.75,-0.12,-70.57,91139,0,0.28,549,0,0
163,364,0,7.3,0,0,2.88,88641.51,42.03,-0.13,-70.54,91139,0,0.28,546,0,0
164,361,0,7.29,0,0,2.88,88821.89,42.29,-0.13,-70.52,91139,0,0.28,544,0,0
165,357,0,7.29,0,0,2.88,89002.43,42.57,-0.13,-70.49,91138,0,0.28,541,0,0
166,354,0,7.29,0,0,2.88,89168.98,42.84,-0.13,-70.47,91138,0,0.28,539,0,0
167,350,0,7.28,0,0,2.88,89335.12,43.11,-0.13,-70.44,91138,0,0.28,537,0,0
168,347,0,7.28,0,0,2.88,89487.84,43.38,-0.13,-70.42,91138,0,0.28,535,0,0
169,344,0,7.28,0,0,2.88,89642.51,43.66,-0.13,-70.39,91138,0,0.28,533,0,0
170,341,0,7.27,0,0,2.88,89778.52,43.92,-0.13,-70.36,91138,0,0.28,531,0,0
171,338,0,7.27,0,0,2.88,89918.54,44.2,-0.13,-70.34,91138,0,0.28,529,0,0
172,335,0,7.27,0,0,2.88,90041.03,44.46,-0.13,-70.31,91138,0,0.28,527,0,0
173,332,0,7.27,0,0,2.88,90166.41,44.74,-0.13,-70.29,91138,0,0.28,525,0,0
174,330,0,7.26,0,0,2.88,90275.39,45,-0.13,-70.26,91138,0,0.28,524,0,0
175,327,0,7.26,0,0,2.88,90386.14,45.28,-0.13,-70.23,91138,0,0.28,522,0,0
176,325,0,7.26,0,0,2.88,90481.62,45.54,-0.13,-70.21,91138,0,0.28,521,0,0
177,323,0,7.26,0,0,2.88,90577.75,45.82,-0.13,-70.18,91138,0,0.28,519,0,0
178,321,0,7.25,0,0,2.88,90659.74,46.08,-0.13,-70.16,91138,0,0.28,518,0,0
179,319,0,7.25,0,0,2.88,90741.26,46.36,-0.13,-70.13,91137,0,0.28,517,0,0
180,318,0,7.25,0,0,2.88,90809.76,46.62,-0.13,-70.11,91137,0,0.28,516,0,0
181,316,0,7.25,0,0,2.88,90876.67,46.9,-0.13,-70.08,91137,0,0.28,515,0,0
182,315,0,7.25,0,0,2.88,90931.7,47.16,-0.13,-70.05,91137,0,0.28,514,0,0
183,314,0,7.25,0,0,2.88,90984.01,47.44,-0.13,-70.03,91137,0,0.28,514,0,0
184,313,0,7.25,0,0,2.88,91025.56,47.7,-0.13,-70,91137,0,0.28,513,0,0
185,312,0,7.25,0,0,2.88,91063.27,47.98,-0.13,-69.98,91137,0,0.28,512,0,0
186,311,0,7.25,0,0,2.88,91091.35,48.24,-0.13,-69.95,91137,0,0.28,512,0,0
187,310,0,7.24,0,0,2.88,91114.47,48.52,-0.13,-69.92,91137,0,0.28,512,0,0
188,310,0,7.24,0,0,2.88,91129.07,48.77,-0.13,-69.9,91137,0,0.28,511,0,0
189,310,0,7.24,0,0,2.88,91137.6,49.05,-0.13,-69.87,91137,0,0.28,511,0,0
190,310,0,7.24,0,0,2.88,91138.73,49.31,-0.13,-69.85,91137,0,0.28,511,0,0
191,310,0,7.24,0,0,2.88,91132.67,49.59,-0.13,-69.82,91137,0,0.28,511,0,0
192,310,0,7.24,0,0,2.88,91120.34,49.85,-0.13,-69.8,91136,0,0.28,512,0,0
193,311,0,7.25,0,0,2.88,91099.68,50.13,-0.13,-69.77,91136,0,0.28,512,0,0
194,311,0,7.25,0,0,2.88,91073.88,50.39,-0.13,-69.75,91136,0,0.28,512,0,0
195,312,0,7.25,0,0,2.88,91038.63,50.67,-0.13,-69.72,91136,0,0.28,513,0,0
196,313,0,7.25,0,0,2.88,90999.35,50.93,-0.13,-69.69,91136,0,0.28,513,0,0
197,314,0,7.25,0,0,2.88,90949.51,51.21,-0.13,-69.67,91136,0,0.28,514,0,0
198,316,0,7.25,0,0,2.88,90896.76,51.47,-0.13,-69.64,91136,0,0.28,515,0,0
199,317,0,7.25,0,0,2.88,90832.31,51.75,-0.13,-69.62,91136,0,0.28,516,0,0
200,319,0,7.25,0,0,2.88,90766.08,52,-0.13,-69.59,91136,0,0.28,517,0,0
201,320,0,7.25,0,0,2.88,90687.03,52.28,-0.13,-69.57,91136,0,0.28,518,0,0
202,322,0,7.26,0,0,2.88,90607.32,52.54,-0.13,-69.54,91136,0,0.28,519,0,0
203,324,0,7.26,0,0,2.88,90513.66,52.82,-0.13,-69.51,91136,0,0.28,520,0,0
204,326,0,7.26,0,0,2.88,90420.45,53.08,-0.13,-69.49,91136,0,0.28,522,0,0
205,329,0,7.26,0,0,2.88,90312.17,53.36,-0.13,-69.46,91136,0,0.28,523,0,0
206,331,0,7.26,0,0,2.88,90205.47,53.62,-0.13,-69.44,91135,0,0.28,525,0,0
207,334,0,7.27,0,0,2.88,90082.56,53.9,-0.13,-69.41,91135,0,0.28,526,0,0
208,337,0,7.27,0,0,2.88,89962.35,54.16,-0.13,-69.39,91135,0,0.28,528,0,0
209,340,0,7.27,0,0,2.88,89824.8,54.44,-0.13,-69.36,91135,0,0.28,530,0,0
210,342,0,7.27,0,0,2.88,89691.07,54.7,-0.13,-69.33,91135,0,0.28,532,0,0
211,346,0,7.28,0,0,2.88,89538.88,54.99,-0.13,-69.31,91135,0,0.28,534,0,0
212,349,0,7.28,0,0,2.88,89391.63,55.25,-0.13,-69.28,91135,0,0.28,536,0,0
213,352,0,7.28,0,0,2.88,89224.77,55.53,-0.13,-69.26,91135,0,0.28,538,0,0
214,356,0,7.29,0,0,2.88,89063.98,55.79,-0.13,-69.23,91135,0,0.28,541,0,0
215,359,0,7.29,0,0,2.88,88886.01,56.07,-0.13,-69.2,91135,0,0.28,543,0,0
216,363,0,7.3,0,0,2.88,88708.11,56.33,-0.13,-69.18,91135,0,0.28,545,0,0
217,367,0,7.3,0,0,2.88,88515.73,56.61,-0.14,-69.15,91135,0,0.28,548,0,0
218,371,0,7.3,0,0,2.88,88323.98,56.88,-0.14,-69.13,91135,0,0.28,551,0,0
219,375,0,7.31,0,0,2.88,88117.19,57.16,-0.14,-69.1,91135,0,0.28,553,0,0
220,379,0,7.31,0,0,2.88,87911.57,57.42,-0.14,-69.07,91134,0,0.28,556,0,0
221,383,0,7.32,0,0,2.88,87690.34,57.7,-0.14,-69.05,91134,0,0.28,559,0,0
222,387,0,7.32,0,0,2.88,87470.84,57.97,-0.14,-69.02,91134,0,0.28,562,0,0
223,392,0,7.33,0,0,2.88,87235.16,58.25,-0.14,-69,91134,0,0.28,565,0,0
224,396,0,7.33,0,0,2.88,87001.76,58.52,-0.14,-68.97,91134,0,0.28,568,0,0
225,401,0,7.34,0,0,2.88,86751.6,58.8,-0.14,-68.94,91134,0,0.28,572,0,0
226,405,0,7.34,0,0,2.88,86504.29,59.07,-0.14,-68.92,91134,0,0.28,575,0,0
227,410,0,7.35,0,0,2.88,86239.64,59.35,-0.14,-68.89,91134,0,0.28,578,0,0
228,415,0,7.35,0,0,2.88,85978.39,59.62,-0.14,-68.86,91134,0,0.28,582,0,0
229,420,0,7.36,0,0,2.88,85699.23,59.9,-0.14,-68.84,91134,0,0.28,585,0,0
230,425,0,7.37,0,0,2.88,85418.33,60.18,-0.14,-68.81,91134,0,0.28,589,0,0
231,430,0,7.37,0,0,2.88,85130.31,60.45,-0.14,-68.78,91134,0,0.28,593,0,0
232,435,0,7.38,0,0,2.88,84841.13,60.72,-0.14,-68.76,91134,0,0.28,596,0,0
233,440,0,7.39,0,0,2.88,84526.74,61.01,-0.14,-68.73,91133,0,0.28,600,0,0
234,445,0,7.39,0,0,2.88,84229.68,61.28,-0.14,-68.71,91133,0,0.28,604,0,0
235,451,0,7.4,0,0,2.88,83900.42,61.57,-0.14,-68.68,91133,0,0.28,608,0,0
236,456,0,7.41,0,0,2.88,83589.61,61.84,-0.14,-68.65,91133,0,0.28,612,0,0
237,462,0,7.41,0,0,2.88,83252.14,62.12,-0.14,-68.63,91133,0,0.28,616,0,0
238,467,0,7.42,0,0,2.88,82914.04,62.4,-0.14,-68.6,91133,0,0.28,620,0,0
239,473,0,7.43,0,0,2.88,82568.76,62.68,-0.14,-68.57,91133,0,0.28,624,0,0
240,478,0,7.44,0,0,2.88,82216.3,62.96,-0.14,-68.55,91133,0,0.28,629,0,0
241,484,0,7.44,0,0,2.88,81856.63,63.24,-0.14,-68.52,91133,0,0.28,633,0,0
242,489,0,7.45,0,0,2.88,81489.77,63.52,-0.14,-68.49,91133,0,0.28,637,0,0
243,495,0,7.46,0,0,2.88,81115.7,63.81,-0.14,-68.46,91133,0,0.28,642,0,0
244,501,0,7.47,0,0,2.88,80734.41,64.09,-0.14,-68.44,91133,0,0.28,646,0,0
245,507,0,7.48,0,0,2.88,80345.89,64.37,-0.14,-68.41,91133,0,0.28,651,0,0
246,513,0,7.49,0,0,2.88,79950.15,64.65,-0.14,-68.38,91132,0,0.28,655,0,0
247,519,0,7.5,0,0,2.88,79547.16,64.94,-0.14,-68.36,91132,0,0.28,660,0,0
248,525,0,7.5,0,0,2.88,79136.92,65.22,-0.14,-68.33,91132,0,0.28,665,0,0
249,531,0,7.51,0,0,2.88,78719.42,65.51,-0.14,-68.3,91132,0,0.28,670,0,0
250,537,0,7.52,0,0,2.88,78294.66,65.79,-0.14,-68.27,91132,0,0.28,674,0,0
251,543,0,7.53,0,0,2.88,77862.62,66.08,-0.14,-68.25,91132,0,0.28,679,0,0
252,549,0,7.54,0,0,2.88,77432.15,66.36,-0.14,-68.22,91132,0,0.28,684,0,0
253,555,0,7.55,0,0,2.88,76976.67,66.65,-0.14,-68.19,91132,0,0.28,689,0,0
254,561,0,7.56,0,0,2.88,76522.75,66.94,-0.14,-68.17,91132,0,0.28,694,0,0
255,568,0,7.57,0,0,2.88,76061.51,67.23,-0.14,-68.14,91132,0,0.28,700,0,0
256,574,0,7.58,0,0,2.88,75592.95,67.52,-0.14,-68.11,91132,0,0.28,705,0,0
257,580,0,7.59,0,0,2.88,75117.06,67.81,-0.14,-68.08,91132,0,0.28,710,0,0
258,587,0,7.61,0,0,2.88,74633.83,68.1,-0.14,-68.05,91131,0,0.28,715,0,0
259,593,0,7.62,0,0,2.88,74133.36,68.4,-0.14,-68.03,91131,0,0.28,721,0,0
260,599,0,7.63,0,0,2.88,73655.33,68.68,-0.14,-68,91131,0,0.28,726,0,0
261,606,0,7.64,0,0,2.88,73129.79,68.98,-0.14,-67.97,91131,0,0.28,731,0,0
262,612,0,7.65,0,0,2.88,72637.59,69.26,-0.14,-67.94,91131,0,0.28,737,0,0
263,619,0,7.66,0,0,2.88,72096.68,69.57,-0.14,-67.91,91131,0,0.28,742,0,0
264,625,0,7.68,0,0,2.88,71590.27,69.85,-0.14,-67.89,91131,0,0.28,748,0,0
265,632,0,7.69,0,0,2.88,71033.95,70.16,-0.14,-67.86,91131,0,0.28,753,0,0
266,639,0,7.7,0,0,2.88,70513.28,70.45,-0.14,-67.83,91131,0,0.28,759,0,0
271,674,0,7.77,0,0,0.99,67496.47,72.04,-0.15,-67.68,91058,0,0.28,789,0,0
272,678,0,7.78,0,0,0.99,67108.8,72.24,-0.15,-67.66,91058,0,0.28,793,0,0
273,685,0,7.79,0,0,0.99,66491.29,72.55,-0.15,-67.63,91057,0,0.28,799,0,0
274,692,0,7.8,0,0,0.99,65914.05,72.84,-0.15,-67.6,91057,0,0.28,804,0,0
275,699,0,7.81,0,0,0.99,65293.13,73.15,-0.15,-67.57,91056,0,0.28,810,0,0
276,706,0,7.83,0,0,0.99,64676.77,73.46,-0.15,-67.54,91055,0,0.28,817,0,0
277,713,0,7.84,0,0,0.99,64040.29,73.77,-0.15,-67.51,91053,0,0.28,823,0,0
278,720,0,7.85,0,0,0.99,63421.35,74.07,-0.15,-67.49,91052,0,0.28,829,0,0
279,727,0,7.86,0,0,0.99,62769.43,74.38,-0.15,-67.46,91050,0,0.28,835,0,0
280,734,0,7.87,0,0,0.99,62135.63,74.68,-0.15,-67.43,91047,0,0.28,841,0,0
281,741,0,7.89,0,0,0.99,61481.37,74.99,-0.15,-67.4,91045,0,0.28,847,0,0
282,748,0,7.9,0,0,0.99,60819.49,75.3,-0.15,-67.37,91042,0,0.28,854,0,0
283,755,0,7.91,0,0,0.99,60150,75.61,-0.15,-67.34,91038,0,0.28,860,0,0
284,762,0,7.92,0,0,0.99,59472.86,75.92,-0.15,-67.31,91035,0,0.28,866,0,0
285,770,0.01,7.94,0,0,0.99,58788.09,76.23,-0.15,-67.28,91030,0,0.28,872,0,0
286,777,0.01,7.95,0,0,0.99,58095.65,76.55,-0.15,-67.25,91025,0,0.28,879,0,0
287,784,0.01,7.96,0,0,0.99,57395.55,76.86,-0.15,-67.22,91020,0,0.28,885,0,0
288,791,0.01,7.97,0,0,0.99,56687.77,77.18,-0.15,-67.19,91013,0,0.28,892,0,0
289,798,0.01,7.98,0,0,0.99,55972.31,77.49,-0.15,-67.16,91006,0,0.28,898,0,0.01
290,806,0.01,7.99,0,0,0.99,55263.68,77.81,-0.15,-67.13,90999,0,0.28,905,0,0.01
291,813,0.01,8,0,0,0.99,54503.58,78.14,-0.15,-67.1,90989,0,0.28,911,0,0.01
292,820,0.01,8.01,0,0,0.99,53794.54,78.45,-0.15,-67.07,90980,0,0.28,918,0,0.01
293,828,0.01,8.01,0,0,0.99,53018.39,78.78,-0.15,-67.04,90968,0,0.28,925,0,0.01
294,835,0.01,8.02,0,0,0.99,52294.52,79.09,-0.15,-67.01,90955,0,0.28,931,0,0.01
295,843,0.02,8.02,0,0,0.99,51502.3,79.42,-0.15,-66.97,90939,0,0.28,938,0,0.01
296,850,0.02,8.02,0,0,0.99,50763.61,79.74,-0.15,-66.94,90922,0,0.28,944,0,0.01
297,857,0.02,8.01,0,0,0.99,49955.33,80.07,-0.15,-66.91,90901,0,0.28,951,0,0.02
298,864,0.02,8.01,0,0,0.99,49201.81,80.39,-0.15,-66.88,90878,0,0.28,958,0,0.02
299,872,0.03,8,0,0,0.99,48377.48,80.73,-0.15,-66.85,90850,0,0.28,964,0,0.02
300,879,0.03,7.99,0,0,0.99,47609.17,81.04,-0.15,-66.82,90821,0,0.28,971,0,0.02
301,887,0.03,7.97,0,0,0.99,46768.84,81.39,-0.15,-66.79,90784,0,0.28,978,0,0.03
302,894,0.04,7.95,0,0,0.99,45985.8,81.7,-0.15,-66.76,90745,0,0.28,984,0,0.03
303,901,0.04,7.93,0,0,0.99,45129.54,82.05,-0.15,-66.72,90697,0,0.28,991,0,0.04
304,908,0.05,7.9,0,0,0.99,44315.14,82.38,-0.15,-66.69,90645,0,0.28,998,0,0.04
305,916,0.06,7.85,0,0,0.99,43476.62,82.71,-0.15,-66.66,90584,0,0.28,1004,0,0.05
306,923,0.06,7.81,0,0,0.99,42647.56,83.04,-0.15,-66.63,90516,0,0.28,1011,0,0.05
307,930,0.07,7.74,0,0,0.99,41777.02,83.38,-0.15,-66.6,90433,0,0.28,1017,0,0.06
308,937,0.08,7.67,0,0,0.99,40933.34,83.71,-0.15,-66.56,90342,0,0.28,1024,0,0.07
309,944,0.1,7.57,0,0,0.99,40047.75,84.06,-0.15,-66.53,90232,0,0.28,1030,0,0.08
310,951,0.11,7.46,0,0,0.99,39189.79,84.39,-0.15,-66.5,90108,0,0.28,1036,0,0.09
311,958,0.13,7.32,0,0,0.99,38289.55,84.74,-0.15,-66.47,89957,0,0.28,1043,0,0.1
312,964,0.15,7.15,0,0,0.99,37417.79,85.08,-0.15,-66.43,89787,0,0.28,1048,0,0.12
313,971,0.18,6.91,0,0,0.99,36485.54,85.43,-0.15,-66.4,89572,0,0.28,1054,0,0.14
314,976,0.22,6.64,0,0,0.99,35618.73,85.76,-0.15,-66.37,89335,0,0.28,1060,0,0.16
315,982,0.26,6.3,0,0,0.99,34691.46,86.11,-0.15,-66.33,89033,0,0.28,1065,0,0.18
316,988,0.31,5.9,0,0,0.99,33776.45,86.46,-0.15,-66.3,88678,0,0.28,1070,0,0.21
317,992,0.36,5.43,0,0,0.99,32856.03,86.8,-0.15,-66.27,88253,0,0.28,1074,0,0.25
318,996,0.43,4.89,0,0,0.99,31930.71,87.15,-0.15,-66.24,87745,0,0.28,1077,0,0.29
319,1000,0.52,4.27,0,0,0.99,31001.14,87.5,-0.15,-66.2,87137,0,0.28,1080,0,0.34
320,1002,0.62,3.63,0,0,0.99,30068.1,87.84,-0.15,-66.17,86408,0,0.28,1082,0,0.4
321,1004,0.74,3.05,0,0,0.99,29132.54,88.19,-0.16,-66.14,85533,0,0.28,1083,0,0.47
322,1004,0.89,2.93,0,0,0.99,28195.63,88.53,-0.16,-66.1,84483,0,0.28,1083,0,0.55
323,1002,1.07,3.62,0,0,0.99,27258.76,88.87,-0.16,-66.07,83227,0,0.28,1081,0,0.65
324,998,1.28,5.1,0,0,0.99,26323.61,89.21,-0.16,-66.04,81733,0,0.28,1077,0,0.77
325,992,1.53,7.17,0,0,0.99,25373.56,89.55,-0.16,-66.01,79935,0,0.28,1070,0,0.92
326,984,1.78,9.46,0,0,0.99,24485,89.87,-0.16,-65.98,77972,0,0.27,1062,0,1.08
327,973,2.09,12.32,0,0,0.99,23549.33,90.21,-0.16,-65.94,75577,0,0.27,1050,0,1.29
328,959,2.41,15.44,0,0,0.99,22661.25,90.53,-0.16,-65.91,72955,0,0.27,1036,0,1.53
329,941,2.78,19,0,0,0.99,21751.48,90.85,-0.16,-65.88,69887,0,0.27,1018,0,1.82
330,920,3.16,22.59,0,0,0.99,20894.63,91.15,-0.16,-65.85,66627,0,0.27,997,0,2.14
331,895,3.55,26.36,0,0,0.99,20024.36,91.46,-0.16,-65.82,62947,0,0.27,971,0,2.53
332,867,3.92,29.94,0,0,0.99,19212.32,91.74,-0.16,-65.8,59184,0,0.26,943,0,2.95
333,834,4.28,33.46,0,0,0.99,18395.75,92.02,-0.16,-65.77,55099,0,0.26,910,0,3.45
334,798,4.6,36.54,0,0,0.99,17626.77,92.29,-0.16,-65.75,51006,0,0.26,875,0,4.01
335,760,4.86,39.05,0,0,0.99,16891.91,92.54,-0.16,-65.72,46917,0,0.25,837,0,4.63
336,720,5.05,40.84,0,0,0.99,16193.42,92.77,-0.16,-65.7,42922,0,0.25,797,0,5.31
337,678,5.14,41.71,0,0,0.99,15532.86,92.99,-0.16,-65.68,39108,0,0.24,756,0,6.04
338,636,5.14,41.71,0,0,0.99,14910.91,93.2,-0.16,-65.66,35548,0,0.24,714,0,6.82
339,595,5.07,40.97,0,0,0.99,14327.49,93.39,-0.16,-65.64,32283,0,0.23,674,0,7.65
340,555,5.02,40.42,0,0,0.99,13781.89,93.57,-0.16,-65.62,29314,0,0.23,634,0,8.52
341,514,5.2,42.24,0,0,0.99,13274.23,93.73,-0.16,-65.61,26515,0,0.22,594,0,9.42
342,470,5.43,44.42,0,0,0.99,12806.39,93.88,-0.16,-65.59,23847,0,0.22,551,0,10.32
343,425,5.46,44.7,0,0,0.99,12380.16,94.01,-0.16,-65.58,21392,0,0.21,508,0,11.22
344,383,5.18,41.92,0,0,0.99,12002.54,94.12,-0.16,-65.57,19308,0,0.2,467,0,12.09
345,343,4.61,36.3,0,0,0.99,11641.82,94.23,-0.16,-65.56,17511,0,0.2,430,0,12.98
346,313,3.9,29.37,0,0,0.99,11340.35,94.32,-0.16,-65.55,16223,0,0.19,401,0,13.77
347,294,2.39,14.61,0,0,0.99,11038.35,94.4,-0.16,-65.54,15343,0,0.19,383,0,14.61
348,285,1.71,8.03,0,0,0.99,10771.22,94.47,-0.16,-65.54,14831,0,0.19,374,0,15.4
349,279,1.39,5.11,0,0,0.99,10488.16,94.55,-0.16,-65.53,14403,0,0.18,368,0,16.28
350,276,1.25,3.88,0,0,0.99,10230.32,94.62,-0.16,-65.52,14062,0,0.18,364,0,17.12
351,273,1.17,3.21,0,0,0.99,9953.43,94.68,-0.16,-65.52,13723,0,0.18,360,0,18.08
352,271,1.13,2.87,0,0,0.99,9699.45,94.74,-0.16,-65.51,13424,0,0.18,357,0,19
353,270,1.11,2.65,0,0,0.99,9430.95,94.81,-0.16,-65.5,13116,0,0.18,355,0,20.03
354,268,1.1,2.52,0,0,0.99,9168.86,94.87,-0.16,-65.5,12820,0,0.18,353,0,21.09
355,267,1.09,2.43,0,0,0.99,8907.83,94.92,-0.16,-65.49,12526,0,0.18,350,0,22.2
356,265,1.08,2.29,0,0,0.99,8647.82,94.98,-0.16,-65.49,12235,0,0.18,348,0,23.36
357,264,1.06,2.13,0,0,0.99,8383.49,95.03,-0.16,-65.48,11946,0,0.17,346,0,24.59
358,263,1.06,2.05,0,0,0.99,8135.39,95.08,-0.16,-65.48,11676,0,0.17,344,0,25.8
359,262,1.06,2.04,0,0,0.99,7872.5,95.13,-0.16,-65.47,11388,0,0.17,343,0,27.12
360,261,1.08,2.09,0,0,0.99,7620.73,95.18,-0.16,-65.47,11109,0,0.17,341,0,28.45
361,259,1.11,2.18,0,0,0.99,7359.71,95.22,-0.16,-65.46,10813,0,0.17,339,0,29.87
362,258,1.12,2.26,0,0,0.99,7110.13,95.27,-0.16,-65.46,10525,0,0.17,337,0,31.29
363,256,1.14,2.33,0,0,0.99,6846.74,95.31,-0.16,-65.46,10217,0,0.17,334,0,32.84
364,254,1.15,2.39,0,0,0.99,6605.1,95.35,-0.16,-65.45,9931,0,0.17,332,0,34.32
365,252,1.17,2.43,0,0,0.99,6350.05,95.39,-0.16,-65.45,9626,0,0.17,329,0,35.94
366,250,1.17,2.47,0,0,0.99,6106.75,95.43,-0.16,-65.45,9332,0,0.17,327,0,37.54
367,248,1.18,2.49,0,0,0.99,5855.41,95.46,-0.16,-65.44,9027,0,0.17,325,0,39.26
368,246,1.19,2.5,0,0,0.99,5610.95,95.5,-0.16,-65.44,8729,0,0.17,322,0,40.99
369,244,1.19,2.5,0,0,0.99,5368.47,95.53,-0.16,-65.44,8433,0,0.17,320,0,42.77
370,242,1.19,2.5,0,0,0.99,5132.79,95.56,-0.16,-65.43,8144,0,0.17,317,0,44.55
371,239,1.2,2.48,0,0,0.99,4889.57,95.59,-0.16,-65.43,7846,0,0.17,315,0,46.46
372,237,1.2,2.46,0,0,0.99,4653.19,95.62,-0.16,-65.43,7556,0,0.16,312,0,48.38
373,235,1.2,2.44,0,0,0.99,4418.86,95.65,-0.16,-65.42,7268,0,0.16,310,0,50.34
374,233,1.2,2.41,0,0,0.99,4186.6,95.68,-0.16,-65.42,6983,0,0.16,307,0,52.35
375,231,1.2,2.38,0,0,0.99,3956.39,95.7,-0.16,-65.42,6701,0,0.16,305,0,54.4
376,228,1.2,2.34,0,0,0.99,3728.23,95.73,-0.16,-65.42,6422,0,0.16,303,0,56.5
377,226,1.19,2.31,0,0,0.99,3497.6,95.75,-0.16,-65.41,6140,0,0.16,300,0,58.69
378,224,1.19,2.28,0,0,0.99,3282.46,95.77,-0.16,-65.41,5877,0,0.16,298,0,60.79
379,222,1.19,2.25,0,0,0.99,3055.9,95.79,-0.16,-65.41,5601,0,0.16,296,0,63.07
380,220,1.19,2.22,0,0,0.99,2835.8,95.81,-0.16,-65.41,5333,0,0.16,294,0,65.36
381,218,1.19,2.2,0,0,0.99,2617.69,95.83,-0.16,-65.41,5068,0,0.16,292,0,67.68
382,216,1.19,2.18,0,0,0.99,2401.57,95.85,-0.16,-65.4,4805,0,0.16,290,0,70.05
383,214,1.19,2.17,0,0,0.99,2183.15,95.87,-0.16,-65.4,4540,0,0.16,287,0,72.52
384,212,1.19,2.16,0,0,0.99,1979.47,95.89,-0.16,-65.4,4292,0,0.16,286,0,74.88
385,209,1.31,3.27,0,0,0.99,1761.01,95.9,-0.16,-65.4,4015,0,0.16,283,0,77.48
386,202,2.03,10.27,0,0,0.99,1563.73,95.92,-0.16,-65.4,3659,0,0.16,277,0,79.9
387,191,1.99,9.82,0,0,0.99,1360.36,95.93,-0.16,-65.4,3234,0,0.16,268,0,82.45
388,182,1.89,8.9,0,0,0.99,1181.65,95.94,-0.16,-65.4,2891,0,0.16,261,0,84.75
389,175,1.68,6.76,0,0,0.99,996.46,95.96,-0.16,-65.39,2566,0,0.16,255,0,87.18
390,168,1.72,7.18,0,0,0.99,832.04,95.97,-0.16,-65.39,2287,0,0.16,250,0,89.39
391,156,2.52,15.01,0,0,0.99,663.27,95.98,-0.16,-65.39,1905,0,0.16,241,0,91.71
392,128,4.82,37.55,0,0,0.99,525.13,95.98,-0.16,-65.39,1368,0,0.16,223,0,93.65
393,62,6.98,58.68,0,0,0.99,430.48,95.99,-0.16,-65.39,629,0,0.16,189,0,95.01
394,33,3.37,23.32,0,0,0.99,385.43,95.99,-0.16,-65.39,440,0,0.16,179,0,95.66
395,17,1.98,9.69,0,0,0.99,362.27,95.99,-0.16,-65.39,377,0,0.16,176,0,96
396,11,1.54,5.4,0,0,0.99,349.19,95.99,-0.16,-65.39,355,0,0.16,175,0,96.19
397,7,1.27,2.75,0,0,0.99,340.51,95.99,-0.16,-65.39,343,0,0.16,175,0,96.31
398,5,1.06,0.65,0,0,0.99,334.9,95.99,-0.16,-65.39,336,0,0.16,175,0,96.39
399,5,1,0.1,0,0,0.99,329.29,95.99,-0.16,-65.39,331,0,0.16,175,0,96.47
400,5,1,0.09,0,0,0.99,324.13,95.99,-0.16,-65.39,326,0,0.16,175,0,96.55
401,5,0.99,0.05,0,0,0.99,318.54,95.99,-0.16,-65.39,320,0,0.16,175,0,96.63
402,6,0.94,0.49,0,0,0.99,313.3,95.99,-0.16,-65.39,315,0,0.16,175,0,96.7
403,5,1.06,0.67,0,0,0.99,307.47,95.99,-0.16,-65.39,309,0,0.16,175,0,96.79
404,6,0.99,0.05,0,0,0.99,302.08,95.99,-0.16,-65.39,304,0,0.16,175,0,96.87
405,6,1.04,0.47,0,0,0.99,296.22,95.99,-0.16,-65.39,298,0,0.16,175,0,96.95
406,6,0.97,0.2,0,0,0.99,290.95,95.99,-0.16,-65.39,293,0,0.16,175,0,97.03
407,6,1.04,0.44,0,0,0.99,285.13,95.99,-0.16,-65.39,287,0,0.16,175,0,97.11
408,5,1,0.1,0,0,0.99,280.02,95.99,-0.16,-65.39,282,0,0.16,175,0,97.19
409,5,1.05,0.51,0,0,0.99,274.38,95.99,-0.16,-65.39,276,0,0.16,175,0,97.27
410,6,0.93,0.68,0,0,0.99,269.09,95.99,-0.16,-65.39,271,0,0.16,175,0,97.35
411,6,1.02,0.23,0,0,0.99,263.4,95.99,-0.16,-65.39,265,0,0.16,175,0,97.43
412,5,1.02,0.25,0,0,0.99,258.09,95.99,-0.16,-65.39,260,0,0.16,175,0,97.51
413,5,1,0.04,0,0,0.99,252.63,95.99,-0.16,-65.39,254,0,0.16,175,0,97.59
414,6,0.94,0.49,0,0,0.99,247.3,95.99,-0.16,-65.39,249,0,0.16,175,0,97.66
415,6,1.03,0.38,0,0,0.99,241.59,95.99,-0.16,-65.39,243,0,0.16,175,0,97.75
416,6,0.96,0.37,0,0,0.99,236.19,95.99,-0.16,-65.39,238,0,0.16,175,0,97.82
417,5,1.01,0.13,0,0,0.99,230.56,95.99,-0.16,-65.39,232,0,0.16,175,0,97.91
418,5,1.05,0.56,0,0,0.99,225.27,95.99,-0.16,-65.39,227,0,0.16,175,0,97.98
419,6,1,0.04,0,0,0.99,219.59,95.99,-0.16,-65.39,221,0,0.16,175,0,98.07
420,5,1,0.08,0,0,0.99,214.12,95.99,-0.16,-65.39,216,0,0.16,175,0,98.15
421,5,0.99,0,0,0,0.99,208.73,95.99,-0.16,-65.39,210,0,0.16,175,0,98.23
422,5,1,0.03,0,0,0.99,203.59,95.99,-0.16,-65.39,205,0,0.16,175,0,98.3
423,6,0.96,0.38,0,0,0.99,197.97,95.99,-0.16,-65.39,200,0,0.16,175,0,98.38
424,6,0.95,0.42,0,0,0.99,192.67,95.99,-0.16,-65.39,194,0,0.16,175,0,98.46
425,5,1.01,0.16,0,0,0.99,186.92,95.99,-0.16,-65.39,189,0,0.16,175,0,98.55
426,5,0.96,0.32,0,0,0.99,181.82,95.99,-0.16,-65.39,183,0,0.16,175,0,98.62
427,5,1.05,0.51,0,0,0.99,176.16,95.99,-0.16,-65.39,178,0,0.16,175,0,98.7
428,5,1.06,0.61,0,0,0.99,170.81,95.99,-0.16,-65.39,172,0,0.16,175,0,98.78
429,5,1,0.01,0,0,0.99,165.34,95.99,-0.16,-65.39,167,0,0.16,175,0,98.86
430,5,1,0.01,0,0,0.99,160.35,95.99,-0.16,-65.39,162,0,0.16,175,0,98.94
431,5,1.05,0.51,0,0,0.99,154.75,95.99,-0.16,-65.39,156,0,0.16,175,0,99.02
432,5,0.95,0.39,0,0,0.99,149.57,95.99,-0.16,-65.39,151,0,0.16,175,0,99.1
433,5,1,0.04,0,0,0.99,144.06,95.99,-0.16,-65.39,146,0,0.16,175,0,99.18
434,5,1.01,0.15,0,0,0.99,138.84,95.99,-0.16,-65.39,140,0,0.16,175,0,99.25
435,5,1.06,0.61,0,0,0.99,133.35,95.99,-0.16,-65.39,135,0,0.16,175,0,99.34
436,5,1.05,0.52,0,0,0.99,127.9,95.99,-0.16,-65.39,129,0,0.16,175,0,99.42
437,5,0.99,0.02,0,0,0.99,122.67,95.99,-0.16,-65.39,124,0,0.16,175,0,99.49
438,5,0.99,0,0,0,0.99,117.44,95.99,-0.16,-65.39,119,0,0.16,175,0,99.57
439,5,1.01,0.15,0,0,0.99,112.13,95.99,-0.16,-65.39,114,0,0.16,175,0,99.65
440,5,1.01,0.18,0,0,0.99,106.77,95.99,-0.16,-65.39,108,0,0.16,175,0,99.73
441,5,1.07,0.73,0,0,0.99,101.09,95.99,-0.16,-65.39,103,0,0.16,175,0,99.81
442,5,1.04,0.48,0,0,0.99,95.77,95.99,-0.16,-65.39,97,0,0.16,175,0,99.89
443,5,0.96,0.3,0,0,0.99,90.13,95.99,-0.16,-65.39,92,0,0.16,175,0,99.98
444,6,0.95,0.43,0,0,0.99,84.91,95.99,-0.16,-65.39,87,0,0.16,175,0,100.05
445,5,0.96,0.35,0,0,0.99,79.33,95.99,-0.16,-65.39,81,0,0.16,175,0,100.14
446,5,1.03,0.35,0,0,0.99,74.07,95.99,-0.16,-65.39,76,0,0.16,175,0,100.21
447,6,0.97,0.2,0,0,0.99,68.5,95.99,-0.16,-65.39,70,0,0.16,175,0,100.3
448,5,1.05,0.56,0,0,0.99,63.25,95.99,-0.16,-65.39,65,0,0.16,175,0,100.38
449,5,0.99,0.04,0,0,0.99,57.59,95.99,-0.16,-65.39,59,0,0.16,175,0,100.46
450,5,0.96,0.3,0,0,0.99,52.51,95.99,-0.16,-65.39,54,0,0.16,175,0,100.54
451,6,1.01,0.14,0,0,0.99,46.78,95.99,-0.16,-65.39,48,0,0.16,175,0,100.62
452,6,0.98,0.1,0,0,0.99,41.39,95.99,-0.16,-65.39,43,0,0.16,175,0,100.7
453,6,0.92,0.74,0,0,0.99,35.75,95.99,-0.16,-65.39,37,0,0.16,175,0,100.79
454,6,0.99,0,0,0,0.99,30.41,95.99,-0.16,-65.39,32,0,0.16,175,0,100.87
455,5,1.04,0.41,0,0,0.99,24.67,95.99,-0.16,-65.39,26,0,0.16,175,0,100.95
456,5,1.01,0.11,0,0,0.99,19.58,95.99,-0.16,-65.39,21,0,0.16,175,0,101.03
457,5,0.99,0.05,0,0,0.99,13.96,95.99,-0.16,-65.39,16,0,0.16,175,0,101.11
458,5,1,0.02,0,0,0.99,8.93,95.99,-0.16,-65.39,10,0,0.16,175,0,101.19
459,5,0.99,0,0,0,0.99,3.53,95.99,-0.16,-65.39,5,0,0.16,175,0,101.27
460,1,2.16,11.4,0,0,0.99,-0.45,95.99,-0.16,-65.39,0,0,0.16,175,0,101.32
461,1,0.89,1.01,0,0,0.99,0.16,95.99,-0.16,-65.39,0,0,0.16,175,0,101.32
462,0,0.99,0.06,0,0,0.99,0.04,95.99,-0.16,-65.39,0,0,0.16,175,0,101.32
463,0,1.02,0.23,0,0,0.99,-0.01,95.99,-0.16,-65.39,0,0,0.16,175,0,101.32
464,0,0.98,0.18,0,0,0.99,0.04,95.99,-0.16,-65.39,0,0,0.16,175,0,101.32
465,0,1,0.08,0,0,0.99,0.01,95.99,-0.16,-65.39,0,0,0.16,175,0,101.32
