Time,Velocity,GForce,Acceleration,Thrust,TWR,Mass,AltitudeFromTerrain,DownrangeDistance,Latitude,Longitude,Apoapsis,Periapsis,Inclination,OrbitalVelocity,VesselDeltaV,Pressure,
1,6,2.08,10.65,109.47,2.08,5.36,79.64,0,-0.1,-74.56,79,0,0.1,175,1524,100.17,
2,17,2.1,10.8,109.5,2.1,5.31,90.81,0,-0.1,-74.56,103,0,0.1,176,1507,100.01,
3,28,2.11,10.96,109.58,2.12,5.27,114.18,0,-0.1,-74.56,152,0,0.1,177,1487,99.67,
4,39,2.13,11.11,109.71,2.14,5.22,146.31,0,-0.1,-74.56,221,0,0.1,179,1467,99.19,
5,50,2.14,11.26,109.88,2.16,5.18,192.7,0,-0.1,-74.56,320,0,0.1,182,1447,98.51,
6,61,2.16,11.39,110.1,2.18,5.14,246.36,0,-0.1,-74.56,436,0,0.1,185,1428,97.73,
7,73,2.17,11.52,110.37,2.21,5.09,316.36,0,-0.1,-74.56,589,0,0.1,189,1409,96.72,
8,84,2.18,11.64,110.61,2.23,5.05,392.07,0,-0.1,-74.56,755,0,0.1,194,1394,95.63,
9,96,2.18,11.68,110.96,2.26,5,486.13,0,-0.1,-74.56,960,0,0.1,201,1375,94.3,
10,107,2.18,11.97,111.37,2.29,4.96,583.97,0,-0.1,-74.56,1173,0,0.1,209,1357,92.92,
11,119,2.2,12.05,111.81,2.32,4.91,701.72,0.01,-0.1,-74.56,1429,0,0.1,219,1339,91.29,
12,131,2.21,12.23,112.19,2.34,4.87,821.5,0.02,-0.1,-74.56,1693,0,0.1,228,1324,89.65,
13,143,2.23,12.48,112.71,2.38,4.82,963.21,0.04,-0.1,-74.55,2002,0,0.1,239,1306,87.74,
14,155,2.24,12.64,113.28,2.41,4.78,1105.24,0.05,-0.1,-74.55,2319,0,0.11,249,1288,85.87,
15,168,2.26,12.74,113.9,2.45,4.73,1271.51,0.08,-0.1,-74.55,2693,0,0.11,261,1270,83.71,
16,180,2.27,13.11,114.54,2.49,4.69,1436.43,0.11,-0.1,-74.55,3061,0,0.11,272,1252,81.61,
17,194,2.3,13.26,115.23,2.53,4.64,1627.71,0.14,-0.1,-74.54,3500,0,0.12,284,1234,79.24,
18,206,2.32,13.43,115.79,2.56,4.6,1816.17,0.18,-0.1,-74.54,3935,0,0.12,296,1219,76.95,
19,220,2.34,13.67,116.54,2.6,4.56,2033.49,0.22,-0.1,-74.54,4443,0,0.12,308,1201,74.38,
20,233,2.36,13.84,117.34,2.65,4.51,2246.44,0.27,-0.1,-74.53,4947,0,0.13,320,1182,71.93,
21,248,2.38,13.97,118.16,2.7,4.47,2490.72,0.32,-0.1,-74.53,5530,0,0.13,334,1162,69.2,
22,261,2.37,14.24,118.82,2.73,4.42,2728.81,0.37,-0.1,-74.52,6097,0,0.14,346,1147,66.62,
23,275,2.37,15.49,119.68,2.78,4.38,2999.22,0.44,-0.1,-74.52,6688,0,0.15,362,1127,63.78,
24,287,2.4,16.41,120.55,2.83,4.33,3259.08,0.51,-0.1,-74.51,7238,0,0.16,377,1107,61.15,
25,302,2.41,15.25,121.44,2.88,4.29,3552.05,0.6,-0.1,-74.5,7907,0,0.16,393,1085,58.29,
26,316,2.4,15.26,122.33,2.94,4.25,3833.86,0.69,-0.1,-74.49,8548,0,0.17,408,1063,55.64,
27,331,2.44,15.51,123.22,2.99,4.2,4151.68,0.8,-0.1,-74.48,9291,0,0.18,424,1040,52.77,
28,346,2.52,16.23,123.93,3.03,4.16,4457.13,0.91,-0.1,-74.47,10031,0,0.18,439,1022,50.13,
29,363,2.61,17.05,124.82,3.09,4.11,4802.08,1.04,-0.1,-74.46,10903,0,0.19,456,998,47.27,
30,379,2.66,17.49,125.73,3.15,4.07,5134.19,1.17,-0.1,-74.45,11769,0,0.19,473,973,44.65,
31,397,2.71,17.99,126.62,3.21,4.02,5509.41,1.32,-0.1,-74.43,12773,0,0.2,491,947,41.83,
32,414,2.75,18.39,127.31,3.26,3.98,5870.51,1.46,-0.1,-74.42,13762,0,0.2,508,926,39.26,
33,434,2.81,18.93,128.19,3.32,3.93,6278.21,1.63,-0.1,-74.4,14908,0,0.21,528,899,36.51,
34,457,4.04,30.85,180.66,4.73,3.88,6671.46,1.79,-0.1,-74.39,16274,0,0.22,551,867,34.01,
35,497,4.81,38.39,199.88,5.34,3.81,7128.48,1.98,-0.1,-74.37,18500,0,0.22,589,819,31.28,
36,535,4.95,39.76,201.22,5.48,3.74,7583.93,2.18,-0.1,-74.35,20811,0,0.23,626,769,28.74,
37,577,5.11,41.37,202.55,5.62,3.67,8115.24,2.4,-0.1,-74.33,23627,0,0.24,667,717,25.99,
38,618,5.25,42.71,203.6,5.74,3.61,8642.07,2.63,-0.1,-74.31,26542,0,0.24,707,675,23.47,
39,663,5.39,44.07,204.89,5.89,3.54,9253.66,2.89,-0.1,-74.28,30063,0,0.25,752,620,20.82,
40,706,5.53,45.46,206.14,6.05,3.47,9857.15,3.14,-0.1,-74.26,33689,0,0.25,794,561,18.5,
41,755,5.69,47.04,207.28,6.21,3.4,10554.64,3.44,-0.1,-74.23,38073,0,0.26,842,502,16.13,
42,801,5.84,48.52,208.12,6.34,3.33,11240.22,3.73,-0.1,-74.2,42587,0,0.26,887,453,14.11,
43,853,6,50.14,209.11,6.51,3.26,12029.73,4.07,-0.1,-74.17,48038,0,0.27,938,390,12.08,
44,902,6.16,51.69,210,6.68,3.2,12803.15,4.39,-0.1,-74.14,53650,0,0.27,986,324,10.38,
45,957,6.34,53.48,210.82,6.86,3.13,13691.04,4.77,-0.1,-74.1,60440,0,0.28,1041,255,8.73,
46,1009,6.52,55.27,211.52,7.04,3.06,14558.39,5.13,-0.1,-74.07,67455,0,0.28,1092,184,7.36,
47,1068,6.73,57.38,212.14,7.23,2.99,15551.69,5.55,-0.1,-74.03,75988,0,0.29,1151,112,6.06,
48,1125,6.94,59.48,212.57,7.39,2.92,16519.97,5.95,-0.1,-73.99,84862,0,0.29,1207,53,5.02,
49,1154,0.4,12.55,0,0,2.88,17618.92,6.41,-0.1,-73.95,90403,0,0.29,1235,0,4.05,
50,1142,0.32,11.79,0,0,2.88,18632.07,6.83,-0.1,-73.91,89972,0,0.29,1225,0,3.32,
51,1131,0.26,11.19,0,0,2.88,19718.19,7.28,-0.1,-73.86,89604,0,0.29,1214,0,2.7,
52,1121,0.22,10.76,0,0,2.88,20710.66,7.69,-0.1,-73.82,89332,0,0.29,1204,0,2.23,
53,1110,0.18,10.37,0,0,2.88,21754.96,8.13,-0.1,-73.78,89100,0,0.29,1194,0,1.83,
54,1101,0.14,10.07,0,0,2.88,22748.72,8.55,-0.1,-73.74,88922,0,0.29,1185,0,1.52,
55,1091,0.12,9.82,0,0,2.88,23773.34,8.98,-0.1,-73.7,88773,0,0.29,1176,0,1.25,
56,1082,0.1,9.62,0,0,2.88,24748.67,9.39,-0.1,-73.66,88658,0,0.29,1167,0,1.04,
57,1073,0.08,9.46,0,0,2.88,25754.52,9.81,-0.1,-73.62,88561,0,0.29,1159,0,0.87,
58,1064,0.07,9.32,0,0,2.88,26712.14,10.22,-0.1,-73.58,88485,0,0.29,1151,0,0.73,
59,1056,0.06,9.19,0,0,2.88,27699.83,10.64,-0.1,-73.54,88422,0,0.29,1142,0,0.61,
60,1047,0.05,9.09,0,0,2.88,28659.33,11.05,-0.1,-73.5,88371,0,0.29,1134,0,0.51,
61,1038,0.04,9.01,0,0,2.88,29610.2,11.46,-0.1,-73.46,88330,0,0.29,1126,0,0.43,
62,1030,0.03,8.93,0,0,2.88,30533.75,11.85,-0.1,-73.43,88297,0,0.29,1119,0,0.37,
63,1022,0.03,8.87,0,0,2.88,31486.33,12.27,-0.11,-73.39,88269,0,0.29,1111,0,0.31,
64,1014,0.02,8.81,0,0,2.88,32393.29,12.66,-0.11,-73.35,88247,0,0.29,1103,0,0.27,
65,1005,0.02,8.76,0,0,2.88,33328.71,13.07,-0.11,-73.31,88228,0,0.29,1096,0,0.23,
66,998,0.02,8.72,0,0,2.88,34219.28,13.46,-0.11,-73.27,88212,0,0.29,1088,0,0.2,
67,989,0.02,8.67,0,0,2.88,35137.73,13.86,-0.11,-73.23,88199,0,0.29,1081,0,0.17,
68,982,0.01,8.64,0,0,2.88,36012.08,14.25,-0.11,-73.2,88189,0,0.29,1074,0,0.15,
69,973,0.01,8.6,0,0,2.88,36913.72,14.65,-0.11,-73.16,88179,0,0.29,1066,0,0.13,
70,966,0.01,8.57,0,0,2.88,37771.97,15.03,-0.11,-73.12,88172,0,0.29,1059,0,0.11,
71,958,0.01,8.54,0,0,2.88,38656.93,15.43,-0.11,-73.08,88165,0,0.29,1052,0,0.1,
72,950,0.01,8.51,0,0,2.88,39499.21,15.81,-0.11,-73.05,88160,0,0.29,1045,0,0.09,
73,942,0.01,8.48,0,0,2.88,40367.61,16.21,-0.11,-73.01,88155,0,0.29,1037,0,0.07,
74,935,0.01,8.45,0,0,2.88,41194.03,16.58,-0.11,-72.97,88151,0,0.29,1031,0,0.07,
75,927,0.01,8.42,0,0,2.88,42045.96,16.98,-0.11,-72.94,88148,0,0.29,1023,0,0.06,
76,919,0.01,8.4,0,0,2.88,42856.61,17.35,-0.11,-72.9,88145,0,0.29,1016,0,0.05,
77,911,0,8.38,0,0,2.88,43692.17,17.74,-0.11,-72.86,88142,0,0.29,1009,0,0.04,
78,904,0,8.35,0,0,2.88,44487.14,18.11,-0.11,-72.83,88140,0,0.29,1003,0,0.04,
79,896,0,8.33,0,0,2.88,45306.43,18.5,-0.11,-72.79,88138,0,0.29,996,0,0.03,
80,889,0,8.31,0,0,2.88,46085.81,18.86,-0.11,-72.76,88137,0,0.29,989,0,0.03,
81,881,0,8.28,0,0,2.88,46888.91,19.25,-0.11,-72.72,88135,0,0.29,982,0,0.03,
82,874,0,8.26,0,0,2.88,47652.76,19.61,-0.11,-72.68,88134,0,0.29,975,0,0.02,
83,866,0,8.24,0,0,2.88,48439.75,19.99,-0.11,-72.65,88132,0,0.29,969,0,0.02,
84,859,0,8.22,0,0,2.88,49203.37,20.36,-0.11,-72.61,88131,0,0.29,962,0,0.02,
85,852,0,8.2,0,0,2.88,49959.13,20.73,-0.11,-72.58,88131,0,0.29,955,0,0.02,
86,844,0,8.18,0,0,2.88,50707.06,21.1,-0.11,-72.54,88130,0,0.29,949,0,0.01,
87,837,0,8.16,0,0,2.88,51447.18,21.47,-0.11,-72.51,88129,0,0.29,942,0,0.01,
88,830,0,8.14,0,0,2.88,52179.5,21.84,-0.11,-72.47,88128,0,0.29,936,0,0.01,
89,822,0,8.12,0,0,2.88,52904.05,22.2,-0.11,-72.44,88128,0,0.29,929,0,0.01,
90,815,0,8.1,0,0,2.88,53620.84,22.56,-0.11,-72.4,88127,0,0.29,923,0,0.01,
91,808,0,8.09,0,0,2.88,54329.88,22.93,-0.11,-72.37,88127,0,0.29,916,0,0.01,
92,801,0,8.07,0,0,2.88,55031.19,23.29,-0.11,-72.33,88127,0,0.29,910,0,0.01,
93,794,0,8.05,0,0,2.88,55724.8,23.65,-0.11,-72.3,88126,0,0.29,904,0,0.01,
94,787,0,8.03,0,0,2.88,56410.71,24.01,-0.11,-72.27,88126,0,0.29,898,0,0,
95,780,0,8.02,0,0,2.88,57088.93,24.36,-0.11,-72.23,88126,0,0.29,891,0,0,
96,773,0,8,0,0,2.88,57759.5,24.72,-0.11,-72.2,88125,0,0.29,885,0,0,
97,766,0,7.98,0,0,2.88,58422.42,25.08,-0.11,-72.16,88125,0,0.29,879,0,0,
98,759,0,7.97,0,0,2.88,59077.7,25.43,-0.11,-72.13,88125,0,0.29,873,0,0,
99,752,0,7.95,0,0,2.88,59725.36,25.78,-0.11,-72.1,88125,0,0.29,867,0,0,
100,745,0,7.94,0,0,2.88,60365.42,26.14,-0.11,-72.06,88124,0,0.29,861,0,0,
101,738,0,7.92,0,0,2.88,60997.89,26.49,-0.11,-72.03,88124,0,0.29,855,0,0,
102,731,0,7.91,0,0,2.88,61622.78,26.84,-0.11,-71.99,88124,0,0.29,849,0,0,
103,724,0,7.89,0,0,2.88,62240.11,27.19,-0.11,-71.96,88124,0,0.29,843,0,0,
104,718,0,7.88,0,0,2.88,62849.89,27.54,-0.12,-71.93,88124,0,0.29,837,0,0,
105,711,0,7.86,0,0,2.88,63452.14,27.88,-0.12,-71.89,88123,0,0.29,832,0,0,
106,704,0,7.85,0,0,2.88,64046.86,28.23,-0.12,-71.86,88123,0,0.29,826,0,0,
107,698,0,7.83,0,0,2.88,64634.08,28.58,-0.12,-71.83,88123,0,0.29,820,0,0,
108,691,0,7.82,0,0,2.88,65213.8,28.92,-0.12,-71.8,88123,0,0.29,814,0,0,
109,684,0,7.8,0,0,2.88,65786.04,29.26,-0.12,-71.76,88123,0,0.29,809,0,0,
110,678,0,7.79,0,0,2.88,66350.81,29.61,-0.12,-71.73,88123,0,0.29,803,0,0,
111,671,0,7.78,0,0,2.88,66908.11,29.95,-0.12,-71.7,88123,0,0.29,798,0,0,
112,665,0,7.76,0,0,2.88,67457.98,30.29,-0.12,-71.67,88123,0,0.29,792,0,0,
113,658,0,7.75,0,0,2.88,68000.4,30.63,-0.12,-71.63,88122,0,0.29,787,0,0,
114,652,0,7.74,0,0,2.88,68535.41,30.97,-0.12,-71.6,88122,0,0.29,781,0,0,
115,646,0,7.73,0,0,2.88,69063,31.31,-0.12,-71.57,88122,0,0.29,776,0,0,
116,639,0,7.71,0,0,2.88,69583.2,31.65,-0.12,-71.54,88122,0,0.29,771,0,0,
117,633,0,7.7,0,0,2.88,70096,31.98,-0.12,-71.5,88122,0,0.29,765,0,0,
118,627,0,7.69,0,0,2.88,70601.43,32.32,-0.12,-71.47,88122,0,0.29,760,0,0,
119,621,0,7.68,0,0,2.88,71099.49,32.66,-0.12,-71.44,88122,0,0.29,755,0,0,
120,614,0,7.67,0,0,2.88,71590.2,32.99,-0.12,-71.41,88122,0,0.29,750,0,0,
121,608,0,7.66,0,0,2.88,72073.56,33.33,-0.12,-71.38,88122,0,0.29,745,0,0,
122,602,0,7.65,0,0,2.88,72549.58,33.66,-0.12,-71.34,88122,0,0.29,740,0,0,
123,596,0,7.63,0,0,2.88,73018.27,33.99,-0.12,-71.31,88122,0,0.29,735,0,0,
124,590,0,7.62,0,0,2.88,73479.66,34.32,-0.12,-71.28,88122,0,0.29,730,0,0,
125,584,0,7.61,0,0,2.88,73933.73,34.65,-0.12,-71.25,88121,0,0.29,725,0,0,
126,578,0,7.6,0,0,2.88,74380.51,34.99,-0.12,-71.22,88121,0,0.29,720,0,0,
127,572,0,7.59,0,0,2.88,74820,35.31,-0.12,-71.19,88121,0,0.29,716,0,0,
128,566,0,7.58,0,0,2.88,75252.21,35.64,-0.12,-71.15,88121,0,0.29,711,0,0,
129,561,0,7.57,0,0,2.88,75677.15,35.97,-0.12,-71.12,88121,0,0.29,706,0,0,
130,555,0,7.56,0,0,2.88,76094.84,36.3,-0.12,-71.09,88121,0,0.29,702,0,0,
131,549,0,7.55,0,0,2.88,76505.27,36.63,-0.12,-71.06,88121,0,0.29,697,0,0,
132,543,0,7.55,0,0,2.88,76908.45,36.95,-0.12,-71.03,88121,0,0.29,693,0,0,
133,538,0,7.54,0,0,2.88,77304.41,37.28,-0.12,-71,88121,0,0.29,688,0,0,
134,532,0,7.53,0,0,2.88,77693.13,37.61,-0.12,-70.97,88121,0,0.29,684,0,0,
135,527,0,7.52,0,0,2.88,78074.64,37.93,-0.12,-70.94,88121,0,0.29,680,0,0,
136,521,0,7.51,0,0,2.88,78448.94,38.26,-0.12,-70.9,88121,0,0.29,675,0,0,
137,516,0,7.5,0,0,2.88,78816.03,38.58,-0.12,-70.87,88120,0,0.29,671,0,0,
138,511,0,7.49,0,0,2.88,79175.93,38.9,-0.12,-70.84,88120,0,0.29,667,0,0,
139,505,0,7.49,0,0,2.88,79528.64,39.23,-0.12,-70.81,88120,0,0.29,663,0,0,
140,500,0,7.48,0,0,2.88,79874.17,39.55,-0.12,-70.78,88120,0,0.29,659,0,0,
141,495,0,7.47,0,0,2.88,80212.53,39.87,-0.12,-70.75,88120,0,0.29,655,0,0,
142,490,0,7.46,0,0,2.88,80543.72,40.19,-0.12,-70.72,88120,0,0.29,651,0,0,
143,485,0,7.46,0,0,2.88,80867.74,40.51,-0.12,-70.69,88120,0,0.29,647,0,0,
144,480,0,7.45,0,0,2.88,81184.62,40.83,-0.12,-70.66,88120,0,0.29,644,0,0,
145,475,0,7.44,0,0,2.88,81494.35,41.15,-0.12,-70.63,88120,0,0.29,640,0,0,
146,470,0,7.44,0,0,2.88,81796.93,41.47,-0.12,-70.6,88120,0,0.29,636,0,0,
147,465,0,7.43,0,0,2.88,82092.38,41.79,-0.12,-70.57,88120,0,0.29,633,0,0,
148,461,0,7.42,0,0,2.88,82380.71,42.11,-0.12,-70.54,88120,0,0.29,629,0,0,
149,456,0,7.42,0,0,2.88,82661.91,42.43,-0.13,-70.51,88119,0,0.29,626,0,0,
150,452,0,7.41,0,0,2.88,82935.99,42.75,-0.13,-70.48,88119,0,0.29,623,0,0,
151,447,0,7.4,0,0,2.88,83202.96,43.06,-0.13,-70.45,88119,0,0.29,619,0,0,
152,443,0,7.4,0,0,2.88,83462.83,43.38,-0.13,-70.42,88119,0,0.29,616,0,0,
153,438,0,7.39,0,0,2.88,83715.59,43.7,-0.13,-70.38,88119,0,0.29,613,0,0,
154,434,0,7.39,0,0,2.88,83961.26,44.01,-0.13,-70.35,88119,0,0.29,610,0,0,
155,430,0,7.38,0,0,2.88,84199.83,44.33,-0.13,-70.32,88119,0,0.29,607,0,0,
156,426,0,7.38,0,0,2.88,84431.32,44.65,-0.13,-70.29,88119,0,0.29,604,0,0,
157,422,0,7.37,0,0,2.88,84655.73,44.96,-0.13,-70.26,88119,0,0.29,601,0,0,
158,418,0,7.37,0,0,2.88,84873.06,45.28,-0.13,-70.23,88119,0,0.29,599,0,0,
159,414,0,7.36,0,0,2.88,85087.45,45.6,-0.13,-70.2,88119,0,0.29,596,0,0,
160,411,0,7.36,0,0,2.88,85286.51,45.91,-0.13,-70.17,88119,0,0.29,593,0,0,
161,407,0,7.35,0,0,2.88,85486.48,46.23,-0.13,-70.14,88119,0,0.29,591,0,0,
162,404,0,7.35,0,0,2.88,85671.74,46.53,-0.13,-70.11,88119,0,0.29,588,0,0,
163,400,0,7.35,0,0,2.88,85857.36,46.85,-0.13,-70.08,88118,0,0.29,586,0,0,
164,397,0,7.34,0,0,2.88,86028.55,47.16,-0.13,-70.05,88118,0,0.29,584,0,0,
165,394,0,7.34,0,0,2.88,86199.73,47.48,-0.13,-70.02,88118,0,0.29,582,0,0,
166,391,0,7.33,0,0,2.88,86357.34,47.78,-0.13,-69.99,88118,0,0.29,580,0,0,
167,388,0,7.33,0,0,2.88,86514.18,48.1,-0.13,-69.96,88118,0,0.29,578,0,0,
168,385,0,7.33,0,0,2.88,86657.97,48.41,-0.13,-69.93,88118,0,0.29,576,0,0,
169,382,0,7.33,0,0,2.88,86797.68,48.72,-0.13,-69.91,88118,0,0.29,574,0,0,
170,380,0,7.32,0,0,2.88,86927.8,49.03,-0.13,-69.88,88118,0,0.29,572,0,0,
171,377,0,7.32,0,0,2.88,87058.5,49.35,-0.13,-69.84,88118,0,0.29,571,0,0,
172,375,0,7.32,0,0,2.88,87172.39,49.65,-0.13,-69.82,88118,0,0.29,569,0,0,
173,373,0,7.31,0,0,2.88,87288.46,49.98,-0.13,-69.79,88118,0,0.29,568,0,0,
174,371,0,7.31,0,0,2.88,87388.87,50.27,-0.13,-69.76,88118,0,0.29,566,0,0,
175,369,0,7.31,0,0,2.88,87490.34,50.6,-0.13,-69.73,88118,0,0.29,565,0,0,
176,367,0,7.31,0,0,2.88,87577.26,50.9,-0.13,-69.7,88117,0,0.29,564,0,0,
177,365,0,7.31,0,0,2.88,87664.13,51.22,-0.13,-69.67,88117,0,0.29,563,0,0,
178,364,0,7.3,0,0,2.88,87737.57,51.52,-0.13,-69.64,88117,0,0.29,562,0,0,
179,362,0,7.3,0,0,2.88,87809.84,51.84,-0.13,-69.61,88117,0,0.29,561,0,0,
180,361,0,7.3,0,0,2.88,87869.82,52.14,-0.13,-69.58,88117,0,0.29,560,0,0,
181,360,0,7.3,0,0,2.88,87927.5,52.46,-0.13,-69.55,88117,0,0.29,559,0,0,
182,359,0,7.3,0,0,2.88,87974.02,52.76,-0.13,-69.52,88117,0,0.29,558,0,0,
183,358,0,7.3,0,0,2.88,88017.11,53.08,-0.13,-69.49,88117,0,0.29,558,0,0,
184,357,0,7.3,0,0,2.88,88050.17,53.38,-0.13,-69.46,88117,0,0.29,557,0,0,
185,357,0,7.3,0,0,2.88,88078.68,53.7,-0.13,-69.43,88117,0,0.29,557,0,0,
186,356,0,7.3,0,0,2.88,88098.28,54,-0.13,-69.4,88117,0,0.29,557,0,0,
187,356,0,7.3,0,0,2.88,88112.21,54.33,-0.13,-69.37,88117,0,0.29,557,0,0,
188,356,0,7.3,0,0,2.88,88118.35,54.62,-0.13,-69.34,88117,0,0.29,556,0,0,
189,356,0,7.3,0,0,2.88,88117.71,54.95,-0.13,-69.31,88117,0,0.29,556,0,0,
190,356,0,7.3,0,0,2.88,88110.39,55.24,-0.13,-69.28,88116,0,0.29,557,0,0,
191,356,0,7.3,0,0,2.88,88095.17,55.57,-0.13,-69.25,88116,0,0.29,557,0,0,
192,357,0,7.3,0,0,2.88,88074.4,55.86,-0.13,-69.22,88116,0,0.29,557,0,0,
193,357,0,7.3,0,0,2.88,88044.61,56.19,-0.13,-69.19,88116,0,0.29,557,0,0,
194,358,0,7.3,0,0,2.88,88010.39,56.48,-0.13,-69.16,88116,0,0.29,558,0,0,
195,359,0,7.3,0,0,2.88,87966.02,56.81,-0.13,-69.13,88116,0,0.29,558,0,0,
196,360,0,7.3,0,0,2.88,87918.32,57.11,-0.14,-69.1,88116,0,0.29,559,0,0,
197,361,0,7.3,0,0,2.88,87859.35,57.43,-0.14,-69.07,88116,0,0.29,560,0,0,
198,362,0,7.3,0,0,2.88,87798.2,57.73,-0.14,-69.05,88116,0,0.29,561,0,0,
199,364,0,7.3,0,0,2.88,87724.65,58.05,-0.14,-69.01,88116,0,0.29,562,0,0,
200,365,0,7.31,0,0,2.88,87650.01,58.35,-0.14,-68.99,88116,0,0.29,563,0,0,
201,367,0,7.31,0,0,2.88,87561.86,58.67,-0.14,-68.96,88116,0,0.29,564,0,0,
202,369,0,7.31,0,0,2.88,87473.76,58.97,-0.14,-68.93,88116,0,0.29,565,0,0,
203,371,0,7.31,0,0,2.88,87371.01,59.29,-0.14,-68.9,88116,0,0.29,566,0,0,
204,373,0,7.31,0,0,2.88,87269.42,59.59,-0.14,-68.87,88115,0,0.29,568,0,0,
205,375,0,7.32,0,0,2.88,87152.06,59.92,-0.14,-68.84,88115,0,0.29,569,0,0,
206,378,0,7.32,0,0,2.88,87036.98,60.22,-0.14,-68.81,88115,0,0.29,571,0,0,
207,380,0,7.32,0,0,2.88,86905,60.54,-0.14,-68.78,88115,0,0.29,573,0,0,
208,383,0,7.32,0,0,2.88,86776.42,60.84,-0.14,-68.75,88115,0,0.29,574,0,0,
209,386,0,7.33,0,0,2.88,86629.81,61.17,-0.14,-68.72,88115,0,0.29,576,0,0,
210,388,0,7.33,0,0,2.88,86487.72,61.47,-0.14,-68.69,88115,0,0.29,578,0,0,
211,391,0,7.33,0,0,2.88,86326.47,61.79,-0.14,-68.66,88115,0,0.29,580,0,0,
212,394,0,7.34,0,0,2.88,86170.86,62.09,-0.14,-68.63,88115,0,0.29,582,0,0,
213,398,0,7.34,0,0,2.88,85994.95,62.42,-0.14,-68.6,88115,0,0.29,584,0,0,
214,401,0,7.34,0,0,2.88,85825.81,62.72,-0.14,-68.57,88115,0,0.29,586,0,0,
215,404,0,7.35,0,0,2.88,85635.23,63.04,-0.14,-68.54,88115,0,0.29,589,0,0,
216,408,0,7.35,0,0,2.88,85452.54,63.34,-0.14,-68.51,88115,0,0.29,591,0,0,
217,411,0,7.36,0,0,2.88,85247.28,63.67,-0.14,-68.48,88115,0,0.29,594,0,0,
218,415,0,7.36,0,0,2.88,85051.03,63.97,-0.14,-68.45,88114,0,0.29,596,0,0,
219,419,0,7.37,0,0,2.88,84831.07,64.3,-0.14,-68.42,88114,0,0.29,599,0,0,
220,423,0,7.37,0,0,2.88,84621.24,64.6,-0.14,-68.39,88114,0,0.29,602,0,0,
221,427,0,7.38,0,0,2.88,84386.56,64.93,-0.14,-68.36,88114,0,0.29,605,0,0,
222,431,0,7.38,0,0,2.88,84163.14,65.23,-0.14,-68.33,88114,0,0.29,607,0,0,
223,435,0,7.39,0,0,2.88,83913.72,65.56,-0.14,-68.3,88114,0,0.29,611,0,0,
224,439,0,7.39,0,0,2.88,83676.69,65.87,-0.14,-68.27,88114,0,0.29,613,0,0,
225,444,0,7.4,0,0,2.88,83412.52,66.2,-0.14,-68.24,88114,0,0.29,617,0,0,
226,448,0,7.4,0,0,2.88,83161.85,66.5,-0.14,-68.21,88114,0,0.29,620,0,0,
227,452,0,7.41,0,0,2.88,82882.9,66.83,-0.14,-68.18,88114,0,0.29,623,0,0,
228,457,0,7.41,0,0,2.88,82618.58,67.14,-0.14,-68.15,88114,0,0.29,626,0,0,
229,462,0,7.42,0,0,2.88,82324.83,67.47,-0.14,-68.12,88114,0,0.29,630,0,0,
230,466,0,7.43,0,0,2.88,82046.84,67.77,-0.14,-68.09,88114,0,0.29,633,0,0,
231,471,0,7.43,0,0,2.88,81738.27,68.11,-0.14,-68.05,88113,0,0.29,637,0,0,
232,476,0,7.44,0,0,2.88,81446.58,68.41,-0.14,-68.02,88113,0,0.29,640,0,0,
233,481,0,7.45,0,0,2.88,81123.16,68.74,-0.14,-67.99,88113,0,0.29,644,0,0,
234,486,0,7.45,0,0,2.88,80817.76,69.05,-0.14,-67.96,88113,0,0.29,648,0,0,
235,491,0,7.46,0,0,2.88,80479.46,69.39,-0.14,-67.93,88113,0,0.29,652,0,0,
236,496,0,7.47,0,0,2.88,80160.31,69.7,-0.14,-67.9,88113,0,0.29,656,0,0,
237,501,0,7.48,0,0,2.88,79807.11,70.03,-0.14,-67.87,88113,0,0.29,660,0,0,
238,506,0,7.48,0,0,2.88,79474.2,70.34,-0.14,-67.84,88113,0,0.29,663,0,0,
239,512,0,7.49,0,0,2.88,79106.07,70.68,-0.14,-67.81,88113,0,0.29,668,0,0,
240,517,0,7.5,0,0,2.88,78759.35,70.99,-0.14,-67.78,88113,0,0.29,672,0,0,
241,522,0,7.51,0,0,2.88,78376.26,71.32,-0.14,-67.75,88113,0,0.29,676,0,0,
242,528,0,7.52,0,0,2.88,78015.72,71.63,-0.14,-67.72,88113,0,0.29,680,0,0,
243,533,0,7.53,0,0,2.88,77617.63,71.97,-0.14,-67.68,88112,0,0.29,685,0,0,
244,539,0,7.53,0,0,2.88,77243.24,72.29,-0.14,-67.66,88112,0,0.29,689,0,0,
245,544,0,7.54,0,0,2.88,76830.12,72.62,-0.15,-67.62,88112,0,0.29,693,0,0,
246,550,0,7.55,0,0,2.88,76441.84,72.94,-0.15,-67.59,88112,0,0.29,698,0,0,
247,556,0,7.56,0,0,2.88,76013.67,73.28,-0.15,-67.56,88112,0,0.29,702,0,0,
248,561,0,7.57,0,0,2.88,75611.47,73.59,-0.15,-67.53,88112,0,0.29,707,0,0,
249,567,0,7.58,0,0,2.88,75168.21,73.94,-0.15,-67.5,88112,0,0.29,712,0,0,
250,573,0,7.59,0,0,2.88,74752.06,74.25,-0.15,-67.47,88112,0,0.29,716,0,0,
251,579,0,7.6,0,0,2.88,74293.66,74.6,-0.15,-67.43,88112,0,0.29,721,0,0,
252,585,0,7.61,0,0,2.88,73863.52,74.91,-0.15,-67.4,88112,0,0.29,726,0,0,
253,591,0,7.62,0,0,2.88,73389.95,75.26,-0.15,-67.37,88112,0,0.29,731,0,0,
254,597,0,7.63,0,0,2.88,72945.79,75.58,-0.15,-67.34,88112,0,0.29,736,0,0,
255,603,0,7.64,0,0,2.88,72457.01,75.92,-0.15,-67.31,88111,0,0.29,741,0,0,
256,609,0,7.65,0,0,2.88,71998.79,76.24,-0.15,-67.28,88111,0,0.29,746,0,0,
257,615,0,7.66,0,0,2.88,71494.76,76.59,-0.15,-67.24,88111,0,0.29,751,0,0,
258,621,0,7.68,0,0,2.88,71022.44,76.91,-0.15,-67.21,88111,0,0.29,756,0,0,
259,628,0,7.69,0,0,2.88,70513.18,77.25,-0.15,-67.18,88111,0,0.29,761,0,0,
260,634,0,7.7,0,0,2.88,70006.45,77.59,-0.15,-67.15,88111,0,0.29,766,0,0,
261,640,0,7.7,0,0,0.99,69492.35,77.93,-0.15,-67.12,88113,0,0.29,771,0,0,
263,653,0,7.74,0,0,0.99,68337.36,78.67,-0.15,-67.05,88042,0,0.29,782,0,0,
264,658,0,7.75,0,0,0.99,67908.47,78.94,-0.15,-67.02,88042,0,0.29,787,0,0,
265,665,0,7.76,0,0,0.99,67365.68,79.28,-0.15,-66.99,88042,0,0.29,792,0,0,
266,671,0,7.77,0,0,0.99,66826.53,79.62,-0.15,-66.95,88041,0,0.29,797,0,0,
267,678,0,7.78,0,0,0.99,66246.56,79.97,-0.15,-66.92,88041,0,0.29,803,0,0,
268,684,0,7.79,0,0,0.99,65692.67,80.31,-0.15,-66.89,88040,0,0.29,809,0,0,
269,691,0,7.8,0,0,0.99,65108.55,80.66,-0.15,-66.86,88039,0,0.29,814,0,0,
270,697,0,7.82,0,0,0.99,64551.69,80.99,-0.15,-66.82,88038,0,0.29,820,0,0,
271,704,0,7.83,0,0,0.99,63952.47,81.34,-0.15,-66.79,88037,0,0.29,826,0,0,
272,711,0,7.84,0,0,0.99,63369.4,81.68,-0.15,-66.76,88036,0,0.29,831,0,0,
273,718,0,7.85,0,0,0.99,62742.74,82.04,-0.15,-66.72,88034,0,0.29,837,0,0,
274,724,0,7.86,0,0,0.99,62157.08,82.38,-0.15,-66.69,88032,0,0.29,843,0,0,
275,731,0,7.88,0,0,0.99,61514.78,82.74,-0.15,-66.66,88029,0,0.29,849,0,0,
276,738,0,7.89,0,0,0.99,60914.64,83.08,-0.15,-66.62,88027,0,0.29,855,0,0,
277,745,0,7.9,0,0,0.99,60256.65,83.44,-0.15,-66.59,88024,0,0.29,861,0,0,
278,751,0,7.91,0,0,0.99,59642.02,83.78,-0.15,-66.56,88021,0,0.29,866,0,0,
279,759,0.01,7.92,0,0,0.99,58968.29,84.15,-0.15,-66.52,88017,0,0.29,873,0,0,
280,765,0.01,7.93,0,0,0.99,58339.11,84.49,-0.15,-66.49,88012,0,0.29,879,0,0,
281,772,0.01,7.94,0,0,0.99,57649.6,84.86,-0.15,-66.45,88007,0,0.29,885,0,0,
282,779,0.01,7.95,0,0,0.99,57005.84,85.2,-0.15,-66.42,88002,0,0.29,891,0,0,
283,786,0.01,7.97,0,0,0.99,56300.52,85.57,-0.15,-66.39,87996,0,0.29,897,0,0,
284,793,0.01,7.98,0,0,0.99,55642.14,85.91,-0.15,-66.35,87989,0,0.29,903,0,0.01,
285,800,0.01,7.99,0,0,0.99,54920.95,86.29,-0.15,-66.32,87981,0,0.29,910,0,0.01,
286,807,0.01,8,0,0,0.99,54247.92,86.63,-0.15,-66.29,87973,0,0.29,916,0,0.01,
287,814,0.01,8,0,0,0.99,53525.09,87,-0.15,-66.25,87963,0,0.29,922,0,0.01,
288,821,0.01,8.01,0,0,0.99,52808.72,87.36,-0.15,-66.22,87952,0,0.29,928,0,0.01,
289,829,0.01,8.01,0,0,0.99,52084.7,87.73,-0.15,-66.18,87940,0,0.29,935,0,0.01,
290,836,0.02,8.01,0,0,0.99,51367.73,88.09,-0.15,-66.15,87925,0,0.29,941,0,0.01,
291,843,0.02,8.01,0,0,0.99,50598.82,88.47,-0.16,-66.11,87908,0,0.29,947,0,0.01,
292,850,0.02,8.01,0,0,0.99,49866.71,88.83,-0.16,-66.08,87889,0,0.29,954,0,0.02,
293,857,0.02,8,0,0,0.99,49112.08,89.2,-0.16,-66.04,87867,0,0.29,960,0,0.02,
294,864,0.03,8,0,0,0.99,48349.81,89.57,-0.16,-66.01,87842,0,0.29,966,0,0.02,
295,871,0.03,7.99,0,0,0.99,47579.91,89.94,-0.16,-65.97,87813,0,0.29,973,0,0.02,
296,878,0.03,7.97,0,0,0.99,46802.39,90.31,-0.16,-65.93,87780,0,0.29,979,0,0.03,
297,886,0.04,7.95,0,0,0.99,46017.27,90.68,-0.16,-65.9,87743,0,0.29,986,0,0.03,
298,893,0.04,7.93,0,0,0.99,45240.49,91.05,-0.16,-65.86,87701,0,0.29,992,0,0.03,
299,900,0.05,7.91,0,0,0.99,44424.3,91.43,-0.16,-65.83,87652,0,0.29,998,0,0.04,
300,907,0.05,7.87,0,0,0.99,43632.74,91.8,-0.16,-65.79,87597,0,0.29,1005,0,0.04,
301,914,0.06,7.83,0,0,0.99,42801.24,92.19,-0.16,-65.75,87533,0,0.29,1011,0,0.05,
302,921,0.07,7.77,0,0,0.99,41978.53,92.56,-0.16,-65.72,87460,0,0.29,1017,0,0.06,
303,928,0.08,7.71,0,0,0.99,41148.43,92.94,-0.16,-65.68,87375,0,0.29,1024,0,0.07,
304,934,0.09,7.62,0,0,0.99,40311.02,93.33,-0.16,-65.65,87278,0,0.29,1030,0,0.08,
305,941,0.11,7.53,0,0,0.99,39466.38,93.71,-0.16,-65.61,87165,0,0.29,1036,0,0.09,
306,948,0.12,7.41,0,0,0.99,38631.74,94.08,-0.16,-65.57,87037,0,0.29,1042,0,0.1,
307,954,0.14,7.26,0,0,0.99,37738.65,94.48,-0.16,-65.54,86878,0,0.29,1048,0,0.11,
308,960,0.17,7.07,0,0,0.99,36907.71,94.85,-0.16,-65.5,86704,0,0.29,1053,0,0.13,
309,967,0.2,6.82,0,0,0.99,36000.64,95.26,-0.16,-65.46,86480,0,0.29,1059,0,0.15,
310,972,0.23,6.56,0,0,0.99,35157.24,95.63,-0.16,-65.43,86235,0,0.29,1064,0,0.17,
311,978,0.28,6.21,0,0,0.99,34237.26,96.03,-0.16,-65.39,85918,0,0.29,1068,0,0.2,
312,982,0.33,5.81,0,0,0.99,33364.74,96.41,-0.16,-65.35,85560,0,0.29,1073,0,0.23,
313,987,0.39,5.37,0,0,0.99,32469.25,96.8,-0.16,-65.31,85126,0,0.29,1076,0,0.26,
314,991,0.46,4.85,0,0,0.99,31569.07,97.19,-0.16,-65.28,84610,0,0.29,1080,0,0.31,
315,994,0.55,4.28,0,0,0.99,30646.72,97.58,-0.16,-65.24,83982,0,0.29,1082,0,0.36,
316,995,0.65,3.75,0,0,0.99,29775.54,97.96,-0.16,-65.2,83277,0,0.29,1083,0,0.42,
317,996,0.78,3.34,0,0,0.99,28829.37,98.36,-0.16,-65.17,82365,0,0.29,1084,0,0.49,
318,996,0.93,3.44,0,0,0.99,27954.89,98.73,-0.16,-65.13,81360,0,0.29,1083,0,0.58,
319,994,1.11,4.25,0,0,0.99,27026,99.12,-0.16,-65.09,80092,0,0.29,1080,0,0.68,
320,990,1.31,5.68,0,0,0.99,26135.37,99.49,-0.16,-65.06,78654,0,0.28,1076,0,0.8,
321,983,1.55,7.72,0,0,0.99,25194.18,99.88,-0.16,-65.02,76865,0,0.28,1069,0,0.95,
322,975,1.8,9.94,0,0,0.99,24331.03,100.24,-0.16,-64.99,74960,0,0.28,1060,0,1.12,
323,963,2.1,12.75,0,0,0.99,23404.57,100.62,-0.16,-64.95,72600,0,0.28,1048,0,1.33,
324,949,2.41,15.68,0,0,0.99,22559.86,100.97,-0.16,-64.92,70132,0,0.28,1034,0,1.56,
325,931,2.77,19.07,0,0,0.99,21676.39,101.33,-0.16,-64.88,67205,0,0.28,1015,0,1.85,
326,910,3.13,22.54,0,0,0.99,20827.45,101.67,-0.16,-64.85,64045,0,0.28,994,0,2.17,
327,885,3.49,26.03,0,0,0.99,19998.82,102.01,-0.16,-64.82,60633,0,0.27,969,0,2.54,
328,857,3.85,29.46,0,0,0.99,19193.77,102.33,-0.16,-64.79,57016,0,0.27,940,0,2.96,
329,825,4.19,32.76,0,0,0.99,18400.19,102.64,-0.16,-64.76,53179,0,0.27,908,0,3.45,
330,791,4.48,35.57,0,0,0.99,17666.89,102.93,-0.16,-64.73,49420,0,0.27,874,0,3.98,
331,753,4.73,37.97,0,0,0.99,16936.67,103.22,-0.16,-64.7,45514,0,0.26,836,0,4.59,
332,715,4.9,39.58,0,0,0.99,16282.14,103.47,-0.16,-64.68,41919,0,0.26,799,0,5.22,
333,674,4.99,40.47,0,0,0.99,15622.96,103.72,-0.16,-64.65,38265,0,0.25,758,0,5.94,
334,635,5,40.5,0,0,0.99,15025.49,103.95,-0.16,-64.63,34977,0,0.25,719,0,6.67,
335,593,4.93,39.82,0,0,0.99,14429.82,104.17,-0.16,-64.61,31769,0,0.24,678,0,7.5,
336,556,4.89,39.39,0,0,0.99,13914.49,104.36,-0.16,-64.59,29065,0,0.24,641,0,8.3,
337,514,5.08,41.19,0,0,0.99,13403.47,104.55,-0.16,-64.57,26344,0,0.23,600,0,9.18,
338,473,5.3,43.31,0,0,0.99,12949.72,104.71,-0.16,-64.56,23844,0,0.23,559,0,10.04,
339,428,5.35,43.78,0,0,0.99,12518.04,104.87,-0.16,-64.54,21435,0,0.22,516,0,10.92,
340,386,5.1,41.29,0,0,0.99,12134.95,105,-0.16,-64.53,19376,0,0.21,475,0,11.78,
341,348,4.59,36.3,0,0,0.99,11788.82,105.11,-0.16,-64.52,17682,0,0.21,439,0,12.61,
342,317,3.97,30.12,0,0,0.99,11480.82,105.22,-0.16,-64.51,16370,0,0.2,409,0,13.39,
343,296,2.54,16.22,0,0,0.99,11185.13,105.31,-0.16,-64.5,15468,0,0.2,389,0,14.2,
344,286,1.76,8.72,0,0,0.99,10913.74,105.4,-0.16,-64.49,14931,0,0.2,379,0,14.97,
345,280,1.41,5.51,0,0,0.99,10632.48,105.48,-0.16,-64.49,14501,0,0.19,373,0,15.82,
346,277,1.26,4.17,0,0,0.99,10371.03,105.56,-0.16,-64.48,14156,0,0.19,368,0,16.66,
347,274,1.17,3.48,0,0,0.99,10106.51,105.63,-0.17,-64.47,13833,0,0.19,365,0,17.54,
348,272,1.13,3.11,0,0,0.99,9848.82,105.7,-0.17,-64.46,13534,0,0.19,362,0,18.45,
349,270,1.1,2.88,0,0,0.99,9581.85,105.77,-0.17,-64.46,13231,0,0.19,359,0,19.45,
350,269,1.09,2.73,0,0,0.99,9321.13,105.84,-0.17,-64.45,12940,0,0.19,357,0,20.47,
351,267,1.08,2.63,0,0,0.99,9061.33,105.9,-0.17,-64.44,12652,0,0.19,355,0,21.54,
352,266,1.08,2.56,0,0,0.99,8807.57,105.96,-0.17,-64.44,12370,0,0.18,352,0,22.64,
353,264,1.06,2.38,0,0,0.99,8539.17,106.03,-0.17,-64.43,12076,0,0.18,350,0,23.86,
354,263,1.05,2.26,0,0,0.99,8292.06,106.08,-0.17,-64.43,11809,0,0.18,348,0,25.03,
355,262,1.05,2.21,0,0,0.99,8025,106.14,-0.17,-64.42,11520,0,0.18,346,0,26.35,
356,261,1.07,2.21,0,0,0.99,7779.11,106.19,-0.17,-64.42,11252,0,0.18,344,0,27.61,
357,260,1.09,2.28,0,0,0.99,7518.7,106.24,-0.17,-64.41,10962,0,0.18,342,0,29,
358,258,1.11,2.34,0,0,0.99,7269.51,106.29,-0.17,-64.41,10679,0,0.18,340,0,30.38,
359,257,1.13,2.41,0,0,0.99,7006.36,106.34,-0.17,-64.4,10376,0,0.18,338,0,31.89,
360,255,1.14,2.46,0,0,0.99,6764.8,106.39,-0.17,-64.4,10093,0,0.18,335,0,33.34,
361,253,1.16,2.5,0,0,0.99,6509.7,106.43,-0.17,-64.39,9791,0,0.18,333,0,34.92,
362,251,1.17,2.53,0,0,0.99,6266.23,106.47,-0.17,-64.39,9500,0,0.18,330,0,36.49,
363,249,1.17,2.55,0,0,0.99,6009.7,106.51,-0.17,-64.39,9192,0,0.17,328,0,38.2,
364,247,1.18,2.56,0,0,0.99,5774.66,106.55,-0.17,-64.38,8907,0,0.17,325,0,39.83,
365,245,1.19,2.57,0,0,0.99,5526.85,106.59,-0.17,-64.38,8606,0,0.17,323,0,41.6,
366,243,1.19,2.56,0,0,0.99,5285.85,106.63,-0.17,-64.38,8313,0,0.17,320,0,43.39,
367,240,1.19,2.54,0,0,0.99,5046.84,106.66,-0.17,-64.37,8021,0,0.17,318,0,45.22,
368,238,1.19,2.52,0,0,0.99,4809.82,106.69,-0.17,-64.37,7731,0,0.17,315,0,47.1,
369,236,1.19,2.5,0,0,0.99,4574.81,106.73,-0.17,-64.37,7443,0,0.17,313,0,49.03,
370,234,1.19,2.47,0,0,0.99,4346.46,106.75,-0.17,-64.36,7164,0,0.17,310,0,50.96,
371,232,1.19,2.43,0,0,0.99,4106.25,106.78,-0.17,-64.36,6871,0,0.17,308,0,53.06,
372,230,1.19,2.4,0,0,0.99,3886.45,106.81,-0.17,-64.36,6602,0,0.17,305,0,55.04,
373,227,1.19,2.36,0,0,0.99,3654.93,106.84,-0.17,-64.36,6320,0,0.17,303,0,57.19,
374,225,1.19,2.33,0,0,0.99,3434.46,106.86,-0.17,-64.35,6051,0,0.17,301,0,59.3,
375,223,1.19,2.29,0,0,0.99,3207,106.89,-0.17,-64.35,5774,0,0.17,298,0,61.54,
376,221,1.19,2.26,0,0,0.99,2986,106.91,-0.17,-64.35,5506,0,0.17,296,0,63.79,
377,219,1.19,2.23,0,0,0.99,2762.6,106.93,-0.17,-64.35,5235,0,0.17,294,0,66.13,
378,217,1.19,2.21,0,0,0.99,2554.2,106.95,-0.17,-64.34,4982,0,0.17,292,0,68.37,
379,215,1.19,2.19,0,0,0.99,2334.75,106.97,-0.17,-64.34,4716,0,0.17,290,0,70.8,
380,213,1.19,2.17,0,0,0.99,2125.81,106.99,-0.17,-64.34,4463,0,0.17,288,0,73.18,
381,211,1.19,2.17,0,0,0.99,1910.34,107.01,-0.17,-64.34,4201,0,0.17,286,0,75.7,
382,208,1.46,4.74,0,0,0.99,1701.45,107.03,-0.17,-64.34,3918,0,0.17,282,0,78.21,
383,198,2.21,12.01,0,0,0.99,1499.08,107.04,-0.17,-64.34,3506,0,0.17,274,0,80.7,
384,189,1.86,8.55,0,0,0.99,1310.58,107.06,-0.17,-64.33,3139,0,0.17,267,0,83.09,
385,181,1.72,7.25,0,0,0.99,1122.96,107.07,-0.17,-64.33,2798,0,0.17,260,0,85.51,
386,174,1.67,6.69,0,0,0.99,949.86,107.08,-0.17,-64.33,2500,0,0.17,255,0,87.81,
387,165,1.91,9,0,0,0.99,773.65,107.1,-0.17,-64.33,2178,0,0.17,249,0,90.19,
388,152,2.72,16.93,0,0,0.99,621.17,107.11,-0.17,-64.33,1801,0,0.17,239,0,92.3,
389,104,8.48,73.42,0,0,0.99,485.12,107.11,-0.17,-64.33,1040,0,0.17,209,0,94.22,
390,50,5.36,42.87,0,0,0.99,412.02,107.12,-0.17,-64.33,538,0,0.17,184,0,95.27,
391,24,2.95,19.17,0,0,0.99,377.12,107.12,-0.17,-64.33,407,0,0.17,178,0,95.78,
392,14,1.84,8.34,0,0,0.99,359.43,107.12,-0.17,-64.33,369,0,0.17,176,0,96.04,
393,9,1.26,2.6,0,0,0.99,348.22,107.12,-0.17,-64.33,353,0,0.17,175,0,96.2,
394,6,1.25,2.5,0,0,0.99,340.77,107.12,-0.17,-64.33,343,0,0.17,175,0,96.31,
395,6,1.07,0.72,0,0,0.99,334.88,107.12,-0.17,-64.33,337,0,0.17,175,0,96.39,
396,5,1.03,0.34,0,0,0.99,329.29,107.12,-0.17,-64.33,331,0,0.17,175,0,96.47,
397,6,0.94,0.49,0,0,0.99,323.88,107.12,-0.17,-64.33,326,0,0.17,175,0,96.55,
398,6,1.01,0.15,0,0,0.99,318.33,107.12,-0.17,-64.33,320,0,0.17,175,0,96.63,
399,6,1,0.04,0,0,0.99,312.71,107.12,-0.17,-64.33,314,0,0.17,175,0,96.71,
400,6,0.96,0.38,0,0,0.99,307.21,107.12,-0.17,-64.33,309,0,0.17,175,0,96.79,
401,6,1,0.05,0,0,0.99,301.64,107.12,-0.17,-64.33,303,0,0.17,175,0,96.87,
402,6,0.92,0.72,0,0,0.99,296.16,107.12,-0.17,-64.33,298,0,0.17,175,0,96.95,
403,6,0.99,0.02,0,0,0.99,290.55,107.12,-0.17,-64.33,292,0,0.17,175,0,97.03,
404,5,1.02,0.29,0,0,0.99,285.11,107.12,-0.17,-64.33,287,0,0.17,175,0,97.11,
405,6,0.95,0.42,0,0,0.99,279.69,107.12,-0.17,-64.33,281,0,0.17,175,0,97.19,
406,6,1,0.04,0,0,0.99,274.08,107.12,-0.17,-64.33,276,0,0.17,175,0,97.27,
407,5,1.04,0.4,0,0,0.99,268.63,107.12,-0.17,-64.33,270,0,0.17,175,0,97.35,
408,6,0.94,0.55,0,0,0.99,263.15,107.12,-0.17,-64.33,265,0,0.17,175,0,97.43,
409,6,0.92,0.7,0,0,0.99,257.66,107.12,-0.17,-64.33,259,0,0.17,175,0,97.51,
410,5,1.01,0.17,0,0,0.99,252.29,107.12,-0.17,-64.33,254,0,0.17,175,0,97.59,
411,5,1,0.08,0,0,0.99,246.73,107.12,-0.17,-64.33,248,0,0.17,175,0,97.67,
412,5,1.05,0.54,0,0,0.99,241.48,107.12,-0.17,-64.33,243,0,0.17,175,0,97.75,
413,5,0.97,0.27,0,0,0.99,235.96,107.12,-0.17,-64.33,238,0,0.17,175,0,97.83,
414,5,1,0.08,0,0,0.99,230.71,107.12,-0.17,-64.33,232,0,0.17,175,0,97.9,
415,6,0.95,0.39,0,0,0.99,225.15,107.12,-0.17,-64.33,227,0,0.17,175,0,97.99,
416,6,0.96,0.31,0,0,0.99,219.53,107.12,-0.17,-64.33,221,0,0.17,175,0,98.07,
417,6,0.95,0.4,0,0,0.99,214.04,107.12,-0.17,-64.33,216,0,0.17,175,0,98.15,
418,5,1,0.03,0,0,0.99,208.52,107.12,-0.17,-64.33,210,0,0.17,175,0,98.23,
419,5,1,0.02,0,0,0.99,203.09,107.12,-0.17,-64.33,205,0,0.17,175,0,98.31,
420,6,0.95,0.47,0,0,0.99,197.62,107.12,-0.17,-64.33,199,0,0.17,175,0,98.39,
421,5,1.03,0.35,0,0,0.99,192.17,107.12,-0.17,-64.33,194,0,0.17,175,0,98.47,
422,5,0.98,0.09,0,0,0.99,186.92,107.12,-0.17,-64.33,189,0,0.17,175,0,98.55,
423,5,1,0.06,0,0,0.99,181.38,107.12,-0.17,-64.33,183,0,0.17,175,0,98.63,
424,6,0.93,0.65,0,0,0.99,176.2,107.12,-0.17,-64.33,178,0,0.17,175,0,98.7,
425,5,1.01,0.12,0,0,0.99,170.55,107.12,-0.17,-64.33,172,0,0.17,175,0,98.79,
426,6,0.96,0.39,0,0,0.99,165.11,107.12,-0.17,-64.33,167,0,0.17,175,0,98.87,
427,5,1.01,0.13,0,0,0.99,159.61,107.12,-0.17,-64.33,161,0,0.17,175,0,98.95,
428,5,1.01,0.15,0,0,0.99,154.4,107.12,-0.17,-64.33,156,0,0.17,175,0,99.02,
429,6,0.95,0.48,0,0,0.99,148.76,107.12,-0.17,-64.33,150,0,0.17,175,0,99.11,
430,5,1.03,0.32,0,0,0.99,143.5,107.12,-0.17,-64.33,145,0,0.17,175,0,99.19,
431,5,1.07,0.69,0,0,0.99,137.96,107.12,-0.17,-64.33,140,0,0.17,175,0,99.27,
432,6,0.98,0.1,0,0,0.99,132.59,107.12,-0.17,-64.33,134,0,0.17,175,0,99.35,
433,6,0.94,0.54,0,0,0.99,127.01,107.12,-0.17,-64.33,129,0,0.17,175,0,99.43,
434,5,1.02,0.25,0,0,0.99,121.59,107.12,-0.17,-64.33,123,0,0.17,175,0,99.51,
435,5,1.03,0.32,0,0,0.99,115.99,107.12,-0.17,-64.33,118,0,0.17,175,0,99.59,
436,5,0.96,0.38,0,0,0.99,110.76,107.12,-0.17,-64.33,112,0,0.17,175,0,99.67,
437,5,0.96,0.29,0,0,0.99,105.21,107.12,-0.17,-64.33,107,0,0.17,175,0,99.75,
438,5,1.02,0.2,0,0,0.99,99.85,107.12,-0.17,-64.33,101,0,0.17,175,0,99.83,
439,5,0.99,0.09,0,0,0.99,94.28,107.12,-0.17,-64.33,96,0,0.17,175,0,99.91,
440,5,0.99,0.02,0,0,0.99,88.98,107.12,-0.17,-64.33,91,0,0.17,175,0,99.99,
441,5,1,0.07,0,0,0.99,83.57,107.12,-0.17,-64.33,85,0,0.17,175,0,100.07,
442,5,1,0.07,0,0,0.99,78.36,107.12,-0.17,-64.33,80,0,0.17,175,0,100.15,
443,5,0.93,0.66,0,0,0.99,73.11,107.12,-0.17,-64.33,75,0,0.17,175,0,100.23,
444,6,0.94,0.53,0,0,0.99,67.66,107.12,-0.17,-64.33,69,0,0.17,175,0,100.31,
445,5,0.99,0.04,0,0,0.99,62.14,107.12,-0.17,-64.33,64,0,0.17,175,0,100.39,
446,5,1.02,0.24,0,0,0.99,56.58,107.12,-0.17,-64.33,58,0,0.17,175,0,100.47,
447,5,1,0.04,0,0,0.99,51.16,107.12,-0.17,-64.33,53,0,0.17,175,0,100.56,
448,5,0.99,0.09,0,0,0.99,45.71,107.12,-0.17,-64.33,47,0,0.17,175,0,100.64,
449,5,0.98,0.14,0,0,0.99,40.31,107.12,-0.17,-64.33,42,0,0.17,175,0,100.72,
450,6,0.96,0.38,0,0,0.99,34.92,107.12,-0.17,-64.33,37,0,0.17,175,0,100.8,
451,5,1.01,0.18,0,0,0.99,29.57,107.12,-0.17,-64.33,31,0,0.17,175,0,100.88,
452,5,1.02,0.25,0,0,0.99,24.39,107.12,-0.17,-64.33,26,0,0.17,175,0,100.96,
453,6,0.94,0.57,0,0,0.99,18.91,107.12,-0.17,-64.33,21,0,0.17,175,0,101.04,
454,5,1,0.09,0,0,0.99,13.75,107.12,-0.17,-64.33,15,0,0.17,175,0,101.12,
455,5,1.03,0.29,0,0,0.99,8.27,107.12,-0.17,-64.33,10,0,0.17,175,0,101.2,
456,5,0.98,0.15,0,0,0.99,3.07,107.12,-0.17,-64.33,5,0,0.17,175,0,101.28,
457,0,1.66,6.57,0,0,0.99,-0.52,107.12,-0.17,-64.33,0,0,0.17,175,0,101.32,
458,0,0.85,1.43,0,0,0.99,0.21,107.12,-0.17,-64.33,0,0,0.17,175,0,101.32,
459,0,1.03,0.35,0,0,0.99,-0.01,107.12,-0.17,-64.33,0,0,0.17,175,0,101.32,
460,0,1,0.09,0,0,0.99,0.01,107.12,-0.17,-64.33,0,0,0.17,175,0,101.32,
461,0,0.98,0.11,0,0,0.99,0.03,107.12,-0.17,-64.33,0,0,0.17,175,0,101.32,
462,0,1,0.07,0,0,0.99,0.01,107.12,-0.17,-64.33,0,0,0.17,175,0,101.32,
463,0,0.99,0.03,0,0,0.99,0.02,107.12,-0.17,-64.33,0,0,0.17,175,0,101.32,
464,0,1,0.01,0,0,0.99,0.02,107.12,-0.17,-64.33,0,0,0.17,175,0,101.32,
465,0,0.99,0,0,0,0.99,0.02,107.12,-0.17,-64.33,0,0,0.17,175,0,101.32,
466,0,1,0,0,0,0.99,0.02,107.12,-0.17,-64.33,0,0,0.17,175,0,101.32,
467,0,1,0,0,0,0.99,0.02,107.12,-0.17,-64.33,0,0,0.17,175,0,101.32,
468,0,1,0,0,0,0.99,0.02,107.12,-0.17,-64.33,0,0,0.17,175,0,101.32,
469,0,1,0,0,0,0.99,0.02,107.12,-0.17,-64.33,0,0,0.17,175,0,101.32,
470,0,1,0,0,0,0.99,0.02,107.12,-0.17,-64.33,0,0,0.17,175,0,101.32,
471,0,1,0,0,0,0.99,0.02,107.12,-0.17,-64.33,0,0,0.17,175,0,101.32,
472,0,1,0,0,0,0.99,0.02,107.12,-0.17,-64.33,0,0,0.17,175,0,101.32,
473,0,1,0,0,0,0.99,0.02,107.12,-0.17,-64.33,0,0,0.17,175,0,101.32,
474,0,1,0,0,0,0.99,0.02,107.12,-0.17,-64.33,0,0,0.17,175,0,101.32,
475,0,1,0,0,0,0.99,0.02,107.12,-0.17,-64.33,0,0,0.17,175,0,101.32,
476,0,1,0,0,0,0.99,0.02,107.12,-0.17,-64.33,0,0,0.17,175,0,101.32,
477,0,1,0,0,0,0.99,0.02,107.12,-0.17,-64.33,0,0,0.17,175,0,101.32,
478,0,1,0,0,0,0.99,0.02,107.12,-0.17,-64.33,0,0,0.17,175,0,101.32,
479,0,1,0,0,0,0.99,0.02,107.12,-0.17,-64.33,0,0,0.17,175,0,101.32,
480,0,1,0,0,0,0.99,0.02,107.12,-0.17,-64.33,0,0,0.17,175,0,101.32,
481,0,1,0,0,0,0.99,0.02,107.12,-0.17,-64.33,0,0,0.17,175,0,101.32,
482,0,1,0,0,0,0.99,0.02,107.12,-0.17,-64.33,0,0,0.17,175,0,101.32,
483,0,1,0,0,0,0.99,0.02,107.12,-0.17,-64.33,0,0,0.17,175,0,101.32,
484,0,1,0,0,0,0.99,0.02,107.12,-0.17,-64.33,0,0,0.17,175,0,101.32,
485,0,1,0,0,0,0.99,0.02,107.12,-0.17,-64.33,0,0,0.17,175,0,101.32,
486,0,1,0,0,0,0.99,0.02,107.12,-0.17,-64.33,0,0,0.17,175,0,101.32,
487,0,1,0,0,0,0.99,0.02,107.12,-0.17,-64.33,0,0,0.17,175,0,101.32,
488,0,1,0,0,0,0.99,0.02,107.12,-0.17,-64.33,0,0,0.17,175,0,101.32,
489,0,1,0,0,0,0.99,0.02,107.12,-0.17,-64.33,0,0,0.17,175,0,101.32,
490,0,1,0,0,0,0.99,0.02,107.12,-0.17,-64.33,0,0,0.17,175,0,101.32,
491,0,1,0,0,0,0.99,0.02,107.12,-0.17,-64.33,0,0,0.17,175,0,101.32,
492,0,1,0,0,0,0.99,0.02,107.12,-0.17,-64.33,0,0,0.17,175,0,101.32,
493,0,1,0,0,0,0.99,0.02,107.12,-0.17,-64.33,0,0,0.17,175,0,101.32,
494,0,1,0,0,0,0.99,0.02,107.12,-0.17,-64.33,0,0,0.17,175,0,101.32,
495,0,1,0,0,0,0.99,0.02,107.12,-0.17,-64.33,0,0,0.17,175,0,101.32,
496,0,1,0,0,0,0.99,0.02,107.12,-0.17,-64.33,0,0,0.17,175,0,101.32,
497,0,1,0,0,0,0.99,0.02,107.12,-0.17,-64.33,0,0,0.17,175,0,101.32,
498,0,1,0,0,0,0.99,0.02,107.12,-0.17,-64.33,0,0,0.17,175,0,101.32,
499,0,1,0,0,0,0.99,0.02,107.12,-0.17,-64.33,0,0,0.17,175,0,101.32,
500,0,1,0,0,0,0.99,0.02,107.12,-0.17,-64.33,0,0,0.17,175,0,101.32,
501,0,1,0,0,0,0.99,0.02,107.12,-0.17,-64.33,0,0,0.17,175,0,101.32,
502,0,1,0,0,0,0.99,0.02,107.12,-0.17,-64.33,0,0,0.17,175,0,101.32,
503,0,1,0,0,0,0.99,0.02,107.12,-0.17,-64.33,0,0,0.17,175,0,101.32,
