Time,VOLTAGE,CURRENT,THRUST,ALTITUDE,ACCELERATION,TEMPERATURE,SCIENCE_COLLECTION,LABEL_ERROR_STATE
0:00,13,3,0,2000,0,34.29,0,0
0:01,25.5,8.0,-499.99,2000.05,0.1,34.28,0,1
0:02,25.5,8.0,-499.99,1994.83,-5.44,34.58,0,1
0:03,25.5,8.0,-499.99,1989.62,-5.41,34.88,0,1
0:04,25.5,8.0,-499.99,1984.69,-4.86,35.16,0,1
0:05,25.5,8.0,-499.99,1979.92,-4.53,35.43,0,1
0:06,25.5,8.0,-499.99,1975.12,-4.6,35.71,0,1
0:07,25.5,8.0,-499.99,1970.17,-4.9,35.99,0,1
0:08,25.5,8.0,-499.99,1965.36,-4.61,36.27,0,1
0:09,25.5,8.0,-499.99,1960.14,-5.43,36.56,0,1
0:10,25.5,8.0,-499.99,1954.94,-5.4,36.86,0,1
0:11,25.5,8.0,-499.99,1950.08,-4.72,37.14,0,1
0:12,25.5,8.0,-499.99,1944.89,-5.38,37.43,0,1
0:13,25.5,8.0,-499.99,1939.71,-5.36,37.73,0,1
0:14,25.5,8.0,-499.99,1934.78,-4.85,38.01,0,1
0:15,25.5,8.0,-499.99,1929.86,-4.83,38.29,0,1
0:16,25.5,8.0,-499.99,1924.82,-5.07,38.58,0,1
0:17,25.5,8.0,-499.99,1919.98,-4.68,38.86,0,1
0:18,25.5,8.0,-499.99,1915.23,-4.49,39.13,0,1
0:19,25.5,8.0,-499.99,1910.48,-4.5,39.4,0,1
0:20,25.5,8.0,-499.99,1905.48,-5.0,39.69,0,1
0:21,25.5,8.0,-499.99,1900.55,-4.85,39.97,0,1
0:22,25.5,8.0,-499.99,1895.5,-5.1,40.26,0,1
0:23,25.5,8.0,-499.99,1890.3,-5.39,40.55,0,1
0:24,25.5,8.0,-499.99,1885.54,-4.51,40.83,0,1
0:25,25.5,8.0,-499.99,1880.51,-5.06,41.11,0,1
0:26,25.5,8.0,-499.99,1875.61,-4.8,41.39,0,1
0:27,25.5,8.0,-499.99,1870.56,-5.09,41.68,0,1
0:28,25.5,8.0,-499.99,1865.37,-5.38,41.98,0,1
0:29,25.5,8.0,-499.99,1860.48,-4.77,42.26,0,1
0:30,25.5,8.0,-499.99,1855.57,-4.82,42.54,0,1
0:31,25.5,8.0,-499.99,1850.51,-5.12,42.83,0,1
0:32,25.5,8.0,-499.99,1845.53,-4.95,43.11,0,1
0:33,25.28,7.91,-491.05,1840.75,-4.55,43.39,0,1
0:34,25.04,7.81,-481.49,1835.73,-5.13,43.67,0,1
0:35,24.79,7.71,-471.45,1830.75,-5.14,43.96,0,1
0:36,24.54,7.61,-461.49,1825.92,-4.94,44.23,0,1
0:37,24.3,7.52,-451.83,1821.42,-4.39,44.49,0,1
0:38,24.07,7.43,-442.83,1816.94,-4.44,44.75,0,1
0:39,23.85,7.34,-433.87,1812.42,-4.62,45.0,0,1
0:40,23.62,7.25,-424.83,1808.2,-4.11,45.25,0,1
0:41,23.41,7.16,-416.39,1804.07,-4.01,45.48,0,1
0:42,23.2,7.08,-408.13,1799.76,-4.46,45.73,0,1
0:43,22.99,7.0,-399.51,1795.45,-4.53,45.97,0,1
0:44,22.77,6.91,-390.89,1791.58,-3.74,46.2,0,1
0:45,22.58,6.83,-383.15,1787.79,-3.68,46.41,0,1
0:46,22.39,6.76,-375.57,1784.02,-3.71,46.63,0,1
0:47,22.2,6.68,-368.03,1780.08,-4.13,46.85,0,1
0:48,22.0,6.6,-360.15,1776.45,-3.57,47.06,0,1
0:49,21.82,6.53,-352.89,1772.81,-3.68,47.27,0,1
0:50,21.64,6.46,-345.61,1769.15,-3.79,47.48,0,1
0:51,21.46,6.38,-338.29,1765.89,-3.06,47.66,0,1
0:52,21.29,6.32,-331.77,1762.56,-3.27,47.85,0,1
0:53,21.13,6.25,-325.11,1759.34,-3.12,48.04,0,1
0:54,20.97,6.19,-318.67,1756.33,-2.76,48.21,0,1
0:55,20.82,6.13,-312.65,1753.0,-3.48,48.4,0,1
0:56,20.65,6.06,-305.99,1750.01,-2.85,48.57,0,1
0:57,20.5,6.0,-300.01,1747.2,-2.56,48.73,0,1
0:58,20.36,5.94,-294.39,1744.17,-3.05,48.9,0,1
0:59,20.21,5.88,-288.33,1741.35,-2.7,49.07,0,1
1:00,20.07,5.83,-282.69,1738.42,-2.97,49.23,0,1
1:01,19.92,5.77,-276.83,1735.43,-3.16,49.4,0,1
1:02,19.77,5.71,-270.85,1732.67,-2.76,49.56,0,1
1:03,19.63,5.65,-265.33,1730.21,-2.22,49.7,0,1
1:04,19.51,5.6,-260.41,1727.52,-2.72,49.86,0,1
1:05,19.38,5.55,-255.03,1725.17,-2.1,49.99,0,1
1:06,19.26,5.5,-250.33,1722.76,-2.26,50.13,0,1
1:07,19.14,5.46,-245.51,1720.38,-2.25,50.26,0,1
1:08,19.02,5.41,-240.75,1718.13,-2.05,50.39,0,1
1:09,18.91,5.36,-236.25,1715.74,-2.38,50.53,0,1
1:10,18.79,5.31,-231.47,1713.36,-2.39,50.67,0,1
1:11,18.67,5.27,-226.71,1711.19,-2.02,50.79,0,1
1:12,18.56,5.22,-222.37,1709.08,-1.96,50.91,0,1
1:13,18.45,5.18,-218.15,1707.08,-1.78,51.02,0,1
1:14,18.35,5.14,-214.15,1704.69,-2.6,51.16,0,1
1:15,18.23,5.09,-209.37,1702.58,-2.07,51.28,0,1
1:16,18.13,5.05,-205.15,1700.37,-2.32,51.41,0,1
1:17,18.02,5.01,-200.73,1698.45,-1.79,51.52,0,1
1:18,17.92,4.97,-196.89,1696.45,-1.99,51.63,0,0
1:19,17.82,4.93,-192.89,1694.69,-1.55,51.73,0,0
1:20,17.73,4.89,-189.37,1692.75,-1.95,51.84,0,0
1:21,17.64,4.85,-185.49,1691.1,-1.41,51.94,0,0
1:22,17.55,4.82,-182.19,1689.11,-2.13,52.05,0,0
1:23,17.46,4.78,-178.21,1687.15,-2.09,52.16,0,0
1:24,17.36,4.74,-174.29,1685.33,-1.85,52.27,0,0
1:25,17.27,4.71,-170.65,1683.58,-1.76,52.37,0,0
1:26,17.18,4.67,-167.15,1681.69,-2.08,52.47,0,0
1:27,17.08,4.63,-163.37,1680.04,-1.63,52.57,0,0
1:28,17.0,4.6,-160.07,1678.4,-1.64,52.66,0,0
1:29,16.92,4.57,-156.79,1676.66,-1.87,52.76,0,0
1:30,16.83,4.53,-153.31,1675.11,-1.53,52.85,0,0
1:31,16.76,4.5,-150.21,1673.45,-1.78,52.95,0,0
1:32,16.67,4.47,-146.89,1671.99,-1.42,53.03,0,0
1:33,16.6,4.44,-143.97,1670.46,-1.6,53.12,0,0
1:34,16.52,4.41,-140.91,1668.94,-1.6,53.2,0,0
1:35,16.45,4.38,-137.87,1667.59,-1.3,53.28,0,0
1:36,16.38,4.35,-135.17,1666.37,-1.06,53.35,0,0
1:37,16.32,4.33,-132.73,1665.2,-0.98,53.42,0,0
1:38,16.26,4.3,-130.39,1663.8,-1.47,53.5,0,0
1:39,16.19,4.28,-127.59,1662.51,-1.27,53.57,0,0
1:40,16.13,4.25,-125.01,1661.16,-1.42,53.65,0,0
1:41,16.06,4.22,-122.31,1659.8,-1.46,53.73,0,0
1:42,15.99,4.2,-119.59,1658.58,-1.22,53.8,0,0
1:43,15.93,4.17,-117.15,1657.48,-1.0,53.86,0,0
1:44,15.87,4.15,-114.95,1656.27,-1.24,53.93,0,0
1:45,15.81,4.13,-112.53,1654.96,-1.48,54.0,0,0
1:46,15.75,4.1,-109.91,1653.77,-1.26,54.07,0,0
1:47,15.69,4.08,-107.53,1652.5,-1.45,54.14,0,0
1:48,15.62,4.05,-104.99,1651.29,-1.35,54.21,0,0
1:49,15.56,4.03,-102.57,1650.17,-1.19,54.28,0,0
1:50,15.51,4.0,-100.33,1648.99,-1.33,54.34,0,0
1:51,15.45,3.98,-97.97,1647.85,-1.28,54.41,0,0
1:52,15.39,3.96,-95.69,1646.84,-1.05,54.47,0,0
1:53,15.34,3.94,-93.67,1646.13,-0.47,54.51,0,0
1:54,15.31,3.92,-92.25,1645.12,-1.08,54.56,0,0
1:55,15.26,3.9,-90.23,1644.05,-1.21,54.63,0,0
1:56,15.2,3.88,-88.09,1642.95,-1.29,54.69,0,0
1:57,15.15,3.86,-85.89,1641.95,-1.11,54.75,0,0
1:58,15.1,3.84,-83.89,1640.98,-1.08,54.8,0,0
1:59,15.05,3.82,-81.95,1639.96,-1.2,54.86,0,0
2:00,15.0,3.8,-79.91,1639.35,-0.41,54.89,0,0
2:01,14.97,3.79,-78.69,1638.34,-1.22,54.95,0,0
2:02,14.92,3.77,-76.67,1637.61,-0.68,54.99,0,0
2:03,14.88,3.75,-75.21,1636.63,-1.19,55.05,0,0
2:04,14.83,3.73,-73.25,1635.75,-1.01,55.1,0,0
2:05,14.79,3.71,-71.49,1634.79,-1.18,55.15,0,0
2:06,14.74,3.7,-69.57,1634.2,-0.46,55.19,0,0
2:07,14.71,3.68,-68.39,1633.54,-0.62,55.23,0,0
2:08,14.68,3.67,-67.07,1632.93,-0.54,55.26,0,0
2:09,14.65,3.66,-65.85,1632.45,-0.29,55.29,0,0
2:10,14.62,3.65,-64.89,1631.89,-0.46,55.32,0,0
2:11,14.59,3.64,-63.77,1631.01,-1.12,55.37,0,0
2:12,14.55,3.62,-62.01,1630.59,-0.21,55.39,0,0
2:13,14.53,3.61,-61.17,1630.12,-0.31,55.42,0,0
2:14,14.51,3.6,-60.23,1629.42,-0.78,55.46,0,0
2:15,14.47,3.59,-58.83,1628.86,-0.52,55.49,0,0
2:16,14.44,3.58,-57.71,1628.13,-0.87,55.54,0,0
2:17,14.41,3.56,-56.25,1627.52,-0.64,55.57,0,0
2:18,14.38,3.55,-55.03,1626.89,-0.69,55.61,0,0
2:19,14.34,3.54,-53.77,1626.38,-0.47,55.64,0,0
2:20,14.32,3.53,-52.75,1625.94,-0.34,55.66,0,0
2:21,14.3,3.52,-51.87,1625.43,-0.49,55.69,0,0
2:22,14.27,3.51,-50.85,1624.86,-0.63,55.72,0,0
2:23,14.24,3.5,-49.71,1624.42,-0.37,55.75,0,0
2:24,14.22,3.49,-48.83,1624.15,-0.04,55.76,0,0
2:25,14.21,3.48,-48.29,1623.73,-0.35,55.79,0,0
2:26,14.19,3.47,-47.45,1623.2,-0.57,55.82,0,0
2:27,14.16,3.46,-46.39,1622.76,-0.4,55.84,0,0
2:28,14.14,3.46,-45.51,1622.4,-0.26,55.86,0,0
2:29,14.12,3.45,-44.79,1622.06,-0.22,55.88,0,0
2:30,14.1,3.44,-44.11,1621.47,-0.73,55.92,0,0
2:31,14.07,3.43,-42.93,1621.11,-0.28,55.94,0,0
2:32,14.06,3.42,-42.21,1620.82,-0.15,55.95,0,0
2:33,14.04,3.42,-41.63,1620.24,-0.74,55.99,0,0
2:34,14.01,3.4,-40.47,1620.02,-0.03,56.0,0,0
2:35,14.0,3.4,-40.03,1619.55,-0.54,56.03,0,0
2:36,13.98,3.39,-39.09,1619.3,-0.09,56.04,0,0
2:37,13.96,3.39,-38.59,1618.67,-0.87,56.08,0,0
2:38,13.93,3.37,-37.33,1618.2,-0.56,56.1,0,0
2:39,13.91,3.36,-36.39,1617.67,-0.68,56.13,0,0
2:40,13.88,3.35,-35.33,1617.55,0.13,56.14,0,0
2:41,13.88,3.35,-35.09,1617.13,-0.49,56.16,0,0
2:42,13.86,3.34,-34.25,1616.58,-0.75,56.2,0,0
2:43,13.83,3.33,-33.15,1616.33,-0.16,56.21,0,0
2:44,13.82,3.33,-32.65,1616.18,0.04,56.22,0,0
2:45,13.81,3.32,-32.35,1615.83,-0.38,56.24,0,0
2:46,13.79,3.32,-31.65,1615.43,-0.48,56.26,0,0
2:47,13.77,3.31,-30.85,1615.25,-0.04,56.27,0,0
2:48,13.76,3.3,-30.49,1615.02,-0.15,56.28,0,0
2:49,13.75,3.3,-30.03,1614.83,-0.08,56.3,0,0
2:50,13.74,3.3,-29.65,1614.59,-0.17,56.31,0,0
2:51,13.73,3.29,-29.17,1614.51,0.14,56.31,0,0
2:52,13.73,3.29,-29.01,1614.43,0.13,56.32,0,0
2:53,13.72,3.29,-28.85,1614.36,0.16,56.32,0,0
2:54,13.72,3.29,-28.71,1614.26,0.09,56.33,0,0
2:55,13.71,3.29,-28.51,1613.98,-0.28,56.34,0,0
2:56,13.7,3.28,-27.95,1613.53,-0.61,56.37,0,0
2:57,13.68,3.27,-27.05,1613.2,-0.39,56.39,0,0
2:58,13.66,3.26,-26.39,1612.88,-0.36,56.41,0,0
2:59,13.64,3.26,-25.75,1612.86,0.23,56.41,0,0
3:00,13.64,3.26,-25.71,1612.64,-0.18,56.42,0,0
3:01,13.63,3.25,-25.27,1612.25,-0.52,56.44,0,0
3:02,13.61,3.24,-24.49,1611.78,-0.68,56.47,0,0
3:03,13.59,3.24,-23.55,1611.46,-0.39,56.49,0,0
3:04,13.57,3.23,-22.91,1611.31,-0.06,56.5,0,0
3:05,13.57,3.23,-22.61,1610.97,-0.45,56.52,0,0
3:06,13.55,3.22,-21.93,1610.66,-0.4,56.53,0,0
3:07,13.53,3.21,-21.31,1610.4,-0.3,56.55,0,0
3:08,13.52,3.21,-20.79,1610.13,-0.33,56.56,0,0
3:09,13.51,3.2,-20.25,1610.12,0.18,56.56,0,0
3:10,13.51,3.2,-20.23,1609.98,-0.07,56.57,0,0
3:11,13.5,3.2,-19.95,1609.57,-0.61,56.6,0,0
3:12,13.48,3.19,-19.13,1609.23,-0.49,56.62,0,0
3:13,13.46,3.18,-18.45,1609.09,-0.09,56.62,0,0
3:14,13.45,3.18,-18.17,1608.68,-0.63,56.65,0,0
3:15,13.43,3.17,-17.35,1608.71,0.24,56.65,0,0
3:16,13.44,3.17,-17.41,1608.3,-0.64,56.67,0,0
3:17,13.41,3.17,-16.59,1608.16,-0.11,56.68,0,0
3:18,13.41,3.16,-16.31,1608.13,0.11,56.68,0,0
3:19,13.41,3.16,-16.25,1608.15,0.21,56.68,0,0
3:20,13.41,3.16,-16.29,1608.16,0.19,56.68,0,0
3:21,13.41,3.16,-16.31,1608.19,0.22,56.67,0,0
3:22,13.41,3.16,-16.37,1607.98,-0.25,56.69,0,0
3:23,13.4,3.16,-15.95,1608.03,0.26,56.68,0,0
3:24,13.4,3.16,-16.05,1608.06,0.21,56.68,0,0
3:25,13.4,3.16,-16.11,1607.87,-0.22,56.69,0,0
3:26,13.39,3.16,-15.73,1607.52,-0.53,56.71,0,0
3:27,13.38,3.15,-15.03,1607.56,0.24,56.71,0,0
3:28,13.38,3.15,-15.11,1607.36,-0.25,56.72,0,0
3:29,13.37,3.15,-14.71,1607.08,-0.41,56.74,0,0
3:30,13.35,3.14,-14.15,1607.08,0.14,56.74,0,0
3:31,13.35,3.14,-14.15,1606.96,-0.09,56.75,0,0
3:32,13.35,3.14,-13.91,1606.61,-0.56,56.77,0,0
3:33,13.33,3.13,-13.21,1606.69,0.3,56.76,0,0
3:34,13.33,3.13,-13.37,1606.68,0.12,56.76,0,0
3:35,13.33,3.13,-13.35,1606.8,0.37,56.75,0,0
3:36,13.34,3.14,-13.59,1606.57,-0.32,56.77,0,0
3:37,13.33,3.13,-13.13,1606.68,0.35,56.76,0,0
3:38,13.33,3.13,-13.35,1606.49,-0.25,56.77,0,0
3:39,13.32,3.13,-12.97,1606.23,-0.38,56.79,0,0
3:40,13.31,3.12,-12.45,1606.03,-0.28,56.8,0,0
3:41,13.3,3.12,-12.05,1606.13,0.32,56.79,0,0
3:42,13.31,3.12,-12.25,1605.98,-0.17,56.8,0,0
3:43,13.3,3.12,-11.95,1605.98,0.13,56.8,0,0
3:44,13.3,3.12,-11.95,1605.9,-0.04,56.81,0,0
3:45,13.29,3.12,-11.79,1605.7,-0.29,56.82,0,0
3:46,13.28,3.11,-11.39,1605.46,-0.36,56.83,0,0
3:47,13.27,3.11,-10.91,1605.43,0.06,56.83,0,0
3:48,13.27,3.11,-10.85,1605.41,0.07,56.83,0,0
3:49,13.27,3.11,-10.81,1605.27,-0.17,56.84,0,0
3:50,13.26,3.11,-10.53,1605.06,-0.31,56.85,0,0
3:51,13.25,3.1,-10.11,1605.11,0.2,56.85,0,0
3:52,13.26,3.1,-10.21,1604.81,-0.49,56.87,0,0
3:53,13.24,3.1,-9.61,1604.68,-0.16,56.88,0,0
3:54,13.23,3.09,-9.35,1604.56,-0.15,56.88,0,0
3:55,13.23,3.09,-9.11,1604.65,0.28,56.88,0,0
3:56,13.23,3.09,-9.29,1604.41,-0.38,56.89,0,0
3:57,13.22,3.09,-8.81,1604.32,-0.08,56.9,0,0
3:58,13.22,3.09,-8.63,1604.38,0.2,56.89,0,0
3:59,13.22,3.09,-8.75,1604.49,0.3,56.89,0,0
4:00,13.22,3.09,-8.97,1604.17,-0.56,56.9,0,0
4:01,13.21,3.08,-8.33,1603.89,-0.47,56.92,0,0
4:02,13.19,3.08,-7.77,1603.63,-0.43,56.94,0,0
4:03,13.18,3.07,-7.25,1603.51,-0.16,56.94,0,0
4:04,13.18,3.07,-7.01,1603.5,0.06,56.94,0,0
4:05,13.17,3.07,-6.99,1603.51,0.09,56.94,0,0
4:06,13.18,3.07,-7.01,1603.32,-0.31,56.95,1,0
4:07,13.17,3.07,-6.63,1603.24,-0.08,56.96,1,0
4:08,13.16,3.06,-6.47,1603.21,0.0,56.96,1,0
4:09,13.16,3.06,-6.41,1603.17,-0.02,56.96,1,0
4:10,13.16,3.06,-6.33,1602.86,-0.55,56.98,1,0
4:11,13.14,3.06,-5.71,1602.56,-0.53,57.0,1,0
4:12,13.13,3.05,-5.11,1602.7,0.33,56.99,1,0
4:13,13.13,3.05,-5.39,1602.54,-0.26,57.0,1,0
4:14,13.13,3.05,-5.07,1602.51,-0.01,57.0,1,0
4:15,13.13,3.05,-5.01,1602.27,-0.42,57.01,1,0
4:16,13.11,3.05,-4.53,1602.06,-0.36,57.03,1,0
4:17,13.1,3.04,-4.11,1602.11,0.14,57.02,1,0
4:18,13.11,3.04,-4.21,1601.85,-0.48,57.04,1,0
4:19,13.09,3.04,-3.69,1601.68,-0.3,57.05,1,0
4:20,13.08,3.03,-3.35,1601.55,-0.22,57.05,1,0
4:21,13.08,3.03,-3.09,1601.64,0.22,57.05,1,0
4:22,13.08,3.03,-3.27,1601.56,-0.12,57.05,1,0
4:23,13.08,3.03,-3.11,1601.59,0.1,57.05,1,0
4:24,13.08,3.03,-3.17,1601.44,-0.27,57.06,1,0
4:25,13.07,3.03,-2.87,1601.18,-0.48,57.08,1,0
4:26,13.06,3.02,-2.35,1600.96,-0.42,57.09,1,0
4:27,13.05,3.02,-1.91,1601.1,0.31,57.08,1,0
4:28,13.05,3.02,-2.19,1600.98,-0.23,57.09,1,0
4:29,13.05,3.02,-1.95,1601.03,0.12,57.08,1,0
4:30,13.05,3.02,-2.05,1601.23,0.41,57.07,1,0
4:31,13.06,3.02,-2.45,1601.13,-0.18,57.08,1,0
4:32,13.06,3.02,-2.25,1601.21,0.19,57.07,1,0
4:33,13.06,3.02,-2.41,1601.36,0.33,57.07,1,0
4:34,13.07,3.03,-2.71,1601.43,0.16,57.06,1,0
4:35,13.07,3.03,-2.85,1601.53,0.22,57.06,1,0
4:36,13.08,3.03,-3.05,1601.43,-0.17,57.06,1,0
4:37,13.07,3.03,-2.85,1601.29,-0.25,57.07,1,0
4:38,13.06,3.03,-2.57,1601.28,0.01,57.07,1,0
4:39,13.06,3.03,-2.55,1601.27,0.0,57.07,1,0
4:40,13.06,3.03,-2.53,1601.39,0.26,57.06,1,0
4:41,13.07,3.03,-2.77,1601.31,-0.14,57.07,1,0
4:42,13.07,3.03,-2.61,1601.48,0.36,57.06,1,0
4:43,13.07,3.03,-2.95,1601.43,-0.08,57.06,1,0
4:44,13.07,3.03,-2.85,1601.46,0.08,57.06,1,0
4:45,13.07,3.03,-2.91,1601.31,-0.28,57.07,1,0
4:46,13.07,3.03,-2.61,1601.06,-0.47,57.08,1,0
4:47,13.05,3.02,-2.11,1600.81,-0.48,57.1,1,0
4:48,13.04,3.02,-1.61,1600.94,0.28,57.09,1,0
4:49,13.05,3.02,-1.87,1600.87,-0.13,57.09,1,0
4:50,13.04,3.02,-1.73,1600.9,0.08,57.09,1,0
4:51,13.04,3.02,-1.79,1601.12,0.46,57.08,1,0
4:52,13.06,3.02,-2.23,1601.26,0.29,57.07,1,0
4:53,13.06,3.03,-2.51,1601.28,0.06,57.07,1,0
4:54,13.06,3.03,-2.55,1601.14,-0.26,57.08,1,0
4:55,13.06,3.02,-2.27,1601.22,0.19,57.07,1,0
4:56,13.06,3.02,-2.43,1601.25,0.09,57.07,1,0
4:57,13.06,3.02,-2.49,1601.02,-0.44,57.08,1,0
4:58,13.05,3.02,-2.03,1600.96,-0.09,57.09,1,0
4:59,13.05,3.02,-1.91,1601.0,0.1,57.09,1,0
5:00,13.05,3.02,-1.99,1600.78,-0.43,57.1,1,0
5:01,13.04,3.02,-1.55,1600.59,-0.36,57.11,1,0
5:02,13.03,3.01,-1.17,1600.65,0.14,57.11,1,0
5:03,13.03,3.01,-1.29,1600.57,-0.14,57.11,1,0
5:04,13.03,3.01,-1.13,1600.48,-0.17,57.12,1,0
5:05,13.02,3.01,-0.95,1600.62,0.3,57.11,1,0
5:06,13.03,3.01,-1.23,1600.67,0.11,57.1,1,0
5:07,13.03,3.01,-1.33,1600.42,-0.49,57.12,1,0
5:08,13.02,3.01,-0.83,1600.23,-0.36,57.13,1,0
5:09,13.01,3.0,-0.45,1600.38,0.31,57.12,1,0
5:10,13.02,3.01,-0.75,1600.47,0.18,57.12,1,0
5:11,13.02,3.01,-0.93,1600.4,-0.13,57.12,1,0
5:12,13.02,3.01,-0.79,1600.27,-0.25,57.13,1,0
5:13,13.01,3.01,-0.53,1600.38,0.23,57.12,1,0
5:14,13.02,3.01,-0.75,1600.18,-0.4,57.13,1,0
5:15,13.01,3.0,-0.35,1600.12,-0.12,57.14,1,0
5:16,13.01,3.0,-0.23,1600.21,0.18,57.13,1,0
5:17,13.01,3.0,-0.41,1600.06,-0.3,57.14,1,0
5:18,13.0,3.0,-0.11,1600.25,0.39,57.13,1,0
5:19,13.01,3.0,-0.49,1600.42,0.34,57.12,1,0
5:20,13.02,3.01,-0.83,1600.63,0.42,57.11,1,0
5:21,13.03,3.01,-1.25,1600.4,-0.46,57.12,1,0
5:22,13.02,3.01,-0.79,1600.34,-0.1,57.12,1,0
5:23,13.02,3.01,-0.67,1600.58,0.49,57.11,1,0
5:24,13.03,3.01,-1.15,1600.37,-0.41,57.12,1,0
5:25,13.02,3.01,-0.73,1600.34,-0.04,57.12,1,0
5:26,13.02,3.01,-0.67,1600.53,0.38,57.11,1,0
5:27,13.03,3.01,-1.05,1600.39,-0.27,57.12,1,0
5:28,13.02,3.01,-0.77,1600.36,-0.04,57.12,1,0
5:29,13.02,3.01,-0.71,1600.6,0.48,57.11,1,0
5:30,13.03,3.01,-1.19,1600.56,-0.08,57.11,1,0
5:31,13.03,3.01,-1.11,1600.7,0.29,57.1,1,0
5:32,13.03,3.01,-1.39,1600.52,-0.35,57.11,1,0
5:33,13.03,3.01,-1.03,1600.58,0.13,57.11,1,0
5:34,13.03,3.01,-1.15,1600.42,-0.31,57.12,1,0
5:35,13.02,3.01,-0.83,1600.57,0.32,57.11,1,0
5:36,13.03,3.01,-1.13,1600.8,0.47,57.1,1,0
5:37,13.04,3.02,-1.59,1600.81,0.04,57.1,1,0
5:38,13.04,3.02,-1.61,1600.63,-0.35,57.11,1,0
5:39,13.03,3.01,-1.25,1600.5,-0.25,57.11,1,0
5:40,13.02,3.01,-0.99,1600.5,0.02,57.11,1,0
5:41,13.02,3.01,-0.99,1600.34,-0.31,57.12,1,0
5:42,13.02,3.01,-0.67,1600.43,0.2,57.12,1,0
5:43,13.02,3.01,-0.85,1600.47,0.08,57.12,1,0
5:44,13.02,3.01,-0.93,1600.65,0.37,57.11,1,0
5:45,13.03,3.01,-1.29,1600.6,-0.1,57.11,1,0
5:46,13.03,3.01,-1.19,1600.51,-0.16,57.11,1,0
5:47,13.03,3.01,-1.01,1600.34,-0.32,57.12,1,0
5:48,13.02,3.01,-0.67,1600.52,0.37,57.11,1,0
5:49,13.03,3.01,-1.03,1600.7,0.37,57.1,1,0
5:50,13.03,3.01,-1.39,1600.58,-0.22,57.11,1,0
5:51,13.03,3.01,-1.15,1600.64,0.14,57.11,1,0
5:52,13.03,3.01,-1.27,1600.75,0.23,57.1,1,0
5:53,13.04,3.01,-1.49,1600.73,-0.02,57.1,1,0
5:54,13.04,3.01,-1.45,1600.73,0.02,57.1,1,0
5:55,13.04,3.01,-1.45,1600.56,-0.33,57.11,1,0
5:56,13.03,3.01,-1.11,1600.37,-0.36,57.12,1,0
5:57,13.02,3.01,-0.73,1600.13,-0.47,57.14,1,0
5:58,13.01,3.0,-0.25,1599.95,-0.35,57.15,1,0
5:59,13.0,3.0,0.1,1600.18,0.47,57.13,1,0
6:00,13.01,3.0,-0.35,1600.3,0.24,57.13,1,0
6:01,13.01,3.01,-0.59,1600.32,0.05,57.12,1,0
6:02,13.02,3.01,-0.63,1600.18,-0.28,57.13,1,0
6:03,13.01,3.0,-0.35,1600.13,-0.1,57.14,1,0
6:04,13.01,3.0,-0.25,1600.2,0.15,57.13,1,0
6:05,13.01,3.0,-0.39,1600.38,0.37,57.12,1,0
6:06,13.02,3.01,-0.75,1600.5,0.25,57.11,1,0
6:07,13.02,3.01,-0.99,1600.37,-0.26,57.12,1,0
6:08,13.02,3.01,-0.73,1600.32,-0.09,57.12,1,0
6:09,13.02,3.01,-0.63,1600.14,-0.36,57.13,1,0
6:10,13.01,3.0,-0.27,1600.03,-0.21,57.14,1,0
6:11,13.0,3.0,-0.05,1599.86,-0.33,57.15,1,0
6:12,13.01,3.0,0.28,1599.75,-0.22,57.16,1,0
6:13,13.01,3.0,0.5,1599.54,-0.43,57.17,1,0
6:14,13.02,3.01,0.92,1599.4,-0.28,57.18,1,0
6:15,13.03,3.01,1.2,1599.23,-0.34,57.19,1,0
6:16,13.04,3.02,1.54,1599.21,-0.05,57.19,1,0
6:17,13.04,3.02,1.58,1599.01,-0.41,57.2,1,0
6:18,13.05,3.02,1.98,1598.79,-0.45,57.21,1,0
6:19,13.06,3.02,2.42,1599.05,0.5,57.2,1,0
6:20,13.05,3.02,1.9,1599.29,0.45,57.18,1,0
6:21,13.04,3.01,1.42,1599.51,0.42,57.17,1,0
6:22,13.02,3.01,0.98,1599.71,0.39,57.16,1,0
6:23,13.01,3.01,0.58,1599.48,-0.46,57.17,1,0
6:24,13.03,3.01,1.04,1599.55,0.13,57.17,1,0
6:25,13.02,3.01,0.9,1599.58,0.04,57.17,1,0
6:26,13.02,3.01,0.84,1599.69,0.22,57.16,1,0
6:27,13.02,3.01,0.62,1599.93,0.47,57.15,1,0
6:28,13.0,3.0,0.14,1599.91,-0.04,57.15,1,0
6:29,13.0,3.0,0.18,1599.72,-0.39,57.16,1,0
6:30,13.01,3.01,0.56,1599.51,-0.42,57.17,1,0
6:31,13.02,3.01,0.98,1599.53,0.04,57.17,1,0
6:32,13.02,3.01,0.94,1599.44,-0.19,57.17,1,0
6:33,13.03,3.01,1.12,1599.69,0.49,57.16,1,0
6:34,13.02,3.01,0.62,1599.87,0.35,57.15,1,0
6:35,13.01,3.0,0.26,1599.71,-0.33,57.16,1,0
6:36,13.01,3.01,0.58,1599.84,0.25,57.15,1,0
6:37,13.01,3.0,0.32,1599.93,0.18,57.15,1,0
6:38,13.0,3.0,0.14,1599.77,-0.33,57.16,1,0
6:39,13.01,3.0,0.46,1599.88,0.22,57.15,1,0
6:40,13.01,3.0,0.24,1599.99,0.21,57.14,1,0
6:41,13.0,3.0,0.02,1599.97,-0.05,57.14,1,0
6:42,13.0,3.0,0.06,1600.07,0.19,57.14,1,0
6:43,13.0,3.0,-0.13,1600.03,-0.09,57.14,1,0
6:44,13.0,3.0,-0.05,1599.86,-0.33,57.15,1,0
6:45,13.01,3.0,0.28,1599.79,-0.14,57.15,1,0
6:46,13.01,3.0,0.42,1599.9,0.22,57.15,1,0
6:47,13.0,3.0,0.2,1599.67,-0.46,57.16,1,0
6:48,13.02,3.01,0.66,1599.92,0.49,57.15,1,0
6:49,13.0,3.0,0.16,1600.17,0.5,57.13,1,0
6:50,13.01,3.0,-0.33,1600.09,-0.16,57.14,1,0
6:51,13.0,3.0,-0.17,1599.96,-0.26,57.15,1,0
6:52,13.0,3.0,0.08,1599.75,-0.42,57.16,1,0
6:53,13.01,3.0,0.5,1599.68,-0.14,57.16,1,0
6:54,13.02,3.01,0.64,1599.76,0.16,57.16,1,0
6:55,13.01,3.0,0.48,1599.72,-0.08,57.16,1,0
6:56,13.01,3.01,0.56,1599.65,-0.15,57.16,1,0
6:57,13.02,3.01,0.7,1599.85,0.39,57.15,1,0
6:58,13.01,3.0,0.3,1600.06,0.42,57.14,1,0
6:59,13.0,3.0,-0.11,1599.9,-0.33,57.15,1,0
7:00,13.0,3.0,0.2,1599.97,0.14,57.14,1,0
7:01,13.0,3.0,0.06,1600.18,0.41,57.13,1,0
7:02,13.01,3.0,-0.35,1600.22,0.08,57.13,1,0
7:03,13.01,3.0,-0.43,1600.1,-0.24,57.14,1,0
7:04,13.0,3.0,-0.19,1599.94,-0.31,57.15,1,0
7:05,13.0,3.0,0.12,1600.16,0.45,57.13,1,0
7:06,13.01,3.0,-0.31,1600.13,-0.07,57.14,1,0
7:07,13.01,3.0,-0.25,1600.13,0.01,57.14,1,0
7:08,13.01,3.0,-0.25,1600.32,0.38,57.12,1,0
7:09,13.02,3.01,-0.63,1600.24,-0.16,57.13,1,0
7:10,13.01,3.0,-0.47,1600.02,-0.44,57.14,1,0
7:11,13.0,3.0,-0.03,1599.91,-0.22,57.15,1,0
7:12,13.0,3.0,0.18,1599.99,0.16,57.14,1,0
7:13,13.0,3.0,0.02,1600.24,0.49,57.13,1,0
7:14,13.01,3.0,-0.47,1600.45,0.42,57.12,1,0
7:15,13.02,3.01,-0.89,1600.47,0.04,57.12,1,0
7:16,13.02,3.01,-0.93,1600.38,-0.17,57.12,1,0
7:17,13.02,3.01,-0.75,1600.55,0.35,57.11,1,0
7:18,13.03,3.01,-1.09,1600.43,-0.23,57.12,1,0
7:19,13.02,3.01,-0.85,1600.3,-0.25,57.13,1,0
7:20,13.01,3.01,-0.59,1600.05,-0.49,57.14,1,0
7:21,13.0,3.0,-0.09,1599.81,-0.47,57.15,1,0
7:22,13.01,3.0,0.38,1599.56,-0.49,57.17,1,0
7:23,13.02,3.01,0.88,1599.62,0.12,57.16,1,0
7:24,13.02,3.01,0.76,1599.44,-0.37,57.17,1,0
7:25,13.03,3.01,1.12,1599.64,0.39,57.16,1,0
7:26,13.02,3.01,0.72,1599.51,-0.27,57.17,1,0
7:27,13.02,3.01,0.98,1599.63,0.23,57.16,1,0
7:28,13.02,3.01,0.74,1599.75,0.23,57.16,1,0
7:29,13.01,3.0,0.5,1599.6,-0.3,57.17,1,0
7:30,13.02,3.01,0.8,1599.45,-0.3,57.17,1,0
7:31,13.03,3.01,1.1,1599.56,0.21,57.17,1,0
7:32,13.02,3.01,0.88,1599.61,0.08,57.17,1,0
7:33,13.02,3.01,0.78,1599.53,-0.16,57.17,1,0
7:34,13.02,3.01,0.94,1599.48,-0.1,57.17,1,0
7:35,13.03,3.01,1.04,1599.27,-0.42,57.18,1,0
7:36,13.04,3.01,1.46,1599.18,-0.19,57.19,1,0
7:37,13.04,3.02,1.64,1599.39,0.4,57.18,1,0
7:38,13.03,3.01,1.22,1599.36,-0.08,57.18,1,0
7:39,13.03,3.01,1.28,1599.46,0.19,57.17,1,0
7:40,13.03,3.01,1.08,1599.45,-0.03,57.17,1,0
7:41,13.03,3.01,1.1,1599.38,-0.15,57.18,1,0
7:42,13.03,3.01,1.24,1599.22,-0.34,57.19,1,0
7:43,13.04,3.02,1.56,1599.35,0.24,57.18,1,0
7:44,13.03,3.01,1.3,1599.16,-0.39,57.19,1,0
7:45,13.04,3.02,1.68,1598.95,-0.43,57.2,1,0
7:46,13.05,3.02,2.1,1599.03,0.15,57.2,1,0
7:47,13.05,3.02,1.94,1598.91,-0.27,57.21,1,0
7:48,13.05,3.02,2.18,1598.73,-0.37,57.22,1,0
7:49,13.06,3.03,2.54,1598.98,0.48,57.2,1,0
7:50,13.05,3.02,2.04,1598.97,-0.04,57.2,1,0
7:51,13.05,3.02,2.06,1598.96,-0.04,57.2,1,0
7:52,13.05,3.02,2.08,1599.0,0.05,57.2,1,0
7:53,13.05,3.02,2.0,1599.24,0.45,57.19,1,0
7:54,13.04,3.02,1.52,1599.51,0.52,57.17,1,0
7:55,13.02,3.01,0.98,1599.75,0.47,57.16,1,0
7:56,13.01,3.0,0.5,1599.6,-0.3,57.17,1,0
7:57,13.02,3.01,0.8,1599.73,0.25,57.16,1,0
7:58,13.01,3.01,0.54,1599.56,-0.35,57.17,1,0
7:59,13.02,3.01,0.88,1599.56,0.0,57.17,1,0
8:00,13.02,3.01,0.88,1599.68,0.23,57.16,1,0
8:01,13.02,3.01,0.64,1599.68,-0.01,57.16,1,0
8:02,13.02,3.01,0.64,1599.82,0.27,57.15,1,0
8:03,13.01,3.0,0.36,1599.94,0.24,57.15,1,0
8:04,13.0,3.0,0.12,1599.75,-0.39,57.16,1,0
8:05,13.01,3.0,0.5,1599.94,0.38,57.15,1,0
8:06,13.0,3.0,0.12,1599.74,-0.41,57.16,1,0
8:07,13.01,3.01,0.52,1599.76,0.04,57.16,1,0
8:08,13.01,3.0,0.48,1599.7,-0.13,57.16,1,0
8:09,13.01,3.01,0.6,1599.77,0.14,57.16,1,0
8:10,13.01,3.0,0.46,1599.55,-0.44,57.17,1,0
8:11,13.02,3.01,0.9,1599.42,-0.26,57.18,1,0
8:12,13.03,3.01,1.16,1599.49,0.14,57.17,1,0
8:13,13.03,3.01,1.02,1599.64,0.28,57.16,1,0
8:14,13.02,3.01,0.72,1599.42,-0.45,57.18,1,0
8:15,13.03,3.01,1.16,1599.23,-0.38,57.19,1,0
8:16,13.04,3.02,1.54,1599.32,0.17,57.18,1,0
8:17,13.03,3.01,1.36,1599.16,-0.34,57.19,1,0
8:18,13.04,3.02,1.68,1599.38,0.42,57.18,1,0
8:19,13.03,3.01,1.24,1599.61,0.45,57.17,1,0
8:20,13.02,3.01,0.78,1599.55,-0.14,57.17,1,0
8:21,13.02,3.01,0.9,1599.71,0.32,57.16,1,0
8:22,13.01,3.01,0.58,1599.52,-0.39,57.17,1,0
8:23,13.02,3.01,0.96,1599.65,0.25,57.16,1,0
8:24,13.02,3.01,0.7,1599.75,0.19,57.16,1,0
8:25,13.01,3.0,0.5,1599.9,0.3,57.15,1,0
8:26,13.0,3.0,0.2,1599.98,0.16,57.14,1,0
8:27,13.0,3.0,0.04,1599.76,-0.44,57.16,1,0
8:28,13.01,3.0,0.48,1599.78,0.03,57.16,1,0
8:29,13.01,3.0,0.44,1599.83,0.09,57.15,1,0
8:30,13.01,3.0,0.34,1599.78,-0.1,57.16,1,0
8:31,13.01,3.0,0.44,1599.71,-0.14,57.16,1,0
8:32,13.01,3.01,0.58,1599.6,-0.22,57.17,1,0
8:33,13.02,3.01,0.8,1599.37,-0.46,57.18,1,0
8:34,13.03,3.01,1.26,1599.3,-0.15,57.18,1,0
8:35,13.03,3.01,1.4,1599.28,-0.06,57.18,1,0
8:36,13.04,3.01,1.44,1599.33,0.08,57.18,1,0
8:37,13.03,3.01,1.34,1599.28,-0.11,57.18,1,0
8:38,13.04,3.01,1.44,1599.47,0.37,57.17,1,0
8:39,13.03,3.01,1.06,1599.59,0.22,57.17,1,0
8:40,13.02,3.01,0.82,1599.63,0.06,57.16,1,0
8:41,13.02,3.01,0.74,1599.58,-0.11,57.17,1,0
8:42,13.02,3.01,0.84,1599.37,-0.42,57.18,1,0
8:43,13.03,3.01,1.26,1599.34,-0.06,57.18,1,0
8:44,13.03,3.01,1.32,1599.25,-0.19,57.19,1,0
8:45,13.04,3.01,1.5,1599.12,-0.27,57.19,1,0
8:46,13.04,3.02,1.76,1598.99,-0.27,57.2,1,0
8:47,13.05,3.02,2.02,1598.96,-0.07,57.2,1,0
8:48,13.05,3.02,2.08,1598.76,-0.42,57.21,1,0
8:49,13.06,3.02,2.48,1598.79,0.04,57.21,1,0
8:50,13.06,3.02,2.42,1598.61,-0.38,57.22,1,0
8:51,13.07,3.03,2.78,1598.69,0.13,57.22,1,0
8:52,13.07,3.03,2.62,1598.53,-0.34,57.23,1,0
8:53,13.07,3.03,2.94,1598.68,0.28,57.22,1,0
8:54,13.07,3.03,2.64,1598.77,0.16,57.21,1,0
8:55,13.06,3.02,2.46,1598.99,0.41,57.2,1,0
8:56,13.05,3.02,2.02,1598.93,-0.15,57.2,1,0
8:57,13.05,3.02,2.14,1598.94,-0.01,57.2,1,0
8:58,13.05,3.02,2.12,1598.8,-0.3,57.21,1,0
8:59,13.06,3.02,2.4,1598.69,-0.24,57.22,1,0
9:00,13.07,3.03,2.62,1598.58,-0.24,57.22,1,0
9:01,13.07,3.03,2.84,1598.82,0.46,57.21,1,0
9:02,13.06,3.02,2.36,1598.85,0.03,57.21,1,0
9:03,13.06,3.02,2.3,1598.75,-0.23,57.21,1,0
9:04,13.06,3.02,2.5,1598.91,0.3,57.21,1,0
9:05,13.05,3.02,2.18,1599.09,0.34,57.19,1,0
9:06,13.05,3.02,1.82,1599.35,0.49,57.18,1,0
9:07,13.03,3.01,1.3,1599.13,-0.46,57.19,1,0
9:08,13.04,3.02,1.74,1598.94,-0.39,57.2,1,0
9:09,13.05,3.02,2.12,1598.78,-0.33,57.21,1,0
9:10,13.06,3.02,2.44,1598.92,0.26,57.2,1,0
9:11,13.05,3.02,2.16,1598.88,-0.1,57.21,1,0
9:12,13.06,3.02,2.24,1598.96,0.14,57.2,1,0
9:13,13.05,3.02,2.08,1599.01,0.07,57.2,1,0
9:14,13.05,3.02,1.98,1598.89,-0.26,57.21,1,0
9:15,13.06,3.02,2.22,1598.89,-0.01,57.21,1,0
9:16,13.06,3.02,2.22,1598.71,-0.38,57.22,1,0
9:17,13.06,3.03,2.58,1598.77,0.1,57.21,1,0
9:18,13.06,3.02,2.46,1598.93,0.29,57.2,1,0
9:19,13.05,3.02,2.14,1598.93,-0.02,57.2,1,0
9:20,13.05,3.02,2.14,1598.93,-0.02,57.2,1,0
9:21,13.05,3.02,2.14,1598.87,-0.14,57.21,1,0
9:22,13.06,3.02,2.26,1598.8,-0.17,57.21,1,0
9:23,13.06,3.02,2.4,1598.81,-0.01,57.21,1,0
9:24,13.06,3.02,2.38,1598.78,-0.09,57.21,1,0
9:25,13.06,3.02,2.44,1598.96,0.33,57.2,1,0
9:26,13.05,3.02,2.08,1598.82,-0.3,57.21,1,0
9:27,13.06,3.02,2.36,1598.79,-0.09,57.21,1,0
9:28,13.06,3.02,2.42,1598.97,0.34,57.2,1,0
9:29,13.05,3.02,2.06,1598.94,-0.08,57.2,1,0
9:30,13.05,3.02,2.12,1598.84,-0.23,57.21,1,0
9:31,13.06,3.02,2.32,1598.9,0.1,57.21,1,0
9:32,13.05,3.02,2.2,1598.93,0.03,57.2,1,0
9:33,13.05,3.02,2.14,1599.01,0.14,57.2,1,0
9:34,13.05,3.02,1.98,1599.28,0.51,57.18,1,0
9:35,13.04,3.01,1.44,1599.5,0.43,57.17,1,0
9:36,13.02,3.01,1.0,1599.67,0.33,57.16,1,0
9:37,13.02,3.01,0.66,1599.66,-0.03,57.16,1,0
9:38,13.02,3.01,0.68,1599.5,-0.32,57.17,1,0
9:39,13.02,3.01,1.0,1599.36,-0.28,57.18,1,0
9:40,13.03,3.01,1.28,1599.23,-0.27,57.19,1,0
9:41,13.04,3.02,1.54,1599.16,-0.16,57.19,1,0
9:42,13.04,3.02,1.68,1599.33,0.33,57.18,1,0
9:43,13.03,3.01,1.34,1599.42,0.16,57.18,1,0
9:44,13.03,3.01,1.16,1599.24,-0.37,57.19,1,0
9:45,13.04,3.02,1.52,1599.32,0.15,57.18,1,0
9:46,13.03,3.01,1.36,1599.35,0.05,57.18,1,0
9:47,13.03,3.01,1.3,1599.47,0.23,57.17,1,0
9:48,13.03,3.01,1.06,1599.53,0.1,57.17,1,0
9:49,13.02,3.01,0.94,1599.55,0.02,57.17,1,0
9:50,13.02,3.01,0.9,1599.61,0.12,57.17,1,0
9:51,13.02,3.01,0.78,1599.41,-0.4,57.18,1,0
9:52,13.03,3.01,1.18,1599.4,-0.03,57.18,1,0
9:53,13.03,3.01,1.2,1599.29,-0.24,57.18,1,0
9:54,13.04,3.01,1.42,1599.18,-0.23,57.19,1,0
9:55,13.04,3.02,1.64,1599.44,0.5,57.17,1,0
9:56,13.03,3.01,1.12,1599.69,0.48,57.16,1,0
9:57,13.02,3.01,0.62,1599.83,0.26,57.15,1,0
9:58,13.01,3.0,0.34,1600.07,0.47,57.14,1,0
9:59,13.0,3.0,-0.13,1600.24,0.33,57.13,1,0
10:00,13.01,3.0,-0.47,1600.04,-0.4,57.14,1,0
10:01,13.0,3.0,-0.07,1600.08,0.09,57.14,1,0
10:02,13.0,3.0,-0.15,1599.87,-0.42,57.15,1,0
10:03,13.01,3.0,0.26,1599.89,0.05,57.15,1,0
10:04,13.01,3.0,0.22,1599.87,-0.04,57.15,1,0
10:05,13.01,3.0,0.26,1600.05,0.35,57.14,1,0
10:06,13.0,3.0,-0.09,1600.3,0.5,57.13,1,0
10:07,13.01,3.01,-0.59,1600.52,0.44,57.11,1,0
10:08,13.03,3.01,-1.03,1600.76,0.49,57.1,1,0
10:09,13.04,3.02,-1.51,1600.85,0.2,57.09,1,0
10:10,13.04,3.02,-1.69,1600.62,-0.44,57.11,1,0
10:11,13.03,3.01,-1.23,1600.65,0.08,57.11,1,0
10:12,13.03,3.01,-1.29,1600.65,0.02,57.11,1,0
10:13,13.03,3.01,-1.29,1600.87,0.46,57.09,1,0
10:14,13.04,3.02,-1.73,1601.07,0.41,57.08,1,0
10:15,13.05,3.02,-2.13,1600.97,-0.19,57.09,1,0
10:16,13.05,3.02,-1.93,1601.11,0.31,57.08,1,0
10:17,13.06,3.02,-2.21,1601.13,0.06,57.08,1,0
10:18,13.06,3.02,-2.25,1601.15,0.06,57.08,1,0
10:19,13.06,3.02,-2.29,1600.95,-0.37,57.09,1,0
10:20,13.05,3.02,-1.89,1601.0,0.13,57.09,1,0
10:21,13.05,3.02,-1.99,1600.83,-0.33,57.1,1,0
10:22,13.04,3.02,-1.65,1601.05,0.46,57.08,1,0
10:23,13.05,3.02,-2.09,1600.94,-0.21,57.09,1,0
10:24,13.05,3.02,-1.87,1601.06,0.26,57.08,1,0
10:25,13.05,3.02,-2.11,1601.25,0.39,57.07,1,0
10:26,13.06,3.02,-2.49,1601.14,-0.2,57.08,1,0
10:27,13.06,3.02,-2.27,1600.9,-0.46,57.09,1,0
10:28,13.04,3.02,-1.79,1600.65,-0.48,57.11,1,0
10:29,13.03,3.01,-1.29,1600.68,0.08,57.1,1,0
10:30,13.03,3.01,-1.35,1600.42,-0.5,57.12,1,0
10:31,13.02,3.01,-0.83,1600.28,-0.26,57.13,1,0
10:32,13.01,3.01,-0.55,1600.38,0.2,57.12,1,0
10:33,13.02,3.01,-0.75,1600.49,0.23,57.11,1,0
10:34,13.02,3.01,-0.97,1600.47,-0.04,57.12,1,0
10:35,13.02,3.01,-0.93,1600.43,-0.08,57.12,1,0
10:36,13.02,3.01,-0.85,1600.64,0.43,57.11,1,0
10:37,13.03,3.01,-1.27,1600.81,0.35,57.1,1,0
10:38,13.04,3.02,-1.61,1600.78,-0.04,57.1,1,0
10:39,13.04,3.02,-1.55,1600.68,-0.18,57.1,1,0
10:40,13.03,3.01,-1.35,1600.89,0.44,57.09,1,0
10:41,13.04,3.02,-1.77,1600.87,-0.03,57.09,1,0
10:42,13.04,3.02,-1.73,1600.75,-0.23,57.1,1,0
10:43,13.04,3.01,-1.49,1600.53,-0.43,57.11,1,0
10:44,13.03,3.01,-1.05,1600.49,-0.07,57.11,1,0
10:45,13.02,3.01,-0.97,1600.37,-0.23,57.12,1,0
10:46,13.02,3.01,-0.73,1600.43,0.12,57.12,1,0
10:47,13.02,3.01,-0.85,1600.62,0.38,57.11,1,0
10:48,13.03,3.01,-1.23,1600.84,0.45,57.09,1,0
10:49,13.04,3.02,-1.67,1600.79,-0.09,57.1,1,0
10:50,13.04,3.02,-1.57,1600.62,-0.32,57.11,1,0
10:51,13.03,3.01,-1.23,1600.79,0.36,57.1,1,0
10:52,13.04,3.02,-1.57,1600.96,0.35,57.09,1,0
10:53,13.05,3.02,-1.91,1601.07,0.24,57.08,1,0
10:54,13.05,3.02,-2.13,1600.97,-0.18,57.09,1,0
10:55,13.05,3.02,-1.93,1600.75,-0.41,57.1,1,0
10:56,13.04,3.01,-1.49,1600.68,-0.13,57.1,1,0
10:57,13.03,3.01,-1.35,1600.52,-0.31,57.11,1,0
10:58,13.03,3.01,-1.03,1600.36,-0.3,57.12,1,0
10:59,13.02,3.01,-0.71,1600.29,-0.13,57.13,1,0
11:00,13.01,3.01,-0.57,1600.45,0.33,57.12,1,0
11:01,13.02,3.01,-0.89,1600.3,-0.29,57.13,1,0
11:02,13.01,3.01,-0.59,1600.33,0.07,57.12,1,0
11:03,13.02,3.01,-0.65,1600.3,-0.06,57.13,1,0
11:04,13.01,3.01,-0.59,1600.07,-0.46,57.14,1,0
11:05,13.0,3.0,-0.13,1600.21,0.29,57.13,1,0
11:06,13.01,3.0,-0.41,1600.09,-0.24,57.14,1,0
11:07,13.0,3.0,-0.17,1599.98,-0.22,57.14,1,0
11:08,13.0,3.0,0.04,1600.06,0.17,57.14,1,0
11:09,13.0,3.0,-0.11,1599.99,-0.14,57.14,1,0
11:10,13.0,3.0,0.02,1600.14,0.3,57.13,1,0
11:11,13.01,3.0,-0.27,1600.16,0.03,57.13,1,0
11:12,13.01,3.0,-0.31,1600.2,0.09,57.13,1,0
11:13,13.01,3.0,-0.39,1599.96,-0.47,57.15,1,0
11:14,13.0,3.0,0.08,1600.01,0.11,57.14,1,0
11:15,13.0,3.0,-0.01,1599.87,-0.28,57.15,1,0
11:16,13.01,3.0,0.26,1599.89,0.04,57.15,1,0
11:17,13.01,3.0,0.22,1599.79,-0.2,57.15,1,0
11:18,13.01,3.0,0.42,1599.66,-0.27,57.16,1,0
11:19,13.02,3.01,0.68,1599.69,0.06,57.16,1,0
11:20,13.02,3.01,0.62,1599.75,0.11,57.16,1,0
11:21,13.01,3.0,0.5,1599.62,-0.26,57.16,1,0
11:22,13.02,3.01,0.76,1599.46,-0.33,57.17,1,0
11:23,13.03,3.01,1.08,1599.54,0.15,57.17,1,0
11:24,13.02,3.01,0.92,1599.48,-0.13,57.17,1,0
11:25,13.03,3.01,1.04,1599.26,-0.44,57.19,1,0
11:26,13.04,3.01,1.48,1599.17,-0.2,57.19,1,0
11:27,13.04,3.02,1.66,1599.26,0.16,57.19,1,0
11:28,13.04,3.01,1.48,1599.05,-0.43,57.2,1,0
11:29,13.05,3.02,1.9,1598.83,-0.46,57.21,1,0
11:30,13.06,3.02,2.34,1598.65,-0.37,57.22,1,0
11:31,13.07,3.03,2.7,1598.44,-0.44,57.23,1,0
11:32,13.08,3.03,3.12,1598.61,0.31,57.22,1,0
11:33,13.07,3.03,2.78,1598.83,0.4,57.21,1,0
11:34,13.06,3.02,2.34,1598.99,0.3,57.2,1,0
11:35,13.05,3.02,2.02,1598.96,-0.09,57.2,1,0
11:36,13.05,3.02,2.08,1598.82,-0.3,57.21,1,0
11:37,13.06,3.02,2.36,1598.6,-0.47,57.22,1,0
11:38,13.07,3.03,2.8,1598.41,-0.41,57.23,1,0
11:39,13.08,3.03,3.18,1598.22,-0.4,57.24,1,0
11:40,13.09,3.04,3.56,1598.44,0.4,57.23,1,0
11:41,13.08,3.03,3.12,1598.43,-0.05,57.23,1,0
11:42,13.08,3.03,3.14,1598.51,0.13,57.23,1,0
11:43,13.07,3.03,2.98,1598.68,0.3,57.22,1,0
11:44,13.07,3.03,2.64,1598.9,0.41,57.21,1,0
11:45,13.05,3.02,2.2,1598.81,-0.2,57.21,1,0
11:46,13.06,3.02,2.38,1598.84,0.03,57.21,1,0
11:47,13.06,3.02,2.32,1598.63,-0.45,57.22,1,0
11:48,13.07,3.03,2.74,1598.72,0.15,57.22,1,0
11:49,13.06,3.03,2.56,1598.99,0.52,57.2,1,0
11:50,13.05,3.02,2.02,1598.9,-0.2,57.21,1,0
11:51,13.05,3.02,2.2,1599.1,0.38,57.19,1,0
11:52,13.04,3.02,1.8,1598.98,-0.26,57.2,1,0
11:53,13.05,3.02,2.04,1599.21,0.44,57.19,1,0
11:54,13.04,3.02,1.58,1599.45,0.45,57.17,1,0
11:55,13.03,3.01,1.1,1599.37,-0.17,57.18,1,0
11:56,13.03,3.01,1.26,1599.5,0.25,57.17,1,0
11:57,13.02,3.01,1.0,1599.54,0.07,57.17,1,0
11:58,13.02,3.01,0.92,1599.4,-0.29,57.18,1,0
11:59,13.03,3.01,1.2,1599.37,-0.07,57.18,1,0
12:00,13.03,3.01,1.26,1599.58,0.41,57.17,1,0
12:01,13.02,3.01,0.84,1599.39,-0.39,57.18,1,0
12:02,13.03,3.01,1.22,1599.57,0.36,57.17,1,0
12:03,13.02,3.01,0.86,1599.82,0.48,57.15,1,0
12:04,13.01,3.0,0.36,1599.68,-0.29,57.16,1,0
12:05,13.02,3.01,0.64,1599.49,-0.38,57.17,1,0
12:06,13.03,3.01,1.02,1599.69,0.39,57.16,1,0
12:07,13.02,3.01,0.62,1599.56,-0.27,57.17,1,0
12:08,13.02,3.01,0.88,1599.55,-0.02,57.17,1,0
12:09,13.02,3.01,0.9,1599.54,-0.03,57.17,1,0
12:10,13.02,3.01,0.92,1599.61,0.13,57.17,1,0
12:11,13.02,3.01,0.78,1599.42,-0.39,57.18,1,0
12:12,13.03,3.01,1.16,1599.41,-0.03,57.18,1,0
12:13,13.03,3.01,1.18,1599.39,-0.05,57.18,1,0
12:14,13.03,3.01,1.22,1599.33,-0.14,57.18,1,0
12:15,13.03,3.01,1.34,1599.4,0.13,57.18,1,0
12:16,13.03,3.01,1.2,1599.59,0.37,57.17,1,0
12:17,13.02,3.01,0.82,1599.59,-0.01,57.17,1,0
12:18,13.02,3.01,0.82,1599.67,0.16,57.16,1,0
12:19,13.02,3.01,0.66,1599.57,-0.2,57.17,1,0
12:20,13.02,3.01,0.86,1599.72,0.3,57.16,1,0
12:21,13.01,3.01,0.56,1599.73,0.02,57.16,1,0
12:22,13.01,3.01,0.54,1599.96,0.46,57.15,1,0
12:23,13.0,3.0,0.08,1600.11,0.3,57.14,1,0
12:24,13.01,3.0,-0.21,1600.22,0.21,57.13,1,0
12:25,13.01,3.0,-0.43,1600.32,0.21,57.12,1,0
12:26,25.5,8.0,500.0,1600.53,0.42,57.11,0,1
12:27,25.5,8.0,500.0,1605.44,4.83,56.83,0,1
12:28,25.5,8.0,500.0,1610.62,5.37,56.54,0,1
12:29,25.5,8.0,500.0,1615.68,5.12,56.25,0,1
12:30,25.5,8.0,500.0,1620.75,5.14,55.96,0,1
12:31,25.5,8.0,500.0,1625.82,5.15,55.67,0,1
12:32,25.5,8.0,500.0,1630.89,5.15,55.38,0,1
12:33,25.5,8.0,500.0,1635.8,4.82,55.1,0,1
12:34,25.5,8.0,500.0,1640.56,4.52,54.83,0,1
12:35,25.5,8.0,500.0,1645.55,4.99,54.54,0,1
12:36,25.5,8.0,500.0,1650.75,5.4,54.24,0,1
12:37,25.5,8.0,500.0,1655.54,4.59,53.97,0,1
12:38,25.5,8.0,500.0,1660.34,4.6,53.69,0,1
12:39,25.5,8.0,500.0,1665.21,4.74,53.42,0,1
12:40,25.5,8.0,500.0,1670.19,4.96,53.13,0,1
12:41,25.5,8.0,500.0,1675.06,4.74,52.85,0,1
12:42,25.5,8.0,500.0,1679.93,4.75,52.58,0,1
12:43,25.5,8.0,500.0,1684.84,4.82,52.29,0,1
12:44,25.5,8.0,500.0,1689.81,4.94,52.01,0,1
12:45,25.5,8.0,500.0,1694.92,5.22,51.72,0,1
12:46,25.5,8.0,500.0,1699.81,4.78,51.44,0,1
12:47,25.5,8.0,500.0,1705.06,5.5,51.14,0,1
12:48,25.5,8.0,500.0,1710.2,5.29,50.85,0,1
12:49,25.5,8.0,500.0,1715.04,4.68,50.57,0,1
12:50,25.5,8.0,500.0,1719.95,4.83,50.29,0,1
12:51,25.5,8.0,500.0,1725.05,5.2,50.0,0,1
12:52,25.5,8.0,500.0,1730.28,5.47,49.7,0,1
12:53,25.5,8.0,500.0,1735.22,4.88,49.42,0,1
12:54,25.5,8.0,500.0,1740.34,5.24,49.12,0,1
12:55,25.5,8.0,500.0,1745.11,4.55,48.85,0,1
12:56,25.5,8.0,500.0,1750.08,4.94,48.57,0,1
12:57,25.5,8.0,499.84,1755.31,5.46,48.27,0,1
12:58,25.23,7.89,489.38,1760.23,4.84,47.99,0,1
12:59,24.99,7.8,479.54,1765.31,5.26,47.7,0,1
13:00,24.73,7.69,469.38,1770.08,4.74,47.42,0,1
13:01,24.5,7.6,459.84,1774.58,4.31,47.17,0,1
13:02,24.27,7.51,450.84,1779.33,4.91,46.9,0,1
13:03,24.03,7.41,441.34,1783.65,4.13,46.65,0,1
13:04,23.82,7.33,432.7,1788.11,4.51,46.39,0,1
13:05,23.59,7.24,423.78,1792.33,4.12,46.15,0,1
13:06,23.38,7.15,415.34,1796.79,4.69,45.9,0,1
13:07,23.16,7.06,406.42,1801.17,4.61,45.65,0,1
13:08,22.94,6.98,397.66,1805.14,3.87,45.42,0,1
13:09,22.74,6.9,389.72,1809.34,4.43,45.18,0,1
13:10,22.53,6.81,381.32,1813.01,3.44,44.97,0,1
13:11,22.35,6.74,373.98,1816.76,3.69,44.76,0,1
13:12,22.16,6.66,366.48,1820.31,3.37,44.55,0,1
13:13,21.98,6.59,359.38,1824.22,4.15,44.33,0,1
13:14,21.79,6.52,351.56,1827.68,3.33,44.13,0,1
13:15,21.62,6.45,344.64,1831.15,3.43,43.93,0,1
13:16,21.44,6.38,337.7,1834.47,3.2,43.74,0,1
13:17,21.28,6.31,331.06,1837.63,2.94,43.56,0,1
13:18,21.12,6.25,324.74,1840.88,3.18,43.38,0,1
13:19,20.96,6.18,318.24,1843.95,2.89,43.2,0,1
13:20,20.8,6.12,312.1,1846.98,2.87,43.03,0,1
13:21,20.65,6.06,306.04,1850.25,3.41,42.84,0,1
13:22,20.49,5.99,299.5,1853.54,3.52,42.65,0,1
13:23,20.32,5.93,292.92,1856.56,3.04,42.48,0,1
13:24,20.17,5.87,286.88,1859.38,2.71,42.32,0,1
13:25,20.03,5.81,281.24,1862.15,2.67,42.16,0,1
13:26,19.89,5.76,275.7,1864.8,2.49,42.01,0,1
13:27,19.76,5.7,270.4,1867.31,2.27,41.87,0,1
13:28,19.63,5.65,265.38,1869.77,2.22,41.73,0,1
13:29,19.51,5.6,260.46,1872.31,2.43,41.58,0,1
13:30,19.38,5.55,255.38,1874.85,2.47,41.44,0,1
13:31,19.26,5.5,250.3,1877.3,2.35,41.3,0,1
13:32,19.13,5.45,245.4,1879.76,2.42,41.16,0,1
13:33,19.01,5.4,240.48,1882.26,2.55,41.01,0,1
13:34,18.89,5.35,235.48,1884.84,2.76,40.87,0,1
13:35,18.76,5.3,230.32,1887.41,2.79,40.72,0,1
13:36,18.63,5.25,225.18,1889.93,2.73,40.58,0,1
13:37,18.5,5.2,220.14,1892.28,2.44,40.44,0,1
13:38,18.39,5.15,215.44,1894.64,2.52,40.31,0,1
13:39,18.27,5.11,210.72,1896.61,1.79,40.19,0,1
13:40,18.17,5.07,206.78,1898.85,2.37,40.07,0,1
13:41,18.06,5.02,202.3,1900.78,1.79,39.96,0,1
13:42,17.96,4.98,198.44,1902.62,1.66,39.85,0,0
13:43,17.87,4.95,194.76,1904.52,1.81,39.74,0,0
13:44,17.77,4.91,190.96,1906.63,2.27,39.62,0,0
13:45,17.67,4.87,186.74,1908.43,1.69,39.52,0,0
13:46,17.58,4.83,183.14,1910.14,1.56,39.42,0,0
13:47,17.49,4.8,179.72,1912.11,2.11,39.31,0,0
13:48,17.39,4.76,175.78,1914.05,2.08,39.2,0,0
13:49,17.3,4.72,171.9,1915.69,1.52,39.1,0,0
13:50,17.22,4.69,168.62,1917.34,1.58,39.01,0,0
13:51,17.13,4.65,165.32,1919.13,1.9,38.91,0,0
13:52,17.04,4.62,161.74,1920.78,1.64,38.81,0,0
13:53,16.96,4.58,158.44,1922.17,1.16,38.73,0,0
13:54,16.89,4.56,155.66,1923.69,1.45,38.65,0,0
13:55,16.82,4.53,152.62,1925.0,1.06,38.57,0,0
13:56,16.75,4.5,150.0,1926.69,1.85,38.47,0,0
13:57,16.67,4.47,146.62,1928.12,1.37,38.39,0,0
13:58,16.59,4.44,143.76,1929.39,1.08,38.32,0,0
13:59,16.53,4.41,141.22,1931.0,1.79,38.23,0,0
14:00,16.45,4.38,138.0,1932.59,1.76,38.14,0,0
14:01,16.37,4.35,134.82,1934.17,1.79,38.05,0,0
14:02,16.29,4.32,131.66,1935.44,1.19,37.97,0,0
14:03,16.23,4.29,129.12,1936.9,1.61,37.89,0,0
14:04,16.15,4.26,126.2,1938.34,1.58,37.81,0,0
14:05,16.08,4.23,123.32,1939.47,1.0,37.74,0,0
14:06,16.03,4.21,121.06,1940.57,0.96,37.68,0,0
14:07,15.97,4.19,118.86,1942.01,1.66,37.6,0,0
14:08,15.9,4.16,115.98,1943.05,0.9,37.54,0,0
14:09,15.85,4.14,113.9,1944.15,1.04,37.48,0,0
14:10,15.79,4.12,111.7,1945.25,1.06,37.41,0,0
14:11,15.74,4.09,109.5,1946.22,0.83,37.36,0,0
14:12,15.69,4.08,107.56,1947.12,0.7,37.31,0,0
14:13,15.64,4.06,105.76,1948.35,1.38,37.24,0,0
14:14,15.58,4.03,103.3,1949.26,0.77,37.19,0,0
14:15,15.54,4.01,101.48,1950.31,1.06,37.13,0,0
14:16,15.48,3.99,99.38,1951.4,1.17,37.06,0,0
14:17,15.43,3.97,97.2,1952.63,1.46,36.99,0,0
14:18,15.37,3.95,94.74,1953.72,1.21,36.93,0,0
14:19,15.31,3.93,92.56,1954.44,0.49,36.89,0,0
14:20,15.28,3.91,91.12,1955.45,1.09,36.83,0,0
14:21,15.23,3.89,89.1,1956.34,0.86,36.78,0,0
14:22,15.18,3.87,87.32,1957.48,1.38,36.72,0,0
14:23,15.13,3.85,85.04,1958.35,0.87,36.67,0,0
14:24,15.08,3.83,83.3,1959.36,1.16,36.61,0,0
14:25,15.03,3.81,81.28,1960.24,0.92,36.56,0,0
14:26,14.99,3.8,79.52,1961.05,0.81,36.51,0,0
14:27,14.95,3.78,77.9,1961.93,0.96,36.46,0,0
14:28,14.9,3.76,76.14,1962.57,0.51,36.42,0,0
14:29,14.87,3.75,74.86,1963.36,0.81,36.38,0,0
14:30,14.83,3.73,73.28,1964.01,0.55,36.34,0,0
14:31,14.8,3.72,71.98,1964.76,0.76,36.3,0,0
14:32,14.76,3.7,70.48,1965.64,1.05,36.25,0,0
14:33,14.72,3.69,68.72,1966.48,0.98,36.2,0,0
14:34,14.68,3.67,67.04,1967.0,0.36,36.17,0,0
14:35,14.65,3.66,66.0,1967.84,1.01,36.12,0,0
14:36,14.61,3.64,64.32,1968.45,0.56,36.09,0,0
14:37,14.58,3.63,63.1,1968.89,0.24,36.06,0,0
14:38,14.56,3.62,62.22,1969.28,0.15,36.04,0,0
14:39,14.54,3.61,61.44,1969.67,0.15,36.02,0,0
14:40,14.52,3.61,60.66,1970.16,0.37,35.99,0,0
14:41,14.49,3.6,59.68,1970.9,0.88,35.95,0,0
14:42,14.45,3.58,58.2,1971.37,0.34,35.92,0,0
14:43,14.43,3.57,57.26,1971.86,0.39,35.89,0,0
14:44,14.41,3.56,56.28,1972.26,0.22,35.87,0,0
14:45,14.39,3.55,55.48,1972.61,0.14,35.85,0,0
14:46,14.37,3.55,54.78,1973.02,0.26,35.83,0,0
14:47,14.35,3.54,53.96,1973.33,0.07,35.81,0,0
14:48,14.33,3.53,53.34,1974.03,0.87,35.77,0,0
14:49,14.3,3.52,51.94,1974.75,0.9,35.73,0,0
14:50,14.26,3.5,50.5,1975.33,0.65,35.7,0,0
14:51,14.23,3.49,49.34,1975.86,0.55,35.67,0,0
14:52,14.21,3.48,48.28,1976.36,0.51,35.64,0,0
14:53,14.18,3.47,47.28,1977.05,0.9,35.6,0,0
14:54,14.15,3.46,45.9,1977.45,0.33,35.57,0,0
14:55,14.13,3.45,45.1,1977.83,0.3,35.55,0,0
14:56,14.11,3.44,44.34,1978.51,0.91,35.51,0,0
14:57,14.07,3.43,42.98,1979.15,0.84,35.48,0,0
14:58,14.04,3.42,41.7,1979.79,0.86,35.44,0,0
14:59,14.01,3.4,40.42,1980.3,0.61,35.41,0,0
15:00,13.98,3.39,39.4,1980.51,0.01,35.4,0,0
15:01,13.97,3.39,38.98,1980.71,0.0,35.39,0,0
15:02,13.96,3.39,38.58,1981.15,0.5,35.36,0,0
15:03,13.94,3.38,37.7,1981.34,0.0,35.35,0,0
15:04,13.93,3.37,37.32,1981.87,0.69,35.32,0,0
15:05,13.91,3.36,36.26,1982.38,0.65,35.29,0,0
15:06,13.88,3.35,35.24,1982.91,0.69,35.26,0,0
15:07,13.85,3.34,34.18,1983.08,-0.02,35.25,0,0
15:08,13.85,3.34,33.84,1983.29,0.07,35.24,0,0
15:09,13.84,3.33,33.42,1983.63,0.35,35.22,0,0
15:10,13.82,3.33,32.74,1983.91,0.22,35.21,0,0
15:11,13.8,3.32,32.18,1984.41,0.68,35.18,0,0
15:12,13.78,3.31,31.18,1984.95,0.75,35.15,0,0
15:13,13.75,3.3,30.1,1985.39,0.56,35.12,0,0
15:14,13.73,3.29,29.22,1985.61,0.14,35.11,0,0
15:15,13.72,3.29,28.78,1985.88,0.24,35.09,0,0
15:16,13.71,3.28,28.24,1986.02,0.0,35.08,0,0
15:17,13.7,3.28,27.96,1986.23,0.13,35.07,0,0
15:18,13.69,3.28,27.54,1986.56,0.38,35.05,0,0
15:19,13.67,3.27,26.88,1987.06,0.72,35.03,0,0
15:20,13.65,3.26,25.88,1987.57,0.75,35.0,0,0
15:21,13.62,3.25,24.86,1987.82,0.24,34.98,0,0
15:22,13.61,3.24,24.36,1988.3,0.72,34.95,0,0
15:23,13.58,3.23,23.4,1988.43,0.02,34.95,0,0
15:24,13.58,3.23,23.14,1988.86,0.62,34.92,0,0
15:25,13.56,3.22,22.28,1989.27,0.58,34.9,0,0
15:26,13.54,3.21,21.46,1989.58,0.39,34.88,0,0
15:27,13.52,3.21,20.84,1989.74,0.11,34.87,0,0
15:28,13.51,3.21,20.52,1990.09,0.49,34.85,0,0
15:29,13.5,3.2,19.82,1990.33,0.27,34.84,0,0
15:30,13.48,3.19,19.34,1990.34,-0.18,34.84,0,0
15:31,13.48,3.19,19.32,1990.69,0.5,34.82,0,0
15:32,13.47,3.19,18.62,1991.06,0.54,34.8,0,0
15:33,13.45,3.18,17.88,1991.07,-0.17,34.8,0,0
15:34,13.45,3.18,17.86,1991.12,-0.08,34.79,0,0
15:35,13.44,3.18,17.76,1991.13,-0.16,34.79,0,0
15:36,13.44,3.18,17.74,1991.3,0.16,34.78,0,0
15:37,13.43,3.17,17.4,1991.65,0.53,34.76,0,0
15:38,13.42,3.17,16.7,1991.68,-0.12,34.76,0,0
15:39,13.42,3.17,16.64,1991.76,0.0,34.76,0,0
15:40,13.41,3.16,16.48,1991.89,0.1,34.75,0,0
15:41,13.41,3.16,16.22,1992.07,0.19,34.74,0,0
15:42,13.4,3.16,15.86,1992.21,0.12,34.73,0,0
15:43,13.39,3.16,15.58,1992.22,-0.13,34.73,0,0
15:44,13.39,3.16,15.56,1992.19,-0.21,34.73,0,0
15:45,13.39,3.16,15.62,1992.12,-0.3,34.74,0,0
15:46,13.39,3.16,15.76,1992.34,0.29,34.72,0,0
15:47,13.38,3.15,15.32,1992.32,-0.19,34.72,0,0
15:48,13.38,3.15,15.36,1992.42,0.04,34.72,0,0
15:49,13.38,3.15,15.16,1992.6,0.21,34.71,0,0
15:50,13.37,3.15,14.8,1992.9,0.44,34.69,0,0
15:51,13.35,3.14,14.2,1992.99,0.03,34.69,0,0
15:52,13.35,3.14,14.02,1993.35,0.57,34.67,0,0
15:53,13.33,3.13,13.3,1993.61,0.37,34.65,0,0
15:54,13.32,3.13,12.78,1993.8,0.25,34.64,0,0
15:55,13.31,3.12,12.4,1993.91,0.1,34.63,0,0
15:56,13.3,3.12,12.18,1994.09,0.24,34.62,0,0
15:57,13.3,3.12,11.82,1994.18,0.05,34.62,0,0
15:58,13.29,3.12,11.64,1994.35,0.23,34.61,0,0
15:59,13.28,3.11,11.3,1994.25,-0.31,34.61,0,0
16:00,13.29,3.11,11.5,1994.26,-0.1,34.61,0,0
16:01,13.29,3.11,11.48,1994.56,0.48,34.6,0,0
16:02,13.27,3.11,10.88,1994.62,0.0,34.59,0,0
16:03,13.27,3.11,10.76,1994.93,0.52,34.58,0,0
16:04,13.25,3.1,10.14,1995.02,0.07,34.57,0,0
16:05,13.25,3.1,9.96,1994.9,-0.35,34.58,0,0
16:06,13.25,3.1,10.2,1994.78,-0.33,34.58,0,0
16:07,13.26,3.1,10.44,1995.06,0.46,34.57,0,0
16:08,13.25,3.1,9.88,1995.2,0.18,34.56,0,0
16:09,13.24,3.1,9.6,1995.55,0.6,34.54,0,0
16:10,13.22,3.09,8.9,1995.73,0.26,34.53,0,0
16:11,13.21,3.09,8.54,1995.67,-0.21,34.53,0,0
16:12,13.22,3.09,8.66,1995.93,0.44,34.52,0,0
16:13,13.2,3.08,8.14,1996.19,0.44,34.5,0,0
16:14,13.19,3.08,7.62,1996.41,0.36,34.49,0,0
16:15,13.18,3.07,7.18,1996.33,-0.24,34.5,0,0
16:16,13.18,3.07,7.34,1996.27,-0.19,34.5,0,0
16:17,13.19,3.07,7.46,1996.32,0.03,34.5,0,0
16:18,13.18,3.07,7.36,1996.47,0.22,34.49,0,0
16:19,13.18,3.07,7.06,1996.55,0.09,34.48,0,0
16:20,13.17,3.07,6.9,1996.54,-0.1,34.48,0,0
16:21,13.17,3.07,6.92,1996.78,0.41,34.47,0,0
16:22,13.16,3.06,6.44,1996.9,0.18,34.46,0,0
16:23,13.15,3.06,6.2,1997.04,0.21,34.45,0,0
16:24,13.15,3.06,5.92,1997.25,0.36,34.44,0,0
16:25,13.14,3.05,5.5,1997.16,-0.23,34.45,0,0
16:26,13.14,3.06,5.68,1997.13,-0.11,34.45,0,0
16:27,13.14,3.06,5.74,1997.18,0.05,34.45,0,0
16:28,13.14,3.06,5.64,1997.4,0.39,34.43,0,0
16:29,13.13,3.05,5.2,1997.38,-0.09,34.44,0,0
16:30,13.13,3.05,5.24,1997.32,-0.18,34.44,0,0
16:31,13.13,3.05,5.36,1997.48,0.27,34.43,0,0
16:32,13.13,3.05,5.04,1997.51,0.0,34.43,0,0
16:33,13.12,3.05,4.98,1997.35,-0.38,34.44,0,0
16:34,13.13,3.05,5.3,1997.49,0.23,34.43,0,0
16:35,13.13,3.05,5.02,1997.47,-0.1,34.43,0,0
16:36,13.13,3.05,5.06,1997.67,0.35,34.42,0,0
16:37,13.12,3.05,4.66,1997.7,0.0,34.42,0,0
16:38,13.11,3.05,4.6,1997.84,0.24,34.41,0,0
16:39,13.11,3.04,4.32,1998.07,0.42,34.4,0,0
16:40,13.1,3.04,3.86,1998.31,0.43,34.38,0,0
16:41,13.08,3.03,3.38,1998.19,-0.27,34.39,0,0
16:42,13.09,3.04,3.62,1998.47,0.53,34.37,0,0
16:43,13.08,3.03,3.06,1998.31,-0.36,34.38,0,0
16:44,13.08,3.03,3.38,1998.19,-0.28,34.39,0,0
16:45,13.09,3.04,3.62,1998.04,-0.34,34.4,0,0
16:46,13.1,3.04,3.92,1998.19,0.27,34.39,0,0
16:47,13.09,3.04,3.62,1998.21,0.0,34.39,0,0
16:48,13.09,3.04,3.58,1998.21,-0.04,34.39,0,0
16:49,13.09,3.04,3.58,1998.27,0.08,34.38,0,0
16:50,13.09,3.03,3.46,1998.24,-0.1,34.39,0,0
16:51,13.09,3.04,3.52,1998.28,0.04,34.38,0,0
16:52,13.09,3.03,3.44,1998.22,-0.16,34.39,0,0
16:53,13.09,3.04,3.56,1998.49,0.51,34.37,0,0
16:54,13.08,3.03,3.02,1998.41,-0.19,34.38,0,0
16:55,13.08,3.03,3.18,1998.46,0.06,34.37,0,0
16:56,13.08,3.03,3.08,1998.43,-0.09,34.38,0,0
16:57,13.08,3.03,3.14,1998.51,0.13,34.37,0,0
16:58,13.07,3.03,2.98,1998.75,0.44,34.36,0,0
16:59,13.06,3.02,2.5,1998.78,0.03,34.36,0,0
17:00,13.06,3.02,2.44,1998.95,0.32,34.35,0,0
17:01,13.05,3.02,2.1,1999.22,0.52,34.33,0,0
17:02,13.04,3.02,1.56,1999.17,-0.13,34.33,0,0
17:03,13.04,3.02,1.66,1999.17,-0.02,34.33,0,0
17:04,13.04,3.02,1.66,1999.26,0.16,34.33,0,0
17:05,13.04,3.01,1.48,1999.44,0.35,34.32,0,0
17:06,13.03,3.01,1.12,1999.21,-0.47,34.33,0,0
17:07,13.04,3.02,1.58,1999.4,0.37,34.32,0,0
17:08,13.03,3.01,1.2,1999.23,-0.36,34.33,0,0
17:09,13.04,3.02,1.54,1999.19,-0.1,34.33,0,0
17:10,13.04,3.02,1.62,1999.45,0.5,34.32,0,0
17:11,13.03,3.01,1.1,1999.49,0.06,34.31,0,0
17:12,13.03,3.01,1.02,1999.45,-0.1,34.32,0,0
17:13,13.03,3.01,1.1,1999.38,-0.15,34.32,0,0
17:14,13.03,3.01,1.24,1999.2,-0.37,34.33,0,0
17:15,13.04,3.02,1.6,1998.98,-0.45,34.34,0,0
17:16,13.05,3.02,2.04,1999.18,0.38,34.33,0,0
17:17,13.04,3.02,1.64,1999.4,0.41,34.32,0,0
17:18,13.03,3.01,1.2,1999.31,-0.2,34.33,0,0
17:19,13.03,3.01,1.38,1999.16,-0.31,34.33,0,0
17:20,13.04,3.02,1.68,1999.32,0.3,34.32,0,0
17:21,13.03,3.01,1.36,1999.25,-0.15,34.33,0,0
17:22,13.04,3.01,1.5,1999.41,0.31,34.32,0,0
17:23,13.03,3.01,1.18,1999.27,-0.29,34.33,0,0
17:24,13.04,3.01,1.46,1999.07,-0.41,34.34,0,0
17:25,13.05,3.02,1.86,1999.15,0.14,34.33,0,0
17:26,13.04,3.02,1.7,1999.25,0.18,34.33,0,0
17:27,13.04,3.01,1.5,1999.18,-0.16,34.33,0,0
17:28,13.04,3.02,1.64,1999.44,0.51,34.32,0,0
17:29,13.03,3.01,1.12,1999.43,-0.03,34.32,0,0
17:30,13.03,3.01,1.14,1999.62,0.37,34.31,0,0
17:31,13.02,3.01,0.76,1999.73,0.21,34.3,0,0
17:32,13.01,3.01,0.54,1999.86,0.25,34.29,0,0
17:33,13.01,3.0,0.28,2000.05,0.37,34.28,0,0
17:34,13.0,3.0,-0.09,2000.28,0.46,34.27,0,0
17:35,13.01,3.01,-0.55,2000.28,0.01,34.27,0,0
17:36,13.01,3.01,-0.55,2000.38,0.2,34.26,0,0
17:37,13.02,3.01,-0.75,2000.19,-0.38,34.27,0,0
17:38,13.01,3.0,-0.37,2000.01,-0.36,34.29,0,0
17:39,13.0,3.0,-0.01,1999.8,-0.42,34.3,0,0
17:40,13.01,3.0,0.4,1999.96,0.32,34.29,0,0
17:41,13.0,3.0,0.08,2000.12,0.32,34.28,0,0
17:42,13.01,3.0,-0.23,2000.37,0.49,34.26,0,0
17:43,13.02,3.01,-0.73,2000.19,-0.36,34.27,0,0
17:44,13.01,3.0,-0.37,2000.41,0.44,34.26,0,0
17:45,13.02,3.01,-0.81,2000.43,0.05,34.26,0,0
17:46,13.02,3.01,-0.85,2000.29,-0.28,34.27,0,0
17:47,13.01,3.01,-0.57,2000.36,0.14,34.27,0,0
17:48,13.02,3.01,-0.71,2000.41,0.1,34.26,0,0
17:49,13.02,3.01,-0.81,2000.46,0.11,34.26,0,0
17:50,13.02,3.01,-0.91,2000.56,0.2,34.25,0,0
17:51,13.03,3.01,-1.11,2000.62,0.12,34.25,0,0
17:52,13.03,3.01,-1.23,2000.84,0.46,34.24,0,0
17:53,13.04,3.02,-1.67,2000.93,0.2,34.23,0,0
17:54,13.05,3.02,-1.85,2000.79,-0.26,34.24,0,0
17:55,13.04,3.02,-1.57,2000.95,0.34,34.23,0,0
17:56,13.05,3.02,-1.89,2000.94,-0.01,34.23,0,0
17:57,13.05,3.02,-1.87,2000.93,0.0,34.23,0,0
17:58,13.05,3.02,-1.85,2000.84,-0.17,34.24,0,0
17:59,13.04,3.02,-1.67,2000.96,0.25,34.23,0,0
18:00,13.05,3.02,-1.91,2001.12,0.33,34.22,0,0
18:01,13.06,3.02,-2.23,2000.97,-0.28,34.23,0,0
18:02,13.05,3.02,-1.93,2000.87,-0.18,34.24,0,0
18:03,13.04,3.02,-1.73,2000.9,0.08,34.23,0,0
18:04,13.04,3.02,-1.79,2000.99,0.19,34.23,0,0
18:05,13.05,3.02,-1.97,2001.07,0.18,34.22,0,0
18:06,13.05,3.02,-2.13,2000.9,-0.33,34.23,0,0
18:07,13.04,3.02,-1.79,2001.03,0.29,34.23,0,0
18:08,13.05,3.02,-2.05,2001.1,0.15,34.22,0,0
18:09,13.05,3.02,-2.19,2001.19,0.2,34.22,0,0
18:10,13.06,3.02,-2.37,2001.4,0.45,34.21,0,0
18:11,13.07,3.03,-2.79,2001.34,-0.09,34.21,0,0
18:12,13.07,3.03,-2.67,2001.55,0.45,34.2,0,0
18:13,13.08,3.03,-3.09,2001.47,-0.14,34.2,0,0
18:14,13.07,3.03,-2.93,2001.44,-0.02,34.2,0,0
18:15,13.07,3.03,-2.87,2001.28,-0.29,34.21,0,0
18:16,13.06,3.03,-2.55,2001.41,0.28,34.21,0,0
18:17,13.07,3.03,-2.81,2001.17,-0.46,34.22,0,0
18:18,13.06,3.02,-2.33,2001.18,0.04,34.22,0,0
18:19,13.06,3.02,-2.35,2001.2,0.06,34.22,0,0
18:20,13.06,3.02,-2.39,2000.96,-0.46,34.23,0,0
18:21,13.05,3.02,-1.91,2000.78,-0.34,34.24,0,0
18:22,13.04,3.02,-1.55,2000.54,-0.46,34.25,0,0
18:23,13.03,3.01,-1.07,2000.44,-0.19,34.26,0,0
18:24,13.02,3.01,-0.87,2000.59,0.32,34.25,0,0
18:25,13.03,3.01,-1.17,2000.73,0.29,34.24,0,0
18:26,13.04,3.01,-1.45,2000.5,-0.45,34.26,0,0
18:27,13.02,3.01,-0.99,2000.26,-0.47,34.27,0,0
18:28,13.01,3.01,-0.51,2000.26,0.01,34.27,0,0
18:29,13.01,3.01,-0.51,2000.09,-0.33,34.28,0,0
18:30,13.0,3.0,-0.17,2000.27,0.37,34.27,0,0
18:31,13.01,3.01,-0.53,2000.36,0.19,34.27,0,0
18:32,13.02,3.01,-0.71,2000.56,0.4,34.25,0,0
18:33,13.03,3.01,-1.11,2000.62,0.12,34.25,0,0
18:34,13.03,3.01,-1.23,2000.56,-0.1,34.25,0,0
18:35,13.03,3.01,-1.11,2000.7,0.29,34.25,0,0
18:36,13.03,3.01,-1.39,2000.5,-0.38,34.26,0,0
18:37,13.02,3.01,-0.99,2000.28,-0.43,34.27,0,0
18:38,13.01,3.01,-0.55,2000.52,0.49,34.26,0,0
18:39,13.03,3.01,-1.03,2000.33,-0.38,34.27,0,0
18:40,13.02,3.01,-0.65,2000.46,0.28,34.26,0,0
18:41,13.02,3.01,-0.91,2000.7,0.49,34.25,0,0
18:42,13.03,3.01,-1.39,2000.62,-0.16,34.25,0,0
18:43,13.03,3.01,-1.23,2000.55,-0.12,34.25,0,0
18:44,13.03,3.01,-1.09,2000.4,-0.28,34.26,0,0
18:45,13.02,3.01,-0.79,2000.35,-0.08,34.27,0,0
18:46,13.02,3.01,-0.69,2000.44,0.19,34.26,0,0
18:47,13.02,3.01,-0.87,2000.45,0.02,34.26,0,0
18:48,13.02,3.01,-0.89,2000.62,0.35,34.25,0,0
18:49,13.03,3.01,-1.23,2000.66,0.09,34.25,0,0
18:50,13.03,3.01,-1.31,2000.85,0.4,34.24,0,0
18:51,13.04,3.02,-1.69,2001.0,0.31,34.23,0,0
18:52,13.05,3.02,-1.99,2000.91,-0.17,34.23,0,0
18:53,13.05,3.02,-1.81,2000.79,-0.22,34.24,0,0
18:54,13.04,3.02,-1.57,2000.9,0.23,34.23,0,0
18:55,13.04,3.02,-1.79,2001.05,0.31,34.23,0,0
18:56,13.05,3.02,-2.09,2000.97,-0.14,34.23,0,0
18:57,13.05,3.02,-1.93,2000.98,0.05,34.23,0,0
18:58,13.05,3.02,-1.95,2001.2,0.45,34.22,0,0
18:59,13.06,3.02,-2.39,2001.41,0.43,34.21,0,0
19:00,13.07,3.03,-2.81,2001.51,0.22,34.2,0,0
19:01,13.08,3.03,-3.01,2001.69,0.38,34.19,0,0
19:02,13.08,3.03,-3.37,2001.44,-0.47,34.2,0,0
19:03,13.07,3.03,-2.87,2001.38,-0.08,34.21,0,0
19:04,13.07,3.03,-2.75,2001.27,-0.19,34.21,0,0
19:05,13.06,3.03,-2.53,2001.04,-0.43,34.23,0,0
19:06,13.05,3.02,-2.07,2000.94,-0.17,34.23,0,0
19:07,13.05,3.02,-1.87,2000.84,-0.17,34.24,0,0
19:08,13.04,3.02,-1.67,2001.01,0.35,34.23,0,0
19:09,13.05,3.02,-2.01,2000.9,-0.21,34.23,0,0
19:10,13.04,3.02,-1.79,2000.9,0.02,34.23,0,0
19:11,13.04,3.02,-1.79,2000.7,-0.39,34.25,0,0
19:12,13.03,3.01,-1.39,2000.81,0.24,34.24,0,0
19:13,13.04,3.02,-1.61,2000.96,0.31,34.23,0,0
19:14,13.05,3.02,-1.91,2000.88,-0.14,34.24,0,0
19:15,13.04,3.02,-1.75,2000.82,-0.11,34.24,0,0
19:16,13.04,3.02,-1.63,2000.65,-0.33,34.25,0,0
19:17,13.03,3.01,-1.29,2000.44,-0.4,34.26,0,0
19:18,13.02,3.01,-0.87,2000.65,0.44,34.25,0,0
19:19,13.03,3.01,-1.29,2000.52,-0.26,34.26,0,0
19:20,13.03,3.01,-1.03,2000.67,0.32,34.25,0,0
19:21,13.03,3.01,-1.33,2000.78,0.24,34.24,0,0
19:22,13.04,3.02,-1.55,2000.7,-0.15,34.25,0,0
19:23,13.03,3.01,-1.39,2000.69,-0.01,34.25,0,0
19:24,13.03,3.01,-1.37,2000.82,0.27,34.24,0,0
19:25,13.04,3.02,-1.63,2000.87,0.11,34.24,0,0
19:26,13.04,3.02,-1.73,2000.78,-0.16,34.24,0,0
19:27,13.04,3.02,-1.55,2000.78,0.02,34.24,0,0
19:28,13.04,3.02,-1.55,2000.71,-0.13,34.25,0,0
19:29,13.04,3.01,-1.41,2000.89,0.38,34.23,0,0
19:30,13.04,3.02,-1.77,2001.1,0.43,34.22,0,0
19:31,13.05,3.02,-2.19,2001.07,-0.05,34.22,0,0
19:32,13.05,3.02,-2.13,2000.83,-0.45,34.24,0,0
19:33,13.04,3.02,-1.65,2000.89,0.15,34.23,0,0
19:34,13.04,3.02,-1.77,2000.94,0.11,34.23,0,0
19:35,13.05,3.02,-1.87,2000.98,0.1,34.23,0,0
19:36,13.05,3.02,-1.95,2000.72,-0.51,34.24,0,0
19:37,13.04,3.01,-1.43,2000.88,0.34,34.24,0,0
19:38,13.04,3.02,-1.75,2000.95,0.16,34.23,0,0
19:39,13.05,3.02,-1.89,2000.72,-0.45,34.24,0,0
19:40,13.04,3.01,-1.43,2000.88,0.34,34.24,0,0
19:41,13.04,3.02,-1.75,2000.64,-0.46,34.25,0,0
19:42,13.03,3.01,-1.27,2000.45,-0.36,34.26,0,0
19:43,13.02,3.01,-0.89,2000.49,0.09,34.26,0,0
19:44,13.02,3.01,-0.97,2000.63,0.28,34.25,0,0
19:45,13.03,3.01,-1.25,2000.74,0.23,34.24,0,0
19:46,13.04,3.01,-1.47,2000.73,0.0,34.24,0,0
19:47,13.04,3.01,-1.45,2000.53,-0.38,34.26,0,0
19:48,13.03,3.01,-1.05,2000.55,0.06,34.25,0,0
19:49,13.03,3.01,-1.09,2000.53,-0.03,34.26,0,0
19:50,13.03,3.01,-1.05,2000.41,-0.23,34.26,0,0
19:51,13.02,3.01,-0.81,2000.22,-0.36,34.27,0,0
19:52,13.01,3.0,-0.43,2000.18,-0.08,34.28,0,0
19:53,13.01,3.0,-0.35,2000.05,-0.25,34.28,0,0
19:54,13.0,3.0,-0.09,2000.09,0.09,34.28,0,0
19:55,13.0,3.0,-0.17,2000.04,-0.09,34.28,0,0
19:56,13.0,3.0,-0.07,2000.16,0.24,34.28,0,0
19:57,13.01,3.0,-0.31,2000.37,0.42,34.26,0,0
19:58,13.02,3.01,-0.73,2000.27,-0.2,34.27,0,0
19:59,13.01,3.01,-0.53,2000.38,0.23,34.26,0,0
20:00,13.02,3.01,-0.75,2000.48,0.21,34.26,0,0
20:01,13.02,3.01,-0.95,2000.67,0.38,34.25,0,0
20:02,13.03,3.01,-1.33,2000.88,0.42,34.24,0,0
20:03,13.04,3.02,-1.75,2000.71,-0.32,34.25,0,0
20:04,13.04,3.01,-1.41,2000.59,-0.23,34.25,0,0
20:05,13.03,3.01,-1.17,2000.4,-0.37,34.26,0,0
20:06,13.02,3.01,-0.79,2000.6,0.42,34.25,0,0
20:07,13.03,3.01,-1.19,2000.49,-0.22,34.26,0,0
20:08,13.02,3.01,-0.97,2000.68,0.4,34.25,0,0
20:09,13.03,3.01,-1.35,2000.75,0.15,34.24,0,0
20:10,13.04,3.01,-1.49,2000.89,0.3,34.23,0,0
20:11,13.04,3.02,-1.77,2001.12,0.48,34.22,0,0
20:12,13.06,3.02,-2.23,2001.09,-0.04,34.22,0,0
20:13,13.05,3.02,-2.17,2001.02,-0.12,34.23,0,0
20:14,13.05,3.02,-2.03,2000.82,-0.37,34.24,0,0
20:15,13.04,3.02,-1.63,2000.69,-0.23,34.25,0,0
20:16,13.03,3.01,-1.37,2000.75,0.14,34.24,0,0
20:17,13.04,3.01,-1.49,2000.59,-0.3,34.25,0,0
20:18,13.03,3.01,-1.17,2000.5,-0.17,34.26,0,0
20:19,13.02,3.01,-0.99,2000.59,0.2,34.25,0,0
20:20,13.03,3.01,-1.17,2000.47,-0.23,34.26,0,0
20:21,13.02,3.01,-0.93,2000.49,0.05,34.26,0,0
20:22,13.02,3.01,-0.97,2000.73,0.48,34.24,0,0
20:23,13.04,3.01,-1.45,2000.97,0.48,34.23,0,0
20:24,13.05,3.02,-1.93,2000.74,-0.45,34.24,0,0
20:25,13.04,3.01,-1.47,2000.63,-0.2,34.25,0,0
20:26,13.03,3.01,-1.25,2000.73,0.22,34.24,0,0
20:27,13.04,3.01,-1.45,2000.48,-0.48,34.26,0,0
20:28,13.02,3.01,-0.95,2000.25,-0.44,34.27,0,0
20:29,13.01,3.0,-0.49,2000.37,0.25,34.26,0,0
20:30,13.02,3.01,-0.73,2000.48,0.22,34.26,0,0
20:31,13.02,3.01,-0.95,2000.39,-0.17,34.26,0,0
20:32,13.02,3.01,-0.77,2000.22,-0.34,34.27,0,0
20:33,13.01,3.0,-0.43,2000.23,0.03,34.27,0,0
20:34,13.01,3.0,-0.45,2000.15,-0.16,34.28,0,0
20:35,13.01,3.0,-0.29,1999.9,-0.49,34.29,0,0
20:36,13.0,3.0,0.2,1999.66,-0.48,34.31,0,0
20:37,13.02,3.01,0.68,1999.76,0.19,34.3,0,0
20:38,13.01,3.0,0.48,1999.7,-0.13,34.3,0,0
20:39,13.01,3.01,0.6,1999.76,0.11,34.3,0,0
20:40,13.01,3.0,0.48,1999.8,0.08,34.3,0,0
20:41,13.01,3.0,0.4,2000.01,0.42,34.29,0,0
20:42,13.0,3.0,-0.01,1999.89,-0.24,34.29,0,0
20:43,13.01,3.0,0.22,1999.95,0.12,34.29,0,0
20:44,13.0,3.0,0.1,1999.85,-0.21,34.29,0,0
20:45,13.01,3.0,0.3,1999.83,-0.04,34.3,0,0
20:46,13.01,3.0,0.34,1999.91,0.15,34.29,0,0
20:47,13.0,3.0,0.18,2000.15,0.47,34.28,0,0
20:48,13.01,3.0,-0.29,2000.39,0.48,34.26,0,0
20:49,13.02,3.01,-0.77,2000.56,0.35,34.25,0,0
20:50,13.03,3.01,-1.11,2000.57,0.03,34.25,0,0
20:51,13.03,3.01,-1.13,2000.52,-0.08,34.26,0,0
20:52,13.03,3.01,-1.03,2000.34,-0.34,34.27,0,0
20:53,13.02,3.01,-0.67,2000.22,-0.23,34.27,0,0
20:54,13.01,3.0,-0.43,2000.11,-0.21,34.28,0,0
20:55,13.01,3.0,-0.21,2000.28,0.34,34.27,0,0
20:56,13.01,3.01,-0.55,2000.11,-0.33,34.28,0,0
20:57,13.01,3.0,-0.21,1999.96,-0.29,34.29,0,0
20:58,13.0,3.0,0.08,1999.73,-0.46,34.3,0,0
20:59,13.01,3.01,0.54,1999.97,0.47,34.29,0,0
21:00,13.0,3.0,0.06,2000.06,0.17,34.28,0,0
21:01,13.0,3.0,-0.11,2000.3,0.48,34.27,0,0
21:02,13.01,3.01,-0.59,2000.26,-0.08,34.27,0,0
21:03,13.01,3.01,-0.51,2000.09,-0.33,34.28,0,0
21:04,13.0,3.0,-0.17,2000.12,0.07,34.28,0,0
21:05,13.01,3.0,-0.23,1999.91,-0.41,34.29,0,0
21:06,13.0,3.0,0.18,1999.88,-0.06,34.29,0,0
21:07,13.01,3.0,0.24,2000.04,0.32,34.28,0,0
21:08,13.0,3.0,-0.07,2000.27,0.45,34.27,0,0
21:09,13.01,3.01,-0.53,2000.12,-0.3,34.28,0,0
21:10,13.01,3.0,-0.23,2000.14,0.05,34.28,0,0
21:11,13.01,3.0,-0.27,2000.0,-0.28,34.29,0,0
21:12,13.0,3.0,0.0,1999.95,-0.1,34.29,0,0
21:13,13.0,3.0,0.1,1999.92,-0.05,34.29,0,0
21:14,13.0,3.0,0.16,1999.8,-0.25,34.3,0,0
21:15,13.01,3.0,0.4,1999.92,0.23,34.29,0,0
21:16,13.0,3.0,0.16,2000.03,0.21,34.28,0,0
21:17,13.0,3.0,-0.05,2000.19,0.31,34.27,0,0
21:18,13.01,3.0,-0.37,2000.24,0.11,34.27,0,0
21:19,13.01,3.0,-0.47,2000.18,-0.11,34.28,0,0
21:20,13.01,3.0,-0.35,2000.34,0.33,34.27,0,0
21:21,13.02,3.01,-0.67,2000.54,0.41,34.25,0,0
21:22,13.03,3.01,-1.07,2000.49,-0.1,34.26,0,0
21:23,13.02,3.01,-0.97,2000.54,0.12,34.25,0,0
21:24,13.03,3.01,-1.07,2000.42,-0.24,34.26,0,0
21:25,13.02,3.01,-0.83,2000.28,-0.26,34.27,0,0
21:26,13.01,3.01,-0.55,2000.26,-0.04,34.27,0,0
21:27,13.01,3.01,-0.51,2000.26,0.01,34.27,0,0
21:28,13.01,3.01,-0.51,2000.34,0.17,34.27,0,0
21:29,13.02,3.01,-0.67,2000.45,0.23,34.26,0,0
21:30,13.02,3.01,-0.89,2000.65,0.41,34.25,0,0
21:31,13.03,3.01,-1.29,2000.71,0.13,34.25,0,0
21:32,13.04,3.01,-1.41,2000.88,0.36,34.24,0,0
21:33,13.04,3.02,-1.75,2000.72,-0.3,34.24,0,0
21:34,13.04,3.01,-1.43,2000.49,-0.45,34.26,0,0
21:35,13.02,3.01,-0.97,2000.27,-0.42,34.27,0,0
21:36,13.01,3.01,-0.53,2000.47,0.4,34.26,0,0
21:37,13.02,3.01,-0.93,2000.55,0.16,34.25,0,0
21:38,13.03,3.01,-1.09,2000.79,0.48,34.24,0,0
21:39,13.04,3.02,-1.57,2000.93,0.3,34.23,0,0
21:40,13.05,3.02,-1.85,2000.91,-0.02,34.23,0,0
21:41,13.05,3.02,-1.81,2000.89,-0.02,34.23,0,0
21:42,13.04,3.02,-1.77,2000.98,0.19,34.23,0,0
21:43,13.05,3.02,-1.95,2001.01,0.07,34.23,0,0
21:44,13.05,3.02,-2.01,2001.24,0.48,34.21,0,0
21:45,13.06,3.02,-2.47,2001.17,-0.11,34.22,0,0
21:46,13.06,3.02,-2.33,2000.99,-0.33,34.23,0,0
21:47,13.05,3.02,-1.97,2001.1,0.25,34.22,0,0
21:48,13.05,3.02,-2.19,2001.16,0.14,34.22,0,0
21:49,13.06,3.02,-2.31,2001.05,-0.19,34.23,0,0
21:50,13.05,3.02,-2.09,2001.04,0.0,34.23,0,0
21:51,13.05,3.02,-2.07,2001.03,0.0,34.23,0,0
21:52,13.05,3.02,-2.05,2001.09,0.15,34.22,0,0
21:53,13.05,3.02,-2.17,2000.91,-0.34,34.23,0,0
21:54,13.05,3.02,-1.81,2000.77,-0.25,34.24,0,0
21:55,13.04,3.02,-1.53,2000.74,-0.05,34.24,0,0
21:56,13.04,3.01,-1.47,2000.89,0.32,34.23,0,0
21:57,13.04,3.02,-1.77,2000.9,0.04,34.23,0,0
21:58,13.04,3.02,-1.79,2000.96,0.13,34.23,0,0
21:59,13.05,3.02,-1.91,2000.86,-0.18,34.24,0,0
22:00,13.04,3.02,-1.71,2000.78,-0.15,34.24,0,0
22:01,13.04,3.02,-1.55,2000.82,0.09,34.24,0,0
22:02,13.04,3.02,-1.63,2000.99,0.36,34.23,0,0
22:03,13.05,3.02,-1.97,2001.06,0.15,34.23,0,0
22:04,13.05,3.02,-2.11,2001.04,-0.02,34.23,0,0
22:05,13.05,3.02,-2.07,2001.13,0.21,34.22,0,0
22:06,13.06,3.02,-2.25,2001.25,0.27,34.21,0,0
22:07,13.06,3.02,-2.49,2001.42,0.37,34.2,0,0
22:08,13.07,3.03,-2.83,2001.58,0.35,34.2,0,0
22:09,13.08,3.03,-3.15,2001.43,-0.28,34.2,0,0
22:10,13.07,3.03,-2.85,2001.28,-0.26,34.21,0,0
22:11,13.06,3.03,-2.55,2001.23,-0.08,34.22,0,0
22:12,13.06,3.02,-2.45,2001.01,-0.42,34.23,0,0
22:13,13.05,3.02,-2.01,2000.79,-0.41,34.24,0,0
22:14,13.04,3.02,-1.57,2000.96,0.37,34.23,0,0
22:15,13.05,3.02,-1.91,2001.19,0.48,34.22,0,0
22:16,13.06,3.02,-2.37,2001.39,0.41,34.21,0,0
22:17,13.07,3.03,-2.77,2001.23,-0.29,34.22,0,0
22:18,13.06,3.02,-2.45,2001.34,0.24,34.21,0,0
22:19,13.07,3.03,-2.67,2001.41,0.17,34.21,0,0
22:20,13.07,3.03,-2.81,2001.32,-0.15,34.21,0,0
22:21,13.07,3.03,-2.63,2001.36,0.1,34.21,0,0
22:22,13.07,3.03,-2.71,2001.26,-0.17,34.21,0,0
22:23,13.06,3.03,-2.51,2001.44,0.38,34.2,0,0
22:24,13.07,3.03,-2.87,2001.19,-0.48,34.22,0,0
22:25,13.06,3.02,-2.37,2001.04,-0.27,34.23,0,0
22:26,13.05,3.02,-2.07,2000.94,-0.17,34.23,0,0
22:27,13.05,3.02,-1.87,2001.14,0.42,34.22,0,0
22:28,13.06,3.02,-2.27,2000.97,-0.33,34.23,0,0
22:29,13.05,3.02,-1.93,2000.75,-0.41,34.24,0,0
22:30,13.04,3.01,-1.49,2000.77,0.05,34.24,0,0
22:31,13.04,3.02,-1.53,2000.68,-0.17,34.25,0,0
22:32,13.03,3.01,-1.35,2000.84,0.34,34.24,0,0
22:33,13.04,3.02,-1.67,2000.93,0.19,34.23,0,0
22:34,13.05,3.02,-1.85,2000.99,0.13,34.23,0,0
22:35,13.05,3.02,-1.97,2000.98,0.0,34.23,0,0
22:36,13.05,3.02,-1.95,2000.77,-0.41,34.24,0,0
22:37,13.04,3.02,-1.53,2000.93,0.34,34.23,0,0
22:38,13.05,3.02,-1.85,2000.96,0.08,34.23,0,0
22:39,13.05,3.02,-1.91,2001.13,0.36,34.22,0,0
22:40,13.06,3.02,-2.25,2001.02,-0.21,34.23,0,0
22:41,13.05,3.02,-2.03,2000.83,-0.36,34.24,0,0
22:42,13.04,3.02,-1.65,2000.75,-0.13,34.24,0,0
22:43,13.04,3.01,-1.49,2000.6,-0.28,34.25,0,0
22:44,13.03,3.01,-1.19,2000.72,0.25,34.24,0,0
22:45,13.04,3.01,-1.43,2000.77,0.12,34.24,0,0
22:46,13.04,3.02,-1.53,2000.74,-0.04,34.24,0,0
22:47,13.04,3.01,-1.47,2000.82,0.18,34.24,0,0
22:48,13.04,3.02,-1.63,2000.7,-0.23,34.25,0,0
22:49,13.03,3.01,-1.39,2000.67,-0.04,34.25,0,0
22:50,13.03,3.01,-1.33,2000.86,0.4,34.24,0,0
22:51,13.04,3.02,-1.71,2001.08,0.45,34.22,0,0
22:52,13.05,3.02,-2.15,2001.24,0.33,34.21,0,0
22:53,13.06,3.02,-2.47,2001.25,0.05,34.21,0,0
22:54,13.06,3.02,-2.49,2001.38,0.29,34.21,0,0
22:55,13.07,3.03,-2.75,2001.45,0.16,34.2,0,0
22:56,13.07,3.03,-2.89,2001.2,-0.48,34.22,0,0
22:57,13.06,3.02,-2.39,2001.4,0.42,34.21,0,0
22:58,13.07,3.03,-2.79,2001.53,0.29,34.2,0,0
22:59,13.08,3.03,-3.05,2001.31,-0.42,34.21,0,0
23:00,13.07,3.03,-2.61,2001.18,-0.23,34.22,0,0
23:01,13.06,3.02,-2.35,2001.08,-0.18,34.22,0,0
23:02,13.05,3.02,-2.15,2001.19,0.24,34.22,0,0
23:03,13.06,3.02,-2.37,2001.04,-0.28,34.23,0,0
23:04,13.05,3.02,-2.07,2001.08,0.1,34.22,0,0
23:05,13.05,3.02,-2.15,2001.11,0.09,34.22,0,0
23:06,13.06,3.02,-2.21,2000.86,-0.47,34.24,0,0
23:07,13.04,3.02,-1.71,2000.9,0.1,34.23,0,0
23:08,13.04,3.02,-1.79,2000.7,-0.38,34.25,0,0
23:09,13.03,3.01,-1.39,2000.62,-0.15,34.25,0,0
23:10,13.03,3.01,-1.23,2000.57,-0.08,34.25,0,0
23:11,13.03,3.01,-1.13,2000.41,-0.3,34.26,0,0
23:12,13.02,3.01,-0.81,2000.64,0.48,34.25,0,0
23:13,13.03,3.01,-1.27,2000.43,-0.41,34.26,0,0
23:14,13.02,3.01,-0.85,2000.57,0.29,34.25,0,0
23:15,13.03,3.01,-1.13,2000.67,0.21,34.25,0,0
23:16,13.03,3.01,-1.33,2000.59,-0.14,34.25,0,0
23:17,13.03,3.01,-1.17,2000.34,-0.49,34.27,0,0
23:18,13.02,3.01,-0.67,2000.54,0.42,34.25,0,0
23:19,13.03,3.01,-1.07,2000.59,0.1,34.25,0,0
23:20,13.03,3.01,-1.17,2000.75,0.34,34.24,0,0
23:21,13.04,3.01,-1.49,2000.95,0.42,34.23,0,0
23:22,13.05,3.02,-1.89,2001.14,0.39,34.22,0,0
23:23,13.06,3.02,-2.27,2001.3,0.34,34.21,0,0
23:24,13.06,3.03,-2.59,2001.19,-0.19,34.22,0,0
23:25,13.06,3.02,-2.37,2001.06,-0.24,34.23,0,0
23:26,13.05,3.02,-2.11,2001.06,0.03,34.23,0,0
23:27,13.05,3.02,-2.11,2001.2,0.31,34.22,0,0
23:28,13.06,3.02,-2.39,2001.19,0.0,34.22,0,0
23:29,13.06,3.02,-2.37,2001.13,-0.1,34.22,0,0
23:30,13.06,3.02,-2.25,2001.24,0.25,34.21,0,0
23:31,13.06,3.02,-2.47,2001.46,0.46,34.2,0,0
23:32,13.07,3.03,-2.91,2001.22,-0.45,34.22,0,0
23:33,13.06,3.02,-2.43,2001.04,-0.34,34.23,0,0
23:34,13.05,3.02,-2.07,2000.87,-0.32,34.24,0,0
23:35,13.04,3.02,-1.73,2001.07,0.43,34.22,0,0
23:36,13.05,3.02,-2.13,2001.23,0.33,34.22,0,0
23:37,13.06,3.02,-2.45,2001.29,0.14,34.21,0,0
23:38,13.06,3.03,-2.57,2001.04,-0.47,34.23,0,0
23:39,13.05,3.02,-2.07,2001.1,0.14,34.22,0,0
23:40,13.05,3.02,-2.19,2000.93,-0.31,34.23,0,0
23:41,13.05,3.02,-1.85,2000.86,-0.11,34.24,0,0
23:42,13.04,3.02,-1.71,2000.64,-0.43,34.25,0,0
23:43,13.03,3.01,-1.27,2000.61,-0.05,34.25,0,0
23:44,13.03,3.01,-1.21,2000.42,-0.36,34.26,0,0
23:45,13.02,3.01,-0.83,2000.39,-0.05,34.26,0,0
23:46,13.02,3.01,-0.77,2000.31,-0.16,34.27,0,0
23:47,13.02,3.01,-0.61,2000.4,0.18,34.26,0,0
23:48,13.02,3.01,-0.79,2000.29,-0.22,34.27,0,0
23:49,13.01,3.01,-0.57,2000.45,0.33,34.26,0,0
23:50,13.02,3.01,-0.89,2000.3,-0.3,34.27,0,0
23:51,13.01,3.01,-0.59,2000.42,0.24,34.26,0,0
23:52,13.02,3.01,-0.83,2000.48,0.12,34.26,0,0
23:53,13.02,3.01,-0.95,2000.31,-0.34,34.27,0,0
23:54,13.02,3.01,-0.61,2000.09,-0.43,34.28,0,0
23:55,13.0,3.0,-0.17,2000.04,-0.09,34.28,0,0
23:56,13.0,3.0,-0.07,2000.01,-0.06,34.29,0,0
23:57,13.0,3.0,-0.01,2000.21,0.4,34.27,0,0
23:58,13.01,3.0,-0.41,2000.16,-0.1,34.28,0,0
23:59,13.01,3.0,-0.31,2000.34,0.36,34.27,0,0
