Time,VOLTAGE,CURRENT,THRUST,ALTITUDE,ACCELERATION,TEMPERATURE,SCIENCE_COLLECTION,[LABEL]: ERROR_STATE
0:00,13,3,0,2000,0,34.29,0,0
0:01,13,3,0,1999.77,-0.45,34.3,0,0
0:02,13.01,3,0.46,1999.63,-0.28,34.31,0,0
0:03,13.02,3.01,0.74,1999.73,0.2,34.3,0,0
0:04,13.01,3.01,0.54,1999.88,0.3,34.29,0,0
0:05,13.01,3,0.24,2000.02,0.28,34.28,0,0
0:06,13,3,-0.03,1999.84,-0.37,34.29,0,0
0:07,13.01,3,0.32,1999.88,0.08,34.29,0,0
0:08,13.01,3,0.24,1999.68,-0.4,34.3,0,0
0:09,13.02,3.01,0.64,1999.69,0.01,34.3,0,0
0:10,13.02,3.01,0.62,1999.75,0.12,34.3,0,0
0:11,13.01,3,0.5,1999.54,-0.43,34.31,0,0
0:12,13.02,3.01,0.92,1999.78,0.48,34.3,0,0
0:13,13.01,3,0.44,1999.64,-0.28,34.31,0,0
0:14,13.02,3.01,0.72,1999.7,0.11,34.3,0,0
0:15,13.01,3.01,0.6,1999.55,-0.31,34.31,0,0
0:16,13.02,3.01,0.9,1999.46,-0.18,34.32,0,0
0:17,13.03,3.01,1.08,1999.49,0.06,34.31,0,0
0:18,13.03,3.01,1.02,1999.38,-0.24,34.32,0,0
0:19,13.03,3.01,1.24,1999.31,-0.15,34.33,0,0
0:20,13.03,3.01,1.38,1999.57,0.51,34.31,0,0
0:21,13.02,3.01,0.86,1999.4,-0.36,34.32,0,0
0:22,13.03,3.01,1.2,1999.43,0.06,34.32,0,0
0:23,13.03,3.01,1.14,1999.64,0.4,34.31,0,0
0:24,13.02,3.01,0.72,1999.78,0.27,34.3,0,0
0:25,13.01,3,0.44,1999.95,0.34,34.29,0,0
0:26,13,3,0.1,1999.71,-0.48,34.3,0,0
0:27,13.01,3.01,0.58,1999.89,0.36,34.29,0,0
0:28,13.01,3,0.22,1999.84,-0.1,34.29,0,0
0:29,13.01,3,0.32,1999.75,-0.18,34.3,0,0
0:30,13.01,3,0.5,1999.55,-0.4,34.31,0,0
0:31,13.02,3.01,0.9,1999.5,-0.1,34.31,0,0
0:32,13.02,3.01,1,1999.44,-0.12,34.32,0,0
0:33,13.03,3.01,1.12,1999.48,0.08,34.32,0,0
0:34,13.03,3.01,1.04,1999.27,-0.43,34.33,0,0
0:35,13.04,3.01,1.46,1999.51,0.47,34.31,0,0
0:36,13.02,3.01,0.98,1999.42,-0.19,34.32,0,0
0:37,13.03,3.01,1.16,1999.66,0.48,34.31,0,0
0:38,13.02,3.01,0.68,1999.77,0.21,34.3,0,0
0:39,13.01,3,0.46,1999.57,-0.4,34.31,0,0
0:40,13.02,3.01,0.86,1999.43,-0.28,34.32,0,0
0:41,13.03,3.01,1.14,1999.47,0.07,34.32,0,0
0:42,13.03,3.01,1.06,1999.53,0.11,34.31,0,0
0:43,13.02,3.01,0.94,1999.46,-0.15,34.32,0,0
0:44,13.03,3.01,1.08,1999.69,0.46,34.3,0,0
0:45,13.02,3.01,0.62,1999.89,0.39,34.29,0,0
0:46,13.01,3,0.22,1999.82,-0.15,34.3,0,0
0:47,13.01,3,0.36,1999.65,-0.34,34.31,0,0
0:48,13.02,3.01,0.7,1999.45,-0.4,34.32,0,0
0:49,13.03,3.01,1.1,1999.62,0.33,34.31,0,0
0:50,13.02,3.01,0.76,1999.53,-0.2,34.31,0,0
0:51,13.02,3.01,0.94,1999.54,0.02,34.31,0,0
0:52,13.02,3.01,0.92,1999.33,-0.42,34.32,0,0
0:53,13.03,3.01,1.34,1999.46,0.26,34.32,0,0
0:54,13.03,3.01,1.08,1999.5,0.07,34.31,0,0
0:55,13.02,3.01,1,1999.72,0.43,34.3,0,0
0:56,13.01,3.01,0.56,1999.5,-0.45,34.31,0,0
0:57,13.02,3.01,1,1999.71,0.42,34.3,0,0
0:58,13.01,3.01,0.58,1999.93,0.44,34.29,0,0
0:59,13,3,0.14,1999.86,-0.14,34.29,0,0
1:00,13.01,3,0.28,1999.67,-0.38,34.3,0,0
1:01,13.02,3.01,0.66,1999.86,0.37,34.29,0,0
1:02,13.01,3,0.28,1999.86,-0.01,34.29,0,0
1:03,13.01,3,0.28,1999.74,-0.24,34.3,0,0
1:04,13.01,3.01,0.52,1999.55,-0.39,34.31,0,0
1:05,13.02,3.01,0.9,1999.36,-0.38,34.32,0,0
1:06,13.03,3.01,1.28,1999.16,-0.41,34.33,0,0
1:07,13.04,3.02,1.68,1999.14,-0.06,34.33,0,0
1:08,13.04,3.02,1.72,1999.18,0.06,34.33,0,0
1:09,13.04,3.02,1.64,1999.21,0.04,34.33,0,0
1:10,13.04,3.02,1.58,1999.37,0.3,34.32,0,0
1:11,13.03,3.01,1.26,1999.2,-0.35,34.33,0,0
1:12,13.04,3.02,1.6,1999.11,-0.19,34.34,0,0
1:13,13.04,3.02,1.78,1999.1,-0.04,34.34,0,0
1:14,13.04,3.02,1.8,1998.89,-0.43,34.35,0,0
1:15,13.06,3.02,2.22,1999.01,0.23,34.34,0,0
1:16,13.05,3.02,1.98,1998.91,-0.22,34.35,0,0
1:17,13.05,3.02,2.18,1998.84,-0.16,34.35,0,0
1:18,13.06,3.02,2.32,1998.84,-0.02,34.35,0,0
1:19,13.06,3.02,2.32,1998.97,0.24,34.34,0,0
1:20,13.05,3.02,2.06,1999.07,0.17,34.34,0,0
1:21,13.05,3.02,1.86,1998.96,-0.24,34.35,0,0
1:22,13.05,3.02,2.08,1999.12,0.31,34.34,0,0
1:23,13.04,3.02,1.76,1999.24,0.21,34.33,0,0
1:24,13.04,3.02,1.52,1999.03,-0.43,34.34,0,0
1:25,13.05,3.02,1.94,1999.13,0.19,34.34,0,0
1:26,13.04,3.02,1.74,1999.4,0.52,34.32,0,0
1:27,13.03,3.01,1.2,1999.29,-0.24,34.33,0,0
1:28,13.04,3.01,1.42,1999.11,-0.37,34.34,0,0
1:29,13.04,3.02,1.78,1998.99,-0.25,34.34,0,0
1:30,13.05,3.02,2.02,1999.07,0.14,34.34,0,0
1:31,13.05,3.02,1.86,1999.26,0.36,34.33,0,0
1:32,13.04,3.01,1.48,1999.26,-0.02,34.33,0,0
1:33,13.04,3.01,1.48,1999.52,0.51,34.31,0,0
1:34,13.02,3.01,0.96,1999.61,0.17,34.31,0,0
1:35,13.02,3.01,0.78,1999.42,-0.38,34.32,0,0
1:36,13.03,3.01,1.16,1999.52,0.19,34.31,0,0
1:37,13.02,3.01,0.96,1999.33,-0.4,34.32,0,0
1:38,13.03,3.01,1.34,1999.37,0.07,34.32,0,0
1:39,13.03,3.01,1.26,1999.54,0.32,34.31,0,0
1:40,13.02,3.01,0.92,1999.47,-0.15,34.32,0,0
1:41,13.03,3.01,1.06,1999.39,-0.16,34.32,0,0
1:42,13.03,3.01,1.22,1999.5,0.2,34.31,0,0
1:43,13.02,3.01,1,1999.55,0.09,34.31,0,0
1:44,13.02,3.01,0.9,1999.77,0.43,34.3,0,0
1:45,13.01,3,0.46,1999.71,-0.13,34.3,0,0
1:46,13.01,3.01,0.58,1999.96,0.5,34.29,0,0
1:47,13,3,0.08,2000.17,0.42,34.28,0,0
1:48,13.01,3,-0.33,2000.24,0.13,34.27,0,0
1:49,13.01,3,-0.47,2000.14,-0.19,34.28,0,0
1:50,13.01,3,-0.27,2000.18,0.08,34.28,0,0
1:51,13.01,3,-0.35,2000.14,-0.08,34.28,0,0
1:52,13.01,3,-0.27,2000.22,0.16,34.27,0,0
1:53,13.01,3,-0.43,2000.31,0.18,34.27,0,0
1:54,13.02,3.01,-0.61,2000.35,0.08,34.27,0,0
1:55,13.02,3.01,-0.69,2000.47,0.24,34.26,0,0
1:56,13.02,3.01,-0.93,2000.53,0.12,34.26,0,0
1:57,13.03,3.01,-1.05,2000.28,-0.49,34.27,0,0
1:58,13.01,3.01,-0.55,2000.14,-0.26,34.28,0,0
1:59,13.01,3,-0.27,2000.1,-0.08,34.28,0,0
2:00,13,3,-0.19,2000.13,0.06,34.28,0,0
2:01,13.01,3,-0.25,2000.08,-0.09,34.28,0,0
2:02,13,3,-0.15,1999.93,-0.3,34.29,0,0
2:03,13,3,0.14,1999.85,-0.15,34.29,0,0
2:04,13.01,3,0.3,2000.02,0.33,34.28,0,0
2:05,13,3,-0.03,1999.78,-0.48,34.3,0,0
2:06,13.01,3,0.44,1999.89,0.22,34.29,0,0
2:07,13.01,3,0.22,1999.81,-0.17,34.3,0,0
2:08,13.01,3,0.38,1999.61,-0.4,34.31,0,0
2:09,13.02,3.01,0.78,1999.67,0.11,34.3,0,0
2:10,13.02,3.01,0.66,1999.77,0.19,34.3,0,0
2:11,13.01,3,0.46,1999.79,0.04,34.3,0,0
2:12,13.01,3,0.42,1999.83,0.07,34.3,0,0
2:13,13.01,3,0.34,1999.62,-0.43,34.31,0,0
2:14,13.02,3.01,0.76,1999.66,0.08,34.31,0,0
2:15,13.02,3.01,0.68,1999.85,0.37,34.29,0,0
2:16,13.01,3,0.3,1999.94,0.17,34.29,0,0
2:17,13,3,0.12,2000.04,0.2,34.28,0,0
2:18,13,3,-0.07,2000.16,0.23,34.28,0,0
2:19,13.01,3,-0.31,1999.92,-0.48,34.29,0,0
2:20,13,3,0.16,1999.69,-0.46,34.3,0,0
2:21,13.02,3.01,0.62,1999.54,-0.3,34.31,0,0
2:22,13.02,3.01,0.92,1999.6,0.12,34.31,0,0
2:23,13.02,3.01,0.8,1999.8,0.39,34.3,0,0
2:24,13.01,3,0.4,1999.98,0.36,34.29,0,0
2:25,13,3,0.04,2000.1,0.23,34.28,0,0
2:26,13,3,-0.19,2000.03,-0.15,34.28,0,0
2:27,13,3,-0.05,1999.86,-0.34,34.29,0,0
2:28,13.01,3,0.28,1999.76,-0.2,34.3,0,0
2:29,13.01,3,0.48,1999.71,-0.11,34.3,0,0
2:30,13.01,3.01,0.58,1999.74,0.05,34.3,0,0
2:31,13.01,3.01,0.52,1999.78,0.08,34.3,0,0
2:32,13.01,3,0.44,1999.89,0.22,34.29,0,0
2:33,13.01,3,0.22,1999.78,-0.23,34.3,0,0
2:34,13.01,3,0.44,1999.97,0.37,34.29,0,0
2:35,13,3,0.06,2000.21,0.48,34.27,0,0
2:36,13.01,3,-0.41,2000.41,0.4,34.26,0,0
2:37,13.02,3.01,-0.81,2000.3,-0.21,34.27,0,0
2:38,13.01,3.01,-0.59,2000.22,-0.16,34.27,0,0
2:39,13.01,3,-0.43,2000.21,-0.01,34.27,0,0
2:40,13.01,3,-0.41,2000.45,0.49,34.26,0,0
2:41,13.02,3.01,-0.89,2000.55,0.2,34.25,0,0
2:42,13.03,3.01,-1.09,2000.67,0.24,34.25,0,0
2:43,13.03,3.01,-1.33,2000.78,0.24,34.24,0,0
2:44,13.04,3.02,-1.55,2000.92,0.29,34.23,0,0
2:45,13.05,3.02,-1.83,2000.7,-0.42,34.25,0,0
2:46,13.03,3.01,-1.39,2000.9,0.41,34.23,0,0
2:47,13.04,3.02,-1.79,2001.13,0.47,34.22,0,0
2:48,13.06,3.02,-2.25,2001.31,0.37,34.21,0,0
2:49,13.07,3.03,-2.61,2001.41,0.23,34.21,0,0
2:50,13.07,3.03,-2.81,2001.46,0.13,34.2,0,0
2:51,13.07,3.03,-2.91,2001.22,-0.46,34.22,0,0
2:52,13.06,3.02,-2.43,2001.42,0.42,34.2,0,0
2:53,13.07,3.03,-2.83,2001.46,0.1,34.2,0,0
2:54,13.07,3.03,-2.91,2001.46,0.03,34.2,0,0
2:55,13.07,3.03,-2.91,2001.28,-0.33,34.21,0,0
2:56,13.06,3.03,-2.55,2001.26,-0.01,34.21,0,0
2:57,13.06,3.03,-2.51,2001.03,-0.44,34.23,0,0
2:58,13.05,3.02,-2.05,2000.93,-0.17,34.23,0,0
2:59,13.05,3.02,-1.85,2000.94,0.05,34.23,0,0
3:00,13.05,3.02,-1.87,2000.76,-0.34,34.24,0,0
3:01,13.04,3.02,-1.51,2000.92,0.33,34.23,0,0
3:02,13.05,3.02,-1.83,2001.11,0.4,34.22,0,0
3:03,13.06,3.02,-2.21,2000.89,-0.43,34.23,0,0
3:04,13.04,3.02,-1.77,2000.63,-0.49,34.25,0,0
3:05,13.03,3.01,-1.25,2000.54,-0.17,34.25,0,0
3:06,13.03,3.01,-1.07,2000.63,0.19,34.25,0,0
3:07,13.03,3.01,-1.25,2000.63,0.01,34.25,0,0
3:08,13.03,3.01,-1.25,2000.72,0.2,34.24,0,0
3:09,13.04,3.01,-1.43,2000.58,-0.27,34.25,0,0
3:10,13.03,3.01,-1.15,2000.74,0.34,34.24,0,0
3:11,13.04,3.01,-1.47,2000.93,0.4,34.23,0,0
3:12,13.05,3.02,-1.85,2000.93,0.02,34.23,0,0
3:13,13.05,3.02,-1.85,2000.75,-0.34,34.24,0,0
3:14,13.04,3.01,-1.49,2000.61,-0.27,34.25,0,0
3:15,13.03,3.01,-1.21,2000.43,-0.34,34.26,0,0
3:16,13.02,3.01,-0.85,2000.45,0.05,34.26,0,0
3:17,13.02,3.01,-0.89,2000.29,-0.32,34.27,0,0
3:18,13.01,3.01,-0.57,2000.43,0.29,34.26,0,0
3:19,13.02,3.01,-0.85,2000.58,0.3,34.25,0,0
3:20,13.03,3.01,-1.15,2000.63,0.11,34.25,0,0
3:21,13.03,3.01,-1.25,2000.77,0.29,34.24,0,0
3:22,13.04,3.02,-1.53,2000.95,0.38,34.23,0,0
3:23,13.05,3.02,-1.89,2001.13,0.38,34.22,0,0
3:24,13.06,3.02,-2.25,2001.16,0.08,34.22,0,0
3:25,13.06,3.02,-2.31,2001.28,0.27,34.21,0,0
3:26,13.06,3.03,-2.55,2001.43,0.32,34.2,0,0
3:27,13.07,3.03,-2.85,2001.64,0.45,34.19,0,0
3:28,13.08,3.03,-3.27,2001.56,-0.14,34.2,0,0
3:29,13.08,3.03,-3.11,2001.4,-0.28,34.21,0,0
3:30,13.07,3.03,-2.79,2001.49,0.21,34.2,0,0
3:31,13.07,3.03,-2.97,2001.25,-0.46,34.21,0,0
3:32,13.06,3.02,-2.49,2001.18,-0.11,34.22,0,0
3:33,13.06,3.02,-2.35,2000.96,-0.42,34.23,0,0
3:34,13.05,3.02,-1.91,2001.1,0.31,34.22,0,0
3:35,13.05,3.02,-2.19,2001.09,-0.01,34.22,0,0
3:36,13.05,3.02,-2.17,2001.08,0.01,34.22,0,0
3:37,13.05,3.02,-2.15,2001.24,0.35,34.21,0,0
3:38,13.06,3.02,-2.47,2001.24,0.02,34.21,0,0
3:39,13.06,3.02,-2.47,2001.33,0.21,34.21,0,0
3:40,13.07,3.03,-2.65,2001.48,0.32,34.2,0,0
3:41,13.07,3.03,-2.95,2001.45,-0.03,34.2,0,0
3:42,13.07,3.03,-2.89,2001.49,0.1,34.2,0,0
3:43,13.07,3.03,-2.97,2001.39,-0.17,34.21,0,0
3:44,13.07,3.03,-2.77,2001.44,0.13,34.2,0,0
3:45,13.07,3.03,-2.87,2001.5,0.15,34.2,0,0
3:46,13.07,3.03,-2.99,2001.69,0.4,34.19,0,0
3:47,13.08,3.03,-3.37,2001.86,0.38,34.18,0,0
3:48,13.09,3.04,-3.71,2001.84,0,34.18,0,0
3:49,13.09,3.04,-3.67,2001.87,0.09,34.18,0,0
3:50,13.09,3.04,-3.73,2002.07,0.44,34.17,0,0
3:51,13.1,3.04,-4.13,2001.81,-0.48,34.18,0,0
3:52,13.09,3.04,-3.61,2001.56,-0.45,34.2,0,0
3:53,13.08,3.03,-3.11,2001.43,-0.22,34.2,0,0
3:54,13.07,3.03,-2.85,2001.5,0.18,34.2,0,0
3:55,13.07,3.03,-2.99,2001.25,-0.48,34.21,0,0
3:56,13.06,3.02,-2.49,2001.08,-0.3,34.22,0,0
3:57,13.05,3.02,-2.15,2000.82,-0.5,34.24,0,0
3:58,13.04,3.02,-1.63,2000.81,0,34.24,0,0
3:59,13.04,3.02,-1.61,2000.73,-0.15,34.24,0,0
4:00,13.04,3.01,-1.45,2000.54,-0.36,34.25,0,0
4:01,13.03,3.01,-1.07,2000.58,0.1,34.25,0,0
4:02,13.03,3.01,-1.15,2000.43,-0.28,34.26,0,0
4:03,13.02,3.01,-0.85,2000.43,0.01,34.26,0,0
4:04,13.02,3.01,-0.85,2000.61,0.37,34.25,0,0
4:05,13.03,3.01,-1.21,2000.73,0.24,34.24,0,0
4:06,13.04,3.01,-1.45,2000.82,0.2,34.24,0,0
4:07,13.04,3.02,-1.63,2000.98,0.33,34.23,0,0
4:08,13.05,3.02,-1.95,2001.02,0.09,34.23,0,0
4:09,13.05,3.02,-2.03,2000.81,-0.41,34.24,0,0
4:10,13.04,3.02,-1.61,2000.97,0.35,34.23,0,0
4:11,13.05,3.02,-1.93,2000.88,-0.17,34.24,0,0
4:12,13.04,3.02,-1.75,2000.77,-0.2,34.24,0,0
4:13,13.04,3.02,-1.53,2000.55,-0.43,34.25,0,0
4:14,13.03,3.01,-1.09,2000.72,0.36,34.24,0,0
4:15,13.04,3.01,-1.43,2000.58,-0.27,34.25,0,0
4:16,13.03,3.01,-1.15,2000.66,0.18,34.25,0,0
4:17,13.03,3.01,-1.31,2000.41,-0.48,34.26,0,0
4:18,13.02,3.01,-0.81,2000.24,-0.32,34.27,0,0
4:19,13.01,3,-0.47,2000.44,0.4,34.26,0,0
4:20,13.02,3.01,-0.87,2000.43,-0.02,34.26,0,0
4:21,13.02,3.01,-0.85,2000.54,0.23,34.25,0,0
4:22,13.03,3.01,-1.07,2000.66,0.24,34.25,0,0
4:23,13.03,3.01,-1.31,2000.42,-0.47,34.26,0,0
4:24,13.02,3.01,-0.83,2000.52,0.22,34.26,0,0
4:25,13.03,3.01,-1.03,2000.74,0.44,34.24,0,0
4:26,13.04,3.01,-1.47,2000.61,-0.25,34.25,0,0
4:27,13.03,3.01,-1.21,2000.49,-0.23,34.26,0,0
4:28,13.02,3.01,-0.97,2000.55,0.13,34.25,0,0
4:29,13.03,3.01,-1.09,2000.48,-0.13,34.26,0,0
4:30,13.02,3.01,-0.95,2000.63,0.32,34.25,0,0
4:31,13.03,3.01,-1.25,2000.79,0.33,34.24,0,0
4:32,13.04,3.02,-1.57,2000.62,-0.33,34.25,0,0
4:33,13.03,3.01,-1.23,2000.46,-0.31,34.26,0,0
4:34,13.02,3.01,-0.91,2000.62,0.34,34.25,0,0
4:35,13.03,3.01,-1.23,2000.63,0.03,34.25,0,0
4:36,13.03,3.01,-1.25,2000.45,-0.34,34.26,0,0
4:37,13.02,3.01,-0.89,2000.56,0.23,34.25,0,0
4:38,13.03,3.01,-1.11,2000.64,0.17,34.25,0,0
4:39,13.03,3.01,-1.27,2000.45,-0.37,34.26,0,0
4:40,13.02,3.01,-0.89,2000.68,0.48,34.25,0,0
4:41,13.03,3.01,-1.35,2000.43,-0.49,34.26,0,0
4:42,13.02,3.01,-0.85,2000.38,-0.09,34.26,0,0
4:43,13.02,3.01,-0.75,2000.24,-0.28,34.27,0,0
4:44,13.01,3,-0.47,2000.4,0.32,34.26,0,0
4:45,13.02,3.01,-0.79,2000.58,0.36,34.25,0,0
4:46,13.03,3.01,-1.15,2000.74,0.33,34.24,0,0
4:47,13.04,3.01,-1.47,2000.52,-0.42,34.26,0,0
4:48,13.03,3.01,-1.03,2000.62,0.21,34.25,0,0
4:49,13.03,3.01,-1.23,2000.68,0.13,34.25,0,0
4:50,13.03,3.01,-1.35,2000.57,-0.21,34.25,0,0
4:51,13.03,3.01,-1.13,2000.38,-0.36,34.26,0,0
4:52,13.02,3.01,-0.75,2000.32,-0.1,34.27,0,0
4:53,13.02,3.01,-0.63,2000.33,0.03,34.27,0,0
4:54,13.02,3.01,-0.65,2000.5,0.35,34.26,0,0
4:55,13.02,3.01,-0.99,2000.66,0.32,34.25,0,0
4:56,13.03,3.01,-1.31,2000.5,-0.31,34.26,0,0
4:57,13.02,3.01,-0.99,2000.55,0.11,34.25,0,0
4:58,13.03,3.01,-1.09,2000.39,-0.31,34.26,0,0
4:59,13.02,3.01,-0.77,2000.43,0.09,34.26,0,0
5:00,13.02,3.01,-0.85,2000.66,0.46,34.25,0,0
5:01,13.03,3.01,-1.31,2000.46,-0.39,34.26,0,0
5:02,13.02,3.01,-0.91,2000.68,0.46,34.25,0,0
5:03,13.03,3.01,-1.35,2000.67,-0.02,34.25,0,0
5:04,13.03,3.01,-1.33,2000.68,0.04,34.25,0,0
5:05,13.03,3.01,-1.35,2000.58,-0.19,34.25,0,0
5:06,13.03,3.01,-1.15,2000.62,0.1,34.25,0,0
5:07,13.03,3.01,-1.23,2000.58,-0.06,34.25,0,0
5:08,13.03,3.01,-1.15,2000.59,0.04,34.25,0,0
5:09,13.03,3.01,-1.17,2000.41,-0.34,34.26,0,0
5:10,13.02,3.01,-0.81,2000.57,0.33,34.25,0,0
5:11,13.03,3.01,-1.13,2000.36,-0.42,34.27,0,0
5:12,13.02,3.01,-0.71,2000.56,0.41,34.25,0,0
5:13,13.03,3.01,-1.11,2000.71,0.3,34.25,0,0
5:14,13.04,3.01,-1.41,2000.62,-0.17,34.25,0,0
5:15,13.03,3.01,-1.23,2000.68,0.13,34.25,0,0
5:16,13.03,3.01,-1.35,2000.44,-0.46,34.26,0,0
5:17,13.02,3.01,-0.87,2000.33,-0.2,34.27,0,0
5:18,13.02,3.01,-0.65,2000.15,-0.36,34.28,0,0
5:19,13.01,3,-0.29,2000.13,-0.03,34.28,0,0
5:20,13.01,3,-0.25,2000.13,0.01,34.28,0,0
5:21,13.01,3,-0.25,1999.96,-0.34,34.29,0,0
5:22,13,3,0.08,1999.87,-0.18,34.29,0,0
5:23,13.01,3,0.26,1999.84,-0.07,34.29,0,0
5:24,13.01,3,0.32,2000.04,0.39,34.28,0,0
5:25,13,3,-0.07,2000.11,0.13,34.28,0,0
5:26,13.01,3,-0.21,2000.1,-0.01,34.28,0,0
5:27,13,3,-0.19,2000.02,-0.16,34.28,0,0
5:28,13,3,-0.03,1999.98,-0.07,34.29,0,0
5:29,13,3,0.04,1999.85,-0.25,34.29,0,0
5:30,13.01,3,0.3,1999.99,0.27,34.29,0,0
5:31,13,3,0.02,1999.89,-0.2,34.29,0,0
5:32,13.01,3,0.22,1999.78,-0.23,34.3,0,0
5:33,13.01,3,0.44,1999.64,-0.28,34.31,0,0
5:34,13.02,3.01,0.72,1999.49,-0.31,34.31,0,0
5:35,13.03,3.01,1.02,1999.67,0.35,34.3,0,0
5:36,13.02,3.01,0.66,1999.93,0.51,34.29,0,0
5:37,13,3,0.14,2000,0.13,34.29,0,0
5:38,13,3,0,2000.16,0.32,34.28,0,0
5:39,13.01,3,-0.31,1999.95,-0.41,34.29,0,0
5:40,13,3,0.1,1999.83,-0.23,34.3,0,0
5:41,13.01,3,0.34,1999.68,-0.31,34.3,0,0
5:42,13.02,3.01,0.64,1999.85,0.34,34.29,0,0
5:43,13.01,3,0.3,2000.02,0.33,34.28,0,0
5:44,13,3,-0.03,2000.15,0.26,34.28,0,0
5:45,13.01,3,-0.29,1999.93,-0.44,34.29,0,0
5:46,13,3,0.14,1999.96,0.07,34.29,0,0
5:47,13,3,0.08,2000.06,0.19,34.28,0,0
5:48,13,3,-0.11,2000.22,0.32,34.27,0,0
5:49,13.01,3,-0.43,2000.06,-0.32,34.28,0,0
5:50,13,3,-0.11,2000,-0.11,34.29,0,0
5:51,13,3,0,1999.91,-0.17,34.29,0,0
5:52,13,3,0.18,1999.98,0.15,34.29,0,0
5:53,13,3,0.04,1999.91,-0.15,34.29,0,0
5:54,13,3,0.18,2000.11,0.39,34.28,0,0
5:55,13.01,3,-0.21,2000.07,-0.09,34.28,0,0
5:56,13,3,-0.13,2000.02,-0.09,34.28,0,0
5:57,13,3,-0.03,2000.17,0.3,34.28,0,0
5:58,13.01,3,-0.33,2000.1,-0.13,34.28,0,0
5:59,13,3,-0.19,2000.06,-0.07,34.28,0,0
6:00,13,3,-0.11,2000.15,0.19,34.28,0,0
6:01,13.01,3,-0.29,2000.31,0.32,34.27,0,0
6:02,13.02,3.01,-0.61,2000.36,0.11,34.27,0,0
6:03,13.02,3.01,-0.71,2000.3,-0.11,34.27,0,0
6:04,13.01,3.01,-0.59,2000.5,0.4,34.26,0,0
6:05,13.02,3.01,-0.99,2000.7,0.41,34.25,0,0
6:06,13.03,3.01,-1.39,2000.61,-0.17,34.25,0,0
6:07,13.03,3.01,-1.21,2000.7,0.19,34.25,0,0
6:08,13.03,3.01,-1.39,2000.7,0.02,34.25,0,0
6:09,13.03,3.01,-1.39,2000.69,0,34.25,0,0
6:10,13.03,3.01,-1.37,2000.89,0.41,34.23,0,0
6:11,13.04,3.02,-1.77,2000.81,-0.15,34.24,0,0
6:12,13.04,3.02,-1.61,2000.92,0.24,34.23,0,0
6:13,13.05,3.02,-1.83,2000.9,-0.03,34.23,0,0
6:14,13.04,3.02,-1.79,2000.98,0.18,34.23,0,0
6:15,13.05,3.02,-1.95,2000.81,-0.32,34.24,0,0
6:16,13.04,3.02,-1.61,2000.89,0.17,34.23,0,0
6:17,13.04,3.02,-1.77,2000.76,-0.24,34.24,0,0
6:18,13.04,3.02,-1.51,2000.64,-0.22,34.25,0,0
6:19,13.03,3.01,-1.27,2000.58,-0.1,34.25,0,0
6:20,13.03,3.01,-1.15,2000.72,0.3,34.24,0,0
6:21,13.04,3.01,-1.43,2000.73,0.03,34.24,0,0
6:22,13.04,3.01,-1.45,2000.63,-0.19,34.25,0,0
6:23,13.03,3.01,-1.25,2000.71,0.18,34.25,0,0
6:24,13.04,3.01,-1.41,2000.52,-0.37,34.26,0,0
6:25,13.03,3.01,-1.03,2000.47,-0.08,34.26,0,0
6:26,13.02,3.01,-0.93,2000.71,0.49,34.25,0,0
6:27,13.04,3.01,-1.41,2000.5,-0.41,34.26,0,0
6:28,13.02,3.01,-0.99,2000.69,0.4,34.25,0,0
6:29,13.03,3.01,-1.37,2000.62,-0.13,34.25,0,0
6:30,13.03,3.01,-1.23,2000.4,-0.43,34.26,0,0
6:31,13.02,3.01,-0.79,2000.29,-0.2,34.27,0,0
6:32,13.01,3.01,-0.57,2000.37,0.16,34.26,0,0
6:33,13.02,3.01,-0.73,2000.43,0.13,34.26,0,0
6:34,13.02,3.01,-0.85,2000.55,0.25,34.25,0,0
6:35,13.03,3.01,-1.09,2000.4,-0.29,34.26,0,0
6:36,13.02,3.01,-0.79,2000.54,0.3,34.25,0,0
6:37,13.03,3.01,-1.07,2000.71,0.34,34.25,0,0
6:38,13.04,3.01,-1.41,2000.53,-0.34,34.26,0,0
6:39,13.03,3.01,-1.05,2000.43,-0.19,34.26,0,0
6:40,13.02,3.01,-0.85,2000.31,-0.22,34.27,0,0
6:41,13.02,3.01,-0.61,2000.18,-0.26,34.28,0,0
6:42,13.01,3,-0.35,2000.33,0.31,34.27,0,0
6:43,13.02,3.01,-0.65,2000.1,-0.46,34.28,0,0
6:44,13,3,-0.19,2000.27,0.35,34.27,0,0
6:45,13.01,3.01,-0.53,2000.26,-0.02,34.27,0,0
6:46,13.01,3.01,-0.51,2000.23,-0.05,34.27,0,0
6:47,13.01,3,-0.45,2000.02,-0.41,34.28,0,0
6:48,13,3,-0.03,1999.79,-0.45,34.3,0,0
6:49,13.01,3,0.42,1999.67,-0.23,34.3,0,0
6:50,13.02,3.01,0.66,1999.88,0.41,34.29,0,0
6:51,0,0,0.24,1999.99,0.21,34.29,0,1
6:52,0,0,0.02,2000.19,0.4,34.27,0,1
6:53,0,0,-0.37,2000.2,0.01,34.27,0,1
6:54,0,0,-0.39,2000.07,-0.26,34.28,0,1
6:55,0,0,-0.13,2000.19,0.25,34.27,0,1
6:56,0,0,-0.37,2000.24,0.11,34.27,0,1
6:57,0,0,-0.47,2000,-0.48,34.29,0,1
6:58,0,0,0,2000.04,0.08,34.28,0,1
6:59,0,0,-0.07,2000.27,0.47,34.27,0,1
7:00,0,0,-0.53,2000.06,-0.42,34.28,0,1
7:01,0,0,-0.11,2000.12,0.13,34.28,0,1
7:02,0,0,-0.23,2000.07,-0.09,34.28,0,1
7:03,0,0,-0.13,2000.08,0.02,34.28,0,1
7:04,0,0,-0.15,1999.97,-0.22,34.29,0,1
7:05,0,0,0.06,2000.18,0.43,34.28,0,1
7:06,0,0,-0.35,2000.02,-0.32,34.28,0,1
7:07,0,0,-0.03,2000.05,0.07,34.28,0,1
7:08,0,0,-0.09,1999.84,-0.42,34.29,0,1
7:09,0,0,0.32,1999.71,-0.25,34.3,0,1
7:10,0,0,0.58,1999.6,-0.23,34.31,0,1
7:11,0,0,0.8,1999.61,0.01,34.31,0,1
7:12,0,0,0.78,1999.61,-0.01,34.31,0,1
7:13,0,0,0.78,1999.52,-0.19,34.31,0,1
7:14,0,0,0.96,1999.77,0.49,34.3,0,1
7:15,0,0,0.46,1999.73,-0.09,34.3,0,1
7:16,0,0,0.54,1999.78,0.1,34.3,0,1
7:17,0,0,0.44,1999.69,-0.19,34.3,0,1
7:18,0,0,0.62,1999.53,-0.33,34.31,0,1
7:19,0,0,0.94,1999.58,0.09,34.31,0,1
7:20,0,0,0.84,1999.55,-0.06,34.31,0,1
7:21,0,0,0.9,1999.39,-0.33,34.32,0,1
7:22,0,0,1.22,1999.33,-0.12,34.32,0,1
7:23,0,0,1.34,1999.15,-0.37,34.33,0,1
7:24,0,0,1.7,1999.28,0.25,34.33,0,1
7:25,0,0,1.44,1999.49,0.41,34.31,0,1
7:26,0,0,1.02,1999.54,0.09,34.31,0,1
7:27,0,0,0.92,1999.75,0.41,34.3,0,1
7:28,0,0,0.5,1999.81,0.11,34.3,0,1
7:29,0,0,0.38,1999.77,-0.08,34.3,0,1
7:30,0,0,0.46,1999.9,0.25,34.29,0,1
7:31,0,0,0.2,1999.84,-0.13,34.29,0,1
7:32,0,0,0.32,1999.98,0.27,34.29,0,1
7:33,0,0,0.04,1999.97,-0.02,34.29,0,1
7:34,0,0,0.06,1999.94,-0.06,34.29,0,1
7:35,0,0,0.12,2000.06,0.23,34.28,0,1
7:36,0,0,-0.11,2000.03,-0.07,34.28,0,1
7:37,0,0,-0.05,2000.22,0.39,34.27,0,1
7:38,0,0,-0.43,2000.34,0.25,34.27,0,1
7:39,0,0,-0.67,2000.35,0.03,34.27,0,1
7:40,0,0,-0.69,2000.5,0.3,34.26,0,1
7:41,0,0,-0.99,2000.37,-0.25,34.26,0,1
7:42,0,0,-0.73,2000.52,0.31,34.26,0,1
7:43,0,0,-1.03,2000.47,-0.09,34.26,0,1
7:44,0,0,-0.93,2000.51,0.09,34.26,0,1
7:45,0,0,-1.01,2000.32,-0.38,34.27,0,1
7:46,0,0,-0.63,2000.25,-0.13,34.27,0,1
7:47,0,0,-0.49,2000.48,0.47,34.26,0,1
7:48,0,0,-0.95,2000.45,-0.06,34.26,0,1
7:49,0,0,-0.89,2000.36,-0.17,34.27,0,1
7:50,0,0,-0.71,2000.12,-0.48,34.28,0,1
7:51,0,0,-0.23,2000.13,0.02,34.28,0,1
7:52,0,0,-0.25,2000.06,-0.14,34.28,0,1
7:53,0,0,-0.11,2000.14,0.17,34.28,0,1
7:54,0,0,-0.27,2000.32,0.37,34.27,0,1
7:55,0,0,-0.63,2000.23,-0.18,34.27,0,1
7:56,0,0,-0.45,2000.17,-0.11,34.28,0,1
7:57,0,0,-0.33,2000.17,0,34.28,0,1
7:58,0,0,-0.33,2000.32,0.31,34.27,0,1
7:59,0,0,-0.63,2000.2,-0.23,34.27,0,1
8:00,0,0,-0.39,2000.29,0.19,34.27,0,1
8:01,0,0,-0.57,2000.27,-0.03,34.27,0,1
8:02,0,0,-0.53,2000.37,0.21,34.26,0,1
8:03,0,0,-0.73,2000.41,0.08,34.26,0,1
8:04,0,0,-0.81,2000.24,-0.34,34.27,0,1
8:05,0,0,-0.47,2000.43,0.38,34.26,0,1
8:06,0,0,-0.85,2000.49,0.12,34.26,0,1
8:07,0,0,-0.97,2000.47,-0.03,34.26,0,1
8:08,0,0,-0.93,2000.7,0.46,34.25,0,1
8:09,0,0,-1.39,2000.78,0.16,34.24,0,1
8:10,0,0,-1.55,2000.79,0.04,34.24,0,1
8:11,0,0,-1.57,2000.83,0.1,34.24,0,1
8:12,0,0,-1.65,2000.77,-0.1,34.24,0,1
8:13,0,0,-1.53,2000.75,-0.02,34.24,0,1
8:14,0,0,-1.49,2000.56,-0.36,34.25,0,1
8:15,0,0,-1.11,2000.58,0.06,34.25,0,1
8:16,0,0,-1.15,2000.64,0.14,34.25,0,1
8:17,0,0,-1.27,2000.65,0.04,34.25,0,1
8:18,0,0,-1.29,2000.62,-0.05,34.25,0,1
8:19,0,0,-1.23,2000.78,0.34,34.24,0,1
8:20,0,0,-1.55,2000.68,-0.19,34.25,0,1
8:21,0,0,-1.35,2000.81,0.28,34.24,0,1
8:22,0,0,-1.61,2000.6,-0.4,34.25,0,1
8:23,0,0,-1.19,2000.6,0.01,34.25,0,1
8:24,0,0,-1.19,2000.66,0.13,34.25,0,1
8:25,0,0,-1.31,2000.85,0.4,34.24,0,1
8:26,0,0,-1.69,2000.86,0.03,34.24,0,1
8:27,0,0,-1.71,2000.82,-0.06,34.24,0,1
8:28,0,0,-1.63,2000.71,-0.21,34.25,0,1
8:29,0,0,-1.41,2000.64,-0.12,34.25,0,1
8:30,0,0,-1.27,2000.5,-0.26,34.26,0,1
8:31,0,0,-0.99,2000.49,0,34.26,0,1
8:32,0,0,-0.97,2000.7,0.44,34.25,0,1
8:33,0,0,-1.39,2000.72,0.05,34.24,0,1
8:34,0,0,-1.43,2000.53,-0.36,34.26,0,1
8:35,0,0,-1.05,2000.59,0.14,34.25,0,1
8:36,0,0,-1.17,2000.77,0.37,34.24,0,1
8:37,0,0,-1.53,2000.78,0.04,34.24,0,1
8:38,0,0,-1.55,2000.98,0.42,34.23,0,1
8:39,0,0,-1.95,2001.11,0.27,34.22,0,1
8:40,0,0,-2.21,2001.21,0.21,34.22,0,1
8:41,0,0,-2.41,2001.37,0.34,34.21,0,1
8:42,0,0,-2.73,2001.15,-0.42,34.22,0,1
8:43,0,0,-2.29,2001.14,0,34.22,0,1
8:44,0,0,-2.27,2001.06,-0.14,34.23,0,1
8:45,0,0,-2.11,2001.27,0.45,34.21,0,1
8:46,0,0,-2.53,2001.32,0.13,34.21,0,1
8:47,0,0,-2.63,2001.39,0.16,34.21,0,1
8:48,0,0,-2.77,2001.28,-0.2,34.21,0,1
8:49,0,0,-2.55,2001.09,-0.36,34.22,0,1
8:50,0,0,-2.17,2001.1,0.05,34.22,0,1
8:51,0,0,-2.19,2001.24,0.3,34.21,0,1
8:52,0,0,-2.47,2001.29,0.13,34.21,0,1
8:53,0,0,-2.57,2001.32,0.08,34.21,0,1
8:54,0,0,-2.63,2001.1,-0.42,34.22,0,1
8:55,0,0,-2.19,2001.11,0.05,34.22,0,1
8:56,0,0,-2.21,2000.9,-0.39,34.23,0,1
8:57,0,0,-1.79,2001.01,0.24,34.23,0,1
8:58,0,0,-2.01,2000.76,-0.49,34.24,0,1
8:59,0,0,-1.51,2000.55,-0.39,34.25,0,1
9:00,0,0,-1.09,2000.52,-0.04,34.26,0,1
9:01,0,0,-1.03,2000.41,-0.2,34.26,0,1
9:02,0,0,-0.81,2000.18,-0.45,34.28,0,1
9:03,0,0,-0.35,2000.32,0.28,34.27,0,1
9:04,0,0,-0.63,2000.17,-0.29,34.28,0,1
9:05,0,0,-0.33,2000.23,0.12,34.27,0,1
9:06,0,0,-0.45,2000.26,0.06,34.27,0,1
9:07,0,0,-0.51,2000.35,0.18,34.27,0,1
9:08,0,0,-0.69,2000.18,-0.34,34.28,0,1
9:09,0,0,-0.35,2000.24,0.13,34.27,0,1
9:10,0,0,-0.47,2000.22,-0.03,34.27,0,1
9:11,0,0,-0.43,2000.01,-0.42,34.29,0,1
9:12,0,0,-0.01,2000.14,0.26,34.28,0,1
9:13,0,0,-0.27,2000.35,0.43,34.27,0,1
9:14,0,0,-0.69,2000.45,0.2,34.26,0,1
9:15,0,0,-0.89,2000.31,-0.28,34.27,0,1
9:16,0,0,-0.61,2000.27,-0.07,34.27,0,1
9:17,0,0,-0.53,2000.2,-0.14,34.27,0,1
9:18,0,0,-0.39,2000.41,0.43,34.26,0,1
9:19,0,0,-0.81,2000.33,-0.16,34.27,0,1
9:20,0,0,-0.65,2000.31,-0.03,34.27,0,1
9:21,0,0,-0.61,2000.54,0.46,34.25,0,1
9:22,0,0,-1.07,2000.72,0.37,34.24,0,1
9:23,0,0,-1.43,2000.51,-0.4,34.26,0,1
9:24,0,0,-1.01,2000.3,-0.4,34.27,0,1
9:25,0,0,-0.59,2000.2,-0.18,34.27,0,1
9:26,0,0,-0.39,2000,-0.4,34.29,0,1
9:27,0,0,0,2000.01,0.03,34.29,0,1
9:28,0,0,-0.01,1999.93,-0.16,34.29,0,1
9:29,0,0,0.14,2000.16,0.46,34.28,0,1
9:30,0,0,-0.31,2000.16,0,34.28,0,1
9:31,0,0,-0.31,2000.32,0.33,34.27,0,1
9:32,0,0,-0.63,2000.49,0.34,34.26,0,1
9:33,0,0,-0.97,2000.31,-0.35,34.27,0,1
9:34,0,0,-0.61,2000.3,-0.01,34.27,0,1
9:35,0,0,-0.59,2000.33,0.07,34.27,0,1
9:36,0,0,-0.65,2000.51,0.37,34.26,0,1
9:37,0,0,-1.01,2000.29,-0.44,34.27,0,1
9:38,0,0,-0.57,2000.38,0.2,34.26,0,1
9:39,0,0,-0.75,2000.46,0.17,34.26,0,1
9:40,0,0,-0.91,2000.55,0.19,34.25,0,1
9:41,0,0,-1.09,2000.66,0.23,34.25,0,1
9:42,0,0,-1.31,2000.78,0.26,34.24,0,1
9:43,0,0,-1.55,2000.66,-0.23,34.25,0,1
9:44,0,0,-1.31,2000.46,-0.39,34.26,0,1
9:45,0,0,-0.91,2000.47,0.03,34.26,0,1
9:46,0,0,-0.93,2000.69,0.45,34.25,0,1
9:47,0,0,-1.37,2000.66,-0.06,34.25,0,1
9:48,0,0,-1.31,2000.55,-0.2,34.25,0,1
9:49,0,0,-1.09,2000.35,-0.39,34.27,0,1
9:50,0,0,-0.69,2000.52,0.35,34.26,0,1
9:51,0,0,-1.03,2000.54,0.05,34.25,0,1
9:52,0,0,-1.07,2000.7,0.33,34.25,0,1
9:53,0,0,-1.39,2000.84,0.29,34.24,0,1
9:54,0,0,-1.67,2000.86,0.06,34.24,0,1
9:55,0,0,-1.71,2000.85,-0.01,34.24,0,1
9:56,0,0,-1.69,2001.02,0.35,34.23,0,1
9:57,0,0,-2.03,2000.78,-0.47,34.24,0,1
9:58,0,0,-1.55,2000.88,0.23,34.24,0,1
9:59,0,0,-1.75,2000.68,-0.38,34.25,0,1
10:00,0,0,-1.35,2000.84,0.33,34.24,0,1
10:01,0,0,-1.67,2000.94,0.22,34.23,0,1
10:02,0,0,-1.87,2000.92,-0.03,34.23,0,1
10:03,0,0,-1.83,2001.02,0.22,34.23,0,1
10:04,0,0,-2.03,2001.11,0.2,34.22,0,1
10:05,0,0,-2.21,2001,-0.2,34.23,0,1
10:06,0,0,-1.99,2000.78,-0.42,34.24,0,1
10:07,0,0,-1.55,2000.92,0.3,34.23,0,1
10:08,0,0,-1.83,2001.06,0.29,34.23,0,1
10:09,0,0,-2.11,2000.82,-0.47,34.24,0,1
10:10,0,0,-1.63,2000.79,-0.04,34.24,0,1
10:11,0,0,-1.57,2000.98,0.4,34.23,0,1
10:12,0,0,-1.95,2000.9,-0.14,34.23,0,1
10:13,0,0,-1.79,2000.91,0.04,34.23,0,1
10:14,0,0,-1.81,2000.98,0.15,34.23,0,1
10:15,0,0,-1.95,2001.2,0.45,34.22,0,1
10:16,0,0,-2.39,2001.4,0.42,34.21,0,1
10:17,0,0,-2.79,2001.3,-0.18,34.21,0,1
10:18,0,0,-2.59,2001.37,0.17,34.21,0,1
10:19,0,0,-2.73,2001.12,-0.48,34.22,0,1
10:20,0,0,-2.23,2000.96,-0.29,34.23,0,1
10:21,0,0,-1.91,2001.14,0.39,34.22,0,1
10:22,0,0,-2.27,2001.36,0.46,34.21,0,1
10:23,0,0,-2.71,2001.26,-0.18,34.21,0,1
10:24,0,0,-2.51,2001.11,-0.27,34.22,0,1
10:25,0,0,-2.21,2001.18,0.16,34.22,0,1
10:26,0,0,-2.35,2001.4,0.46,34.21,0,1
10:27,0,0,-2.79,2001.4,0.03,34.21,0,1
10:28,0,0,-2.79,2001.13,-0.52,34.22,0,1
10:29,0,0,-2.25,2000.93,-0.38,34.23,0,1
10:30,0,0,-1.85,2000.99,0.14,34.23,0,1
10:31,0,0,-1.97,2000.82,-0.33,34.24,0,1
10:32,0,0,-1.63,2000.63,-0.36,34.25,0,1
10:33,0,0,-1.25,2000.4,-0.45,34.26,0,1
10:34,0,0,-0.79,2000.5,0.22,34.26,0,1
10:35,0,0,-0.99,2000.68,0.36,34.25,0,1
10:36,0,0,-1.35,2000.65,-0.04,34.25,0,1
10:37,0,0,-1.29,2000.47,-0.34,34.26,0,1
10:38,0,0,-0.93,2000.34,-0.25,34.27,0,1
10:39,0,0,-0.67,2000.32,-0.04,34.27,0,1
10:40,0,0,-0.63,2000.22,-0.2,34.27,0,1
10:41,0,0,-0.43,2000.4,0.36,34.26,0,1
10:42,0,0,-0.79,2000.33,-0.13,34.27,0,1
10:43,0,0,-0.65,2000.21,-0.23,34.27,0,1
10:44,0,0,-0.41,2000.35,0.29,34.27,0,1
10:45,0,0,-0.69,2000.54,0.38,34.25,0,1
10:46,0,0,-1.07,2000.54,0,34.25,0,1
10:47,0,0,-1.07,2000.38,-0.3,34.26,0,1
10:48,0,0,-0.75,2000.57,0.39,34.25,0,1
10:49,0,0,-1.13,2000.58,0.03,34.25,0,1
10:50,13.03,3.01,-1.15,2000.5,-0.14,34.26,0,0
10:51,13.02,3.01,-0.99,2000.74,0.49,34.24,0,0
10:52,13.04,3.01,-1.47,2000.6,-0.27,34.25,0,0
10:53,13.03,3.01,-1.19,2000.6,0.02,34.25,0,0
10:54,13.03,3.01,-1.19,2000.77,0.35,34.24,0,0
10:55,13.04,3.02,-1.53,2000.76,0,34.24,0,0
10:56,13.04,3.02,-1.51,2000.73,-0.04,34.24,0,0
10:57,13.04,3.01,-1.45,2000.85,0.25,34.24,0,0
10:58,13.04,3.02,-1.69,2000.96,0.24,34.23,0,0
10:59,13.05,3.02,-1.91,2001.09,0.27,34.22,0,0
11:00,13.05,3.02,-2.17,2000.95,-0.27,34.23,0,0
11:01,13.05,3.02,-1.89,2000.9,-0.08,34.23,0,0
11:02,13.04,3.02,-1.79,2000.92,0.05,34.23,0,0
11:03,13.05,3.02,-1.83,2001.09,0.35,34.22,0,0
11:04,13.05,3.02,-2.17,2000.9,-0.36,34.23,0,0
11:05,13.04,3.02,-1.79,2000.97,0.16,34.23,0,0
11:06,13.05,3.02,-1.93,2001.08,0.23,34.22,0,0
11:07,13.05,3.02,-2.15,2000.98,-0.18,34.23,0,0
11:08,13.05,3.02,-1.95,2001.18,0.43,34.22,0,0
11:09,13.06,3.02,-2.35,2001.11,-0.13,34.22,0,0
11:10,13.06,3.02,-2.21,2001.08,-0.03,34.22,0,0
11:11,13.05,3.02,-2.15,2000.99,-0.16,34.23,0,0
11:12,13.05,3.02,-1.97,2001.2,0.44,34.22,0,0
11:13,13.06,3.02,-2.39,2001.39,0.4,34.21,0,0
11:14,13.07,3.03,-2.77,2001.13,-0.5,34.22,0,0
11:15,13.06,3.02,-2.25,2001.15,0.06,34.22,0,0
11:16,13.06,3.02,-2.29,2000.94,-0.4,34.23,0,0
11:17,13.05,3.02,-1.87,2000.8,-0.25,34.24,0,0
11:18,13.04,3.02,-1.59,2000.93,0.28,34.23,0,0
11:19,13.05,3.02,-1.85,2000.77,-0.31,34.24,0,0
11:20,13.04,3.02,-1.53,2000.58,-0.36,34.25,0,0
11:21,13.03,3.01,-1.15,2000.61,0.08,34.25,0,0
11:22,13.03,3.01,-1.21,2000.67,0.14,34.25,0,0
11:23,13.03,3.01,-1.33,2000.7,0.07,34.25,0,0
11:24,13.03,3.01,-1.39,2000.93,0.48,34.23,0,0
11:25,13.05,3.02,-1.85,2000.79,-0.27,34.24,0,0
11:26,13.04,3.02,-1.57,2000.58,-0.41,34.25,0,0
11:27,13.03,3.01,-1.15,2000.45,-0.24,34.26,0,0
11:28,13.02,3.01,-0.89,2000.56,0.23,34.25,0,0
11:29,13.03,3.01,-1.11,2000.78,0.44,34.24,0,0
11:30,13.04,3.02,-1.55,2000.57,-0.41,34.25,0,0
11:31,13.03,3.01,-1.13,2000.8,0.48,34.24,0,0
11:32,13.04,3.02,-1.59,2000.61,-0.36,34.25,0,0
11:33,13.03,3.01,-1.21,2000.54,-0.13,34.25,0,0
11:34,13.03,3.01,-1.07,2000.36,-0.34,34.27,0,0
11:35,13.02,3.01,-0.71,2000.48,0.26,34.26,0,0
11:36,13.02,3.01,-0.95,2000.24,-0.47,34.27,0,0
11:37,13.01,3,-0.47,2000.25,0.03,34.27,0,0
11:38,13.01,3,-0.49,2000.11,-0.27,34.28,0,0
11:39,13.01,3,-0.21,1999.91,-0.4,34.29,0,0
11:40,13,3,0.18,1999.85,-0.11,34.29,0,0
11:41,13.01,3,0.3,1999.61,-0.49,34.31,0,0
11:42,13.02,3.01,0.78,1999.62,0.01,34.31,0,0
11:43,13.02,3.01,0.76,1999.43,-0.38,34.32,0,0
11:44,13.03,3.01,1.14,1999.2,-0.46,34.33,0,0
11:45,13.04,3.02,1.6,1999.18,-0.06,34.33,0,0
11:46,13.04,3.02,1.64,1999.3,0.22,34.33,0,0
11:47,13.03,3.01,1.4,1999.41,0.2,34.32,0,0
11:48,13.03,3.01,1.18,1999.26,-0.31,34.33,0,0
11:49,13.04,3.01,1.48,1999.3,0.07,34.33,0,0
11:50,13.03,3.01,1.4,1999.4,0.18,34.32,0,0
11:51,13.03,3.01,1.2,1999.48,0.15,34.32,0,0
11:52,13.03,3.01,1.04,1999.28,-0.42,34.33,0,0
11:53,13.04,3.01,1.44,1999.35,0.12,34.32,0,0
11:54,13.03,3.01,1.3,1999.37,0.03,34.32,0,0
11:55,13.03,3.01,1.26,1999.18,-0.39,34.33,0,0
11:56,13.04,3.02,1.64,1999.11,-0.16,34.34,0,0
11:57,13.04,3.02,1.78,1999.11,-0.02,34.34,0,0
11:58,13.04,3.02,1.78,1999,-0.24,34.34,0,0
11:59,13.05,3.02,2,1998.91,-0.19,34.35,0,0
12:00,13.05,3.02,2.18,1998.73,-0.37,34.36,0,0
12:01,13.06,3.03,0,0,0,34.36,0,1
12:02,13.06,3.03,0,0,0,34.36,0,1
12:03,13.06,3.03,0,0,0,34.36,0,1
12:04,13.06,3.03,0,0,0,34.37,0,1
12:05,13.07,3.03,0,0,0,34.37,0,1
12:06,13.07,3.03,0,0,0,34.36,0,1
12:07,13.06,3.02,0,0,0,34.36,0,1
12:08,13.06,3.03,0,0,0,34.37,0,1
12:09,13.07,3.03,0,0,0,34.37,0,1
12:10,13.08,3.03,0,0,0,34.37,0,1
12:11,13.07,3.03,0,0,0,34.38,0,1
12:12,13.08,3.03,0,0,0,34.38,0,1
12:13,13.08,3.03,0,0,0,34.38,0,1
12:14,13.08,3.03,0,0,0,34.38,0,1
12:15,13.08,3.03,0,0,0,34.38,0,1
12:16,13.08,3.03,0,0,0,34.38,0,1
12:17,13.08,3.03,0,0,0,34.39,0,1
12:18,13.09,3.04,0,0,0,34.4,0,1
12:19,13.1,3.04,0,0,0,34.41,0,1
12:20,13.11,3.04,0,0,0,34.39,0,1
12:21,13.09,3.04,0,0,0,34.4,0,1
12:22,13.1,3.04,0,0,0,34.39,0,1
12:23,13.09,3.04,0,0,0,34.4,0,1
12:24,13.1,3.04,0,0,0,34.41,0,1
12:25,13.11,3.04,0,0,0,34.41,0,1
12:26,13.1,3.04,0,0,0,34.4,0,1
12:27,13.1,3.04,0,0,0,34.39,0,1
12:28,13.09,3.04,0,0,0,34.4,0,1
12:29,13.1,3.04,0,0,0,34.4,0,1
12:30,13.1,3.04,0,0,0,34.41,0,1
12:31,13.11,3.04,0,0,0,34.4,0,1
12:32,13.1,3.04,0,0,0,34.4,0,1
12:33,13.1,3.04,0,0,0,34.39,0,1
12:34,13.09,3.04,0,0,0,34.39,0,1
12:35,13.09,3.03,0,0,0,34.4,0,1
12:36,13.1,3.04,0,0,0,34.4,0,1
12:37,13.1,3.04,0,0,0,34.38,0,1
12:38,13.08,3.03,0,0,0,34.37,0,1
12:39,13.08,3.03,0,0,0,34.37,0,1
12:40,13.07,3.03,0,0,0,34.36,0,1
12:41,13.07,3.03,0,0,0,34.38,0,1
12:42,13.08,3.03,0,0,0,34.39,0,1
12:43,13.09,3.04,0,0,0,34.39,0,1
12:44,13.09,3.04,0,0,0,34.39,0,1
12:45,13.09,3.03,0,0,0,34.39,0,1
12:46,13.09,3.04,0,0,0,34.39,0,1
12:47,13.09,3.03,0,0,0,34.39,0,1
12:48,13.09,3.04,0,0,0,34.39,0,1
12:49,13.09,3.04,0,0,0,34.39,0,1
12:50,13.09,3.04,0,0,0,34.39,0,1
12:51,13.09,3.04,0,0,0,34.4,0,1
12:52,13.1,3.04,0,0,0,34.41,0,1
12:53,13.1,3.04,0,0,0,34.41,0,1
12:54,13.11,3.04,0,0,0,34.41,0,1
12:55,13.11,3.04,0,0,0,34.42,0,1
12:56,13.12,3.05,0,0,0,34.42,0,1
12:57,13.12,3.05,0,0,0,34.41,0,1
12:58,13.11,3.04,0,0,0,34.4,0,1
12:59,13.1,3.04,0,0,0,34.39,0,1
13:00,13.09,3.04,0,0,0,34.4,0,1
13:01,13.1,3.04,0,0,0,34.39,0,1
13:02,13.09,3.04,0,0,0,34.38,0,1
13:03,13.09,3.03,0,0,0,34.37,0,1
13:04,13.08,3.03,0,0,0,34.38,0,1
13:05,13.08,3.03,0,0,0,34.37,0,1
13:06,13.08,3.03,0,0,0,34.36,0,1
13:07,13.06,3.03,0,0,0,34.35,0,1
13:08,13.06,3.02,0,0,0,34.36,0,1
13:09,13.07,3.03,0,0,0,34.36,0,1
13:10,13.06,3.02,0,0,0,34.36,0,1
13:11,13.06,3.03,0,0,0,34.35,0,1
13:12,13.06,3.02,0,0,0,34.35,0,1
13:13,13.06,3.02,0,0,0,34.36,0,1
13:14,13.07,3.03,0,0,0,34.37,0,1
13:15,13.08,3.03,0,0,0,34.38,0,1
13:16,13.08,3.03,0,0,0,34.37,0,1
13:17,13.07,3.03,0,0,0,34.36,0,1
13:18,13.07,3.03,0,0,0,34.36,0,1
13:19,13.07,3.03,0,0,0,34.36,0,1
13:20,13.06,3.03,0,0,0,34.35,0,1
13:21,13.05,3.02,0,0,0,34.36,0,1
13:22,13.06,3.02,0,0,0,34.36,0,1
13:23,13.07,3.03,0,0,0,34.36,0,1
13:24,13.06,3.02,0,0,0,34.34,0,1
13:25,13.05,3.02,0,0,0,34.35,0,1
13:26,13.06,3.02,0,0,0,34.35,0,1
13:27,13.06,3.02,0,0,0,34.35,0,1
13:28,13.06,3.02,0,0,0,34.36,0,1
13:29,13.06,3.03,0,0,0,34.35,0,1
13:30,13.05,3.02,0,0,0,34.34,0,1
13:31,13.05,3.02,0,0,0,34.33,0,1
13:32,13.04,3.02,0,0,0,34.33,0,1
13:33,13.04,3.02,0,0,0,34.32,0,1
13:34,13.03,3.01,0,0,0,34.31,0,1
13:35,13.02,3.01,0,0,0,34.31,0,1
13:36,13.02,3.01,0,0,0,34.3,0,1
13:37,13.01,3.01,0,0,0,34.3,0,1
13:38,13.02,3.01,0,0,0,34.31,0,1
13:39,13.02,3.01,0,0,0,34.31,0,1
13:40,13.02,3.01,0,0,0,34.31,0,1
13:41,13.02,3.01,0,0,0,34.32,0,1
13:42,13.03,3.01,0,0,0,34.31,0,1
13:43,13.02,3.01,0,0,0,34.31,0,1
13:44,13.02,3.01,0,0,0,34.3,0,1
13:45,13.02,3.01,0,0,0,34.31,0,1
13:46,13.02,3.01,0,0,0,34.31,0,1
13:47,13.02,3.01,0,0,0,34.29,0,1
13:48,13.01,3,0,0,0,34.3,0,1
13:49,13.01,3,0,0,0,34.29,0,1
13:50,13,3,0,0,0,34.29,0,1
13:51,13.01,3,0,0,0,34.29,0,1
13:52,13,3,0,0,0,34.3,0,1
13:53,13.01,3,0,0,0,34.31,0,1
13:54,13.02,3.01,0,0,0,34.3,0,1
13:55,13.02,3.01,0,0,0,34.32,0,1
13:56,13.03,3.01,0,0,0,34.31,0,1
13:57,13.02,3.01,0,0,0,34.3,0,1
13:58,13.02,3.01,0,0,0,34.29,0,1
13:59,13.01,3,0,0,0,34.29,0,1
14:00,13,3,0,0,0,34.29,0,1
14:01,13,3,0,0,0,34.28,0,1
14:02,13,3,0,0,0,34.29,0,1
14:03,13.01,3,0,0,0,34.3,0,1
14:04,13.01,3.01,0,0,0,34.3,0,1
14:05,13.01,3,0,0,0,34.29,0,1
14:06,13.01,3,0,0,0,34.31,0,1
14:07,13.02,3.01,0,0,0,34.31,0,1
14:08,13.02,3.01,0,0,0,34.32,0,1
14:09,13.03,3.01,0,0,0,34.32,0,1
14:10,13.03,3.01,0,0,0,34.33,0,1
14:11,13.04,3.01,0,0,0,34.32,0,1
14:12,13.03,3.01,0,0,0,34.32,0,1
14:13,13.03,3.01,0,0,0,34.33,0,1
14:14,13.03,3.01,0,0,0,34.31,0,1
14:15,13.02,3.01,0,0,0,34.31,0,1
14:16,13.02,3.01,0,0,0,34.3,0,1
14:17,13.01,3.01,0,0,0,34.3,0,1
14:18,13.01,3,0,0,0,34.3,0,1
14:19,13.01,3,0,0,0,34.31,0,1
14:20,13.02,3.01,0,0,0,34.32,0,1
14:21,13.03,3.01,0,0,0,34.31,0,1
14:22,13.02,3.01,0,0,0,34.33,0,1
14:23,13.04,3.01,0,0,0,34.34,0,1
14:24,13.05,3.02,0,0,0,34.33,0,1
14:25,13.04,3.01,0,0,0,34.34,0,1
14:26,13.04,3.02,0,0,0,34.34,0,1
14:27,13.05,3.02,0,0,0,34.34,0,1
14:28,13.04,3.02,0,0,0,34.33,0,1
14:29,13.04,3.02,0,0,0,34.32,0,1
14:30,13.03,3.01,0,0,0,34.33,0,1
14:31,13.03,3.01,0,0,0,34.33,0,1
14:32,13.04,3.02,0,0,0,34.34,0,1
14:33,13.05,3.02,0,0,0,34.35,0,1
14:34,13.06,3.02,0,0,0,34.34,0,1
14:35,13.04,3.02,0,0,0,34.35,0,1
14:36,13.05,3.02,0,0,0,34.34,0,1
14:37,13.05,3.02,0,0,0,34.34,0,1
14:38,13.04,3.02,0,0,0,34.35,0,1
14:39,13.05,3.02,0,0,0,34.34,0,1
14:40,13.05,3.02,0,0,0,34.34,0,1
14:41,13.05,3.02,0,0,0,34.34,0,1
14:42,13.05,3.02,0,0,0,34.33,0,1
14:43,13.03,3.01,0,0,0,34.32,0,1
14:44,13.03,3.01,0,0,0,34.33,0,1
14:45,13.04,3.02,0,0,0,34.34,0,1
14:46,13.04,3.02,0,0,0,34.34,0,1
14:47,13.05,3.02,0,0,0,34.35,0,1
14:48,13.06,3.02,0,0,0,34.35,0,1
14:49,13.05,3.02,0,0,0,34.34,0,1
14:50,13.05,3.02,0,0,0,34.34,0,1
14:51,13.05,3.02,0,0,0,34.34,0,1
14:52,13.04,3.02,0,0,0,34.35,0,1
14:53,13.05,3.02,0,0,0,34.34,0,1
14:54,13.05,3.02,0,0,0,34.34,0,1
14:55,13.04,3.02,0,0,0,34.32,0,1
14:56,13.03,3.01,0,0,0,34.32,0,1
14:57,13.03,3.01,0,0,0,34.34,0,1
14:58,13.04,3.02,0,0,0,34.35,0,1
14:59,13.05,3.02,0,0,0,34.34,0,1
15:00,13.04,3.02,0,0,0,34.34,0,1
15:01,13.05,3.02,0,0,0,34.35,0,1
15:02,13.05,3.02,0,0,0,34.34,0,1
15:03,13.05,3.02,0,0,0,34.35,0,1
15:04,13.05,3.02,0,0,0,34.36,0,1
15:05,13.06,3.02,0,0,0,34.36,0,1
15:06,13.06,3.02,0,0,0,34.35,0,1
15:07,13.06,3.02,0,0,0,34.36,0,1
15:08,13.07,3.03,0,0,0,34.37,0,1
15:09,13.08,3.03,0,0,0,34.38,0,1
15:10,13.08,3.03,0,0,0,34.39,0,1
15:11,13.09,3.04,0,0,0,34.39,0,1
15:12,13.09,3.04,0,0,0,34.38,0,1
15:13,13.08,3.03,0,0,0,34.39,0,1
15:14,13.09,3.03,0,0,0,34.38,0,1
15:15,13.08,3.03,0,0,0,34.38,0,1
15:16,13.08,3.03,0,0,0,34.39,0,1
15:17,13.09,3.03,0,0,0,34.38,0,1
15:18,13.08,3.03,0,0,0,34.39,0,1
15:19,13.09,3.04,0,0,0,34.37,0,1
15:20,13.08,3.03,0,0,0,34.36,0,1
15:21,13.06,3.02,0,0,0,34.35,0,1
15:22,13.06,3.02,0,0,0,34.36,0,1
15:23,13.07,3.03,0,0,0,34.37,0,1
15:24,13.07,3.03,0,0,0,34.37,0,1
15:25,13.08,3.03,0,0,0,34.36,0,1
15:26,13.07,3.03,0,0,0,34.37,0,1
15:27,13.07,3.03,0,0,0,34.37,0,1
15:28,13.08,3.03,0,0,0,34.37,0,1
15:29,13.08,3.03,0,0,0,34.36,0,1
15:30,13.07,3.03,0,0,0,34.35,0,1
15:31,13.06,3.02,0,0,0,34.36,0,1
15:32,13.06,3.03,0,0,0,34.36,0,1
15:33,13.07,3.03,0,0,0,34.35,0,1
15:34,13.06,3.02,0,0,0,34.36,0,1
15:35,13.06,3.03,0,0,0,34.34,0,1
15:36,13.05,3.02,0,0,0,34.35,0,1
15:37,13.06,3.02,0,0,0,34.34,0,1
15:38,13.05,3.02,0,0,0,34.34,0,1
15:39,13.05,3.02,0,0,0,34.34,0,1
15:40,13.05,3.02,0,0,0,34.33,0,1
15:41,13.04,3.02,0,0,0,34.34,0,1
15:42,13.05,3.02,0,0,0,34.34,0,1
15:43,13.05,3.02,0,0,0,34.33,0,1
15:44,13.04,3.02,0,0,0,34.32,0,1
15:45,13.03,3.01,0,0,0,34.32,0,1
15:46,13.03,3.01,0,0,0,34.31,0,1
15:47,13.02,3.01,0,0,0,34.3,0,1
15:48,13.01,3,0,0,0,34.31,0,1
15:49,13.02,3.01,0,0,0,34.3,0,1
15:50,13.01,3.01,0,0,0,34.31,0,1
15:51,13.02,3.01,0,0,0,34.3,0,1
15:52,13.01,3.01,0,0,0,34.3,0,1
15:53,13.01,3,0,0,0,34.29,0,1
15:54,13,3,0,0,0,34.29,0,1
15:55,13,3,0,0,0,34.29,0,1
15:56,13.01,3,0,0,0,34.29,0,1
15:57,13,3,0,0,0,34.28,0,1
15:58,13,3,0,0,0,34.3,0,1
15:59,13.01,3,0,0,0,34.31,0,1
16:00,13.02,3.01,0,0,0,34.31,0,1
16:01,13.02,3.01,0,0,0,34.31,0,1
16:02,13.02,3.01,0,0,0,34.3,0,1
16:03,13.01,3.01,0,0,0,34.29,0,1
16:04,13,3,0,0,0,34.29,0,1
16:05,13,3,0,0,0,34.29,0,1
16:06,13,3,0,0,0,34.3,0,1
16:07,13.01,3,0,0,0,34.29,0,1
16:08,13,3,0,0,0,34.28,0,1
16:09,13,3,0,0,0,34.27,0,1
16:10,13.01,3.01,0,0,0,34.27,0,1
16:11,13.01,3,0,0,0,34.27,0,1
16:12,13.02,3.01,0,0,0,34.27,0,1
16:13,13.01,3,0,0,0,34.28,0,1
16:14,13.01,3,0,0,0,34.26,0,1
16:15,13.02,3.01,0,0,0,34.25,0,1
16:16,13.03,3.01,0,0,0,34.25,0,1
16:17,13.04,3.01,0,0,0,34.25,0,1
16:18,13.03,3.01,0,0,0,34.24,0,1
16:19,13.04,3.02,0,0,0,34.25,0,1
16:20,13.03,3.01,0,0,0,34.26,0,1
16:21,13.02,3.01,0,0,0,34.27,0,1
16:22,13.01,3,0,0,0,34.26,0,1
16:23,13.02,3.01,0,0,0,34.25,0,1
16:24,13.03,3.01,0,0,0,34.25,0,1
16:25,13.04,3.01,0,0,0,34.24,0,1
16:26,13.04,3.02,0,0,0,34.24,0,1
16:27,13.04,3.01,0,0,0,34.25,0,1
16:28,13.03,3.01,0,0,0,34.25,0,1
16:29,13.03,3.01,0,0,0,34.25,0,1
16:30,13.03,3.01,0,0,0,34.25,0,1
16:31,13.03,3.01,0,0,0,34.25,0,1
16:32,13.03,3.01,0,0,0,34.25,0,1
16:33,13.03,3.01,0,0,0,34.24,0,1
16:34,13.04,3.01,0,0,0,34.25,0,1
16:35,13.03,3.01,0,0,0,34.25,0,1
16:36,13.03,3.01,0,0,0,34.26,0,1
16:37,13.02,3.01,0,0,0,34.27,0,1
16:38,13.02,3.01,0,0,0,34.26,0,1
16:39,13.02,3.01,0,0,0,34.27,0,1
16:40,13.01,3,0,0,0,34.28,0,1
16:41,13,3,0,0,0,34.28,0,1
16:42,13.01,3,0,0,0,34.27,0,1
16:43,13.01,3.01,0,0,0,34.28,0,1
16:44,13,3,0,0,0,34.28,0,1
16:45,13.01,3,0,0,0,34.29,0,1
16:46,13,3,0,0,0,34.29,0,1
16:47,13.01,3,0,0,0,34.3,0,1
16:48,13.01,3,0,0,0,34.3,0,1
16:49,13.01,3,0,0,0,34.29,0,1
16:50,13,3,0,0,0,34.3,0,1
16:51,13.01,3.01,0,0,0,34.31,0,1
16:52,13.02,3.01,0,0,0,34.32,0,1
16:53,13.03,3.01,0,0,0,34.31,0,1
16:54,13.03,3.01,0,0,0,34.32,0,1
16:55,13.03,3.01,0,0,0,34.31,0,1
16:56,13.02,3.01,0,0,0,34.3,0,1
16:57,13.01,3,0,0,0,34.29,0,1
16:58,13.01,3,0,0,0,34.28,0,1
16:59,13.01,3,0,0,0,34.27,0,1
17:00,13.02,3.01,0,0,0,34.27,0,1
17:01,13.01,3,0,0,0,34.28,0,1
17:02,13,3,0,0,0,34.29,0,1
17:03,13,3,0,0,0,34.29,0,1
17:04,13.01,3,0,0,0,34.28,0,1
17:05,13,3,0,0,0,34.29,0,1
17:06,13.01,3,0,0,0,34.29,0,1
17:07,13.01,3,0,0,0,34.3,0,1
17:08,13.02,3.01,0,0,0,34.31,0,1
17:09,13.02,3.01,0,0,0,34.3,0,1
17:10,13.01,3.01,0,0,0,34.31,0,1
17:11,13.02,3.01,0,0,0,34.31,0,1
17:12,13.02,3.01,0,0,0,34.32,0,1
17:13,13.03,3.01,0,0,0,34.3,0,1
17:14,13.02,3.01,0,0,0,34.3,0,1
17:15,13.01,3.01,0,0,0,34.29,0,1
17:16,13,3,0,0,0,34.29,0,1
17:17,13.01,3,0,0,0,34.29,0,1
17:18,13,3,0,0,0,34.29,0,1
17:19,13.01,3,0,0,0,34.28,0,1
17:20,13,3,0,0,0,34.27,0,1
17:21,13.01,3.01,0,0,0,34.27,0,1
17:22,13.02,3.01,0,0,0,34.28,0,1
17:23,13,3,0,0,0,34.27,0,1
17:24,13.01,3.01,0,0,0,34.26,0,1
17:25,13.02,3.01,0,0,0,34.26,0,1
17:26,13.02,3.01,0,0,0,34.27,0,1
17:27,13.02,3.01,0,0,0,34.27,0,1
17:28,13.01,3,0,0,0,34.29,0,1
17:29,13,3,0,0,0,34.28,0,1
17:30,13.01,3,0,0,0,34.28,0,1
17:31,13,3,0,0,0,34.27,0,1
17:32,13.01,3,0,0,0,34.27,0,1
17:33,13.01,3,0,0,0,34.27,0,1
17:34,13.01,3,0,0,0,34.26,0,1
17:35,13.02,3.01,0,0,0,34.26,0,1
17:36,13.02,3.01,0,0,0,34.25,0,1
17:37,13.03,3.01,0,0,0,34.26,0,1
17:38,13.02,3.01,0,0,0,34.28,0,1
17:39,13.01,3,0,0,0,34.26,0,1
17:40,13.02,3.01,0,0,0,34.27,0,1
17:41,13.01,3,0,0,0,34.27,0,1
17:42,13.02,3.01,0,0,0,34.28,0,1
17:43,13.01,3,0,0,0,34.27,0,1
17:44,13.02,3.01,0,0,0,34.28,0,1
17:45,13.01,3,0,0,0,34.27,0,1
17:46,13.01,3,0,0,0,34.28,0,1
17:47,13.01,3,0,0,0,34.28,0,1
17:48,13,3,0,0,0,34.27,0,1
17:49,13.01,3,0,0,0,34.27,0,1
17:50,13.02,3.01,0,0,0,34.26,0,1
17:51,13.02,3.01,0,0,0,34.26,0,1
17:52,13.02,3.01,0,0,0,34.28,0,1
17:53,13.01,3,0,0,0,34.28,0,1
17:54,13.01,3,0,0,0,34.27,0,1
17:55,13.01,3.01,0,0,0,34.26,0,1
17:56,13.02,3.01,0,0,0,34.27,0,1
17:57,13.01,3.01,0,0,0,34.27,0,1
17:58,13.01,3,0,0,0,34.28,0,1
17:59,13.01,3,0,0,0,34.28,0,1
18:00,13,3,0,0,0,34.29,0,1
18:01,13,3,0,0,0,34.3,0,1
18:02,13.01,3.01,0,0,0,34.31,0,1
18:03,13.02,3.01,0,0,0,34.29,0,1
18:04,13.01,3,0,0,0,34.29,0,1
18:05,13,3,0,0,0,34.3,0,1
18:06,13.01,3,0,0,0,34.29,0,1
18:07,13,3,0,0,0,34.28,0,1
18:08,13,3,0,0,0,34.28,0,1
18:09,13,3,0,0,0,34.28,0,1
18:10,13.01,3,0,0,0,34.29,0,1
18:11,13,3,0,0,0,34.28,0,1
18:12,13,3,0,0,0,34.29,0,1
18:13,13.01,3,0,0,0,34.31,0,1
18:14,13.02,3.01,0,0,0,34.31,0,1
18:15,13.02,3.01,0,0,0,34.3,0,1
18:16,13.01,3.01,0,0,0,34.31,0,1
18:17,13.03,3.01,0,0,0,34.32,0,1
18:18,13.03,3.01,0,0,0,34.31,0,1
18:19,13.02,3.01,0,0,0,34.32,0,1
18:20,13.03,3.01,0,0,0,34.31,0,1
18:21,13.02,3.01,0,0,0,34.3,0,1
18:22,13.01,3,0,0,0,34.31,0,1
18:23,13.02,3.01,0,0,0,34.31,0,1
18:24,13.03,3.01,0,0,0,34.32,0,1
18:25,13.03,3.01,0,0,0,34.33,0,1
18:26,13.03,3.01,0,0,0,34.33,0,1
18:27,13.04,3.02,0,0,0,34.34,0,1
18:28,13.05,3.02,0,0,0,34.34,0,1
18:29,13.05,3.02,0,0,0,34.33,0,1
18:30,13.04,3.01,0,0,0,34.32,0,1
18:31,13.03,3.01,0,0,0,34.33,0,1
18:32,13.04,3.01,0,0,0,34.33,0,1
18:33,13.04,3.02,0,0,0,34.32,0,1
18:34,13.03,3.01,0,0,0,34.33,0,1
18:35,13.03,3.01,0,0,0,34.32,0,1
18:36,13.03,3.01,0,0,0,34.33,0,1
18:37,13.04,3.02,0,0,0,34.32,0,1
18:38,13.03,3.01,0,0,0,34.32,0,1
18:39,13.03,3.01,0,0,0,34.33,0,1
18:40,13.04,3.02,0,0,0,34.32,0,1
18:41,13.03,3.01,0,0,0,34.33,0,1
18:42,13.04,3.02,0,0,0,34.35,0,1
18:43,13.05,3.02,0,0,0,34.34,0,1
18:44,13.04,3.02,0,0,0,34.33,0,1
18:45,13.04,3.02,0,0,0,34.33,0,1
18:46,13.04,3.01,0,0,0,34.32,0,1
18:47,13.03,3.01,0,0,0,34.32,0,1
18:48,13.03,3.01,0,0,0,34.33,0,1
18:49,13.04,3.01,0,0,0,34.33,0,1
18:50,13.04,3.02,0,0,0,34.33,0,1
18:51,13.04,3.01,0,0,0,34.33,0,1
18:52,13.04,3.02,0,0,0,34.33,0,1
18:53,13.04,3.02,0,0,0,34.33,0,1
18:54,13.04,3.02,0,0,0,34.32,0,1
18:55,13.03,3.01,0,0,0,34.32,0,1
18:56,13.03,3.01,0,0,0,34.33,0,1
18:57,13.04,3.01,0,0,0,34.33,0,1
18:58,13.04,3.01,0,0,0,34.32,0,1
18:59,13.03,3.01,0,0,0,34.34,0,1
19:00,13.04,3.02,0,0,0,34.34,0,1
19:01,13.05,3.02,0,0,0,34.35,0,1
19:02,13.06,3.02,0,0,0,34.35,0,1
19:03,13.05,3.02,0,0,0,34.36,0,1
19:04,13.06,3.03,0,0,0,34.35,0,1
19:05,13.06,3.02,0,0,0,34.34,0,1
19:06,13.04,3.02,0,0,0,34.33,0,1
19:07,13.03,3.01,0,0,0,34.32,0,1
19:08,13.03,3.01,0,0,0,34.31,0,1
19:09,13.02,3.01,0,0,0,34.31,0,1
19:10,13.03,3.01,0,0,0,34.32,0,1
19:11,13.03,3.01,0,0,0,34.33,0,1
19:12,13.04,3.01,0,0,0,34.34,0,1
19:13,13.04,3.02,0,0,0,34.34,0,1
19:14,13.05,3.02,0,0,0,34.35,0,1
19:15,13.06,3.02,0,0,0,34.34,0,1
19:16,13.05,3.02,0,0,0,34.34,0,1
19:17,13.05,3.02,0,0,0,34.33,0,1
19:18,13.04,3.02,0,0,0,34.32,0,1
19:19,13.03,3.01,0,0,0,34.33,0,1
19:20,13.04,3.01,0,0,0,34.33,0,1
19:21,13.04,3.01,0,0,0,34.32,0,1
19:22,13.03,3.01,0,0,0,34.32,0,1
19:23,13.03,3.01,0,0,0,34.32,0,1
19:24,13.03,3.01,0,0,0,34.33,0,1
19:25,13.04,3.02,0,0,0,34.33,0,1
19:26,13.04,3.01,0,0,0,34.34,0,1
19:27,13.05,3.02,0,0,0,34.34,0,1
19:28,13.05,3.02,0,0,0,34.36,0,1
19:29,13.06,3.02,0,0,0,34.36,0,1
19:30,13.06,3.03,0,0,0,34.35,0,1
19:31,13.06,3.02,0,0,0,34.36,0,1
19:32,13.06,3.03,0,0,0,34.36,0,1
19:33,13.06,3.03,0,0,0,34.36,0,1
19:34,13.07,3.03,0,0,0,34.35,0,1
19:35,13.06,3.02,0,0,0,34.36,0,1
19:36,13.07,3.03,0,0,0,34.36,0,1
19:37,13.07,3.03,0,0,0,34.35,0,1
19:38,13.06,3.02,0,0,0,34.34,0,1
19:39,13.05,3.02,0,0,0,34.34,0,1
19:40,13.05,3.02,0,0,0,34.33,0,1
19:41,13.04,3.02,0,0,0,34.33,0,1
19:42,13.03,3.01,0,0,0,34.32,0,1
19:43,13.03,3.01,0,0,0,34.31,0,1
19:44,13.02,3.01,0,0,0,34.3,0,1
19:45,13.02,3.01,0,0,0,34.31,0,1
19:46,13.02,3.01,0,0,0,34.32,0,1
19:47,13.03,3.01,0,0,0,34.33,0,1
19:48,13.04,3.02,0,0,0,34.34,0,1
19:49,13.05,3.02,0,0,0,34.35,0,1
19:50,13.05,3.02,0,0,0,34.33,0,1
19:51,13.04,3.02,0,0,0,34.32,0,1
19:52,13.03,3.01,0,0,0,34.32,0,1
19:53,13.03,3.01,0,0,0,34.33,0,1
19:54,13.04,3.01,0,0,0,34.33,0,1
19:55,13.03,3.01,0,0,0,34.31,0,1
19:56,13.03,3.01,0,0,0,34.32,0,1
19:57,13.03,3.01,0,0,0,34.32,0,1
19:58,13.03,3.01,0,0,0,34.31,0,1
19:59,13.02,3.01,0,0,0,34.32,0,1
20:00,13.03,3.01,0,0,0,34.33,0,1
20:01,13.04,3.01,0,0,0,34.34,0,1
20:02,13.05,3.02,0,0,0,34.34,0,1
20:03,13.05,3.02,0,0,0,34.35,0,1
20:04,13.05,3.02,0,0,0,34.34,0,1
20:05,13.05,3.02,0,0,0,34.33,0,1
20:06,13.03,3.01,0,0,0,34.33,0,1
20:07,13.04,3.02,0,0,0,34.34,0,1
20:08,13.04,3.02,0,0,0,34.34,0,1
20:09,13.04,3.02,0,0,0,34.34,0,1
20:10,13.04,3.02,0,0,0,34.33,0,1
20:11,13.04,3.02,0,0,0,34.33,0,1
20:12,13.04,3.02,0,0,0,34.33,0,1
20:13,13.04,3.02,0,0,0,34.32,0,1
20:14,13.03,3.01,0,0,0,34.33,0,1
20:15,13.04,3.02,0,0,0,34.34,0,1
20:16,13.05,3.02,0,0,0,34.33,0,1
20:17,13.04,3.01,0,0,0,34.31,0,1
20:18,13.02,3.01,0,0,0,34.31,0,1
20:19,13.02,3.01,0,0,0,34.3,0,1
20:20,13.01,3.01,0,0,0,34.29,0,1
20:21,13.01,3,0,0,0,34.29,0,1
20:22,13,3,0,0,0,34.29,0,1
20:23,13.01,3,0,0,0,34.29,0,1
20:24,13,3,0,0,0,34.28,0,1
20:25,13,3,0,0,0,34.27,0,1
20:26,13.01,3.01,0,0,0,34.27,0,1
20:27,13.02,3.01,0,0,0,34.26,0,1
20:28,13.02,3.01,0,0,0,34.26,0,1
20:29,13.03,3.01,0,0,0,34.27,0,1
20:30,13.02,3.01,0,0,0,34.28,0,1
20:31,13.01,3,0,0,0,34.29,0,1
20:32,13,3,0,0,0,34.3,0,1
20:33,13.01,3,0,0,0,34.3,0,1
20:34,13.01,3.01,0,0,0,34.31,0,1
20:35,13.03,3.01,0,0,0,34.32,0,1
20:36,13.03,3.01,0,0,0,34.32,0,1
20:37,13.03,3.01,0,0,0,34.33,0,1
20:38,13.04,3.01,0,0,0,34.32,0,1
20:39,13.03,3.01,0,0,0,34.33,0,1
20:40,13.03,3.01,0,0,0,34.34,0,1
20:41,13.04,3.02,0,0,0,34.34,0,1
20:42,13.05,3.02,0,0,0,34.35,0,1
20:43,13.06,3.02,0,0,0,34.37,0,1
20:44,13.07,3.03,0,0,0,34.38,0,1
20:45,13.08,3.03,0,0,0,34.38,0,1
20:46,13.08,3.03,0,0,0,34.39,0,1
20:47,13.09,3.04,0,0,0,34.39,0,1
20:48,13.09,3.03,0,0,0,34.38,0,1
20:49,13.08,3.03,0,0,0,34.38,0,1
20:50,13.08,3.03,0,0,0,34.36,0,1
20:51,13.07,3.03,0,0,0,34.35,0,1
20:52,13.06,3.02,0,0,0,34.34,0,1
20:53,13.05,3.02,0,0,0,34.35,0,1
20:54,13.06,3.02,0,0,0,34.36,0,1
20:55,13.07,3.03,0,0,0,34.36,0,1
20:56,13.07,3.03,0,0,0,34.35,0,1
20:57,13.06,3.02,0,0,0,34.36,0,1
20:58,13.06,3.02,0,0,0,34.37,0,1
20:59,13.07,3.03,0,0,0,34.37,0,1
21:00,13.08,3.03,0,0,0,34.38,0,1
21:01,13.08,3.03,0,0,0,34.37,0,1
21:02,13.07,3.03,0,0,0,34.37,0,1
21:03,13.08,3.03,0,0,0,34.38,0,1
21:04,13.08,3.03,0,0,0,34.37,0,1
21:05,13.08,3.03,0,0,0,34.36,0,1
21:06,13.07,3.03,0,0,0,34.35,0,1
21:07,13.06,3.02,0,0,0,34.36,0,1
21:08,13.06,3.03,0,0,0,34.36,0,1
21:09,13.06,3.02,0,0,0,34.36,0,1
21:10,13.06,3.02,0,0,0,34.35,0,1
21:11,13.05,3.02,0,0,0,34.35,0,1
21:12,13.05,3.02,0,0,0,34.33,0,1
21:13,13.04,3.02,0,0,0,34.32,0,1
21:14,13.03,3.01,0,0,0,34.31,0,1
21:15,13.02,3.01,0,0,0,34.3,0,1
21:16,13.01,3,0,0,0,34.3,0,1
21:17,13.01,3.01,0,0,0,34.31,0,1
21:18,13.02,3.01,0,0,0,34.31,0,1
21:19,13.02,3.01,0,0,0,34.31,0,1
21:20,13.02,3.01,0,0,0,34.31,0,1
21:21,13.02,3.01,0,0,0,34.32,0,1
21:22,13.03,3.01,0,0,0,34.31,0,1
21:23,13.02,3.01,0,0,0,34.3,0,1
21:24,13.01,3,0,0,0,34.28,0,1
21:25,13,3,0,0,0,34.29,0,1
21:26,13,3,0,0,0,34.29,0,1
21:27,13,3,0,0,0,34.28,0,1
21:28,13,3,0,0,0,34.29,0,1
21:29,13.01,3,0,0,0,34.3,0,1
21:30,13.01,3,0,0,0,34.29,0,1
21:31,13.01,3,0,0,0,34.29,0,1
21:32,13.01,3,0,0,0,34.29,0,1
21:33,13,3,0,0,0,34.3,0,1
21:34,13.01,3.01,0,0,0,34.3,0,1
21:35,13.01,3.01,0,0,0,34.31,0,1
21:36,13.02,3.01,0,0,0,34.32,0,1
21:37,13.03,3.01,0,0,0,34.32,0,1
21:38,13.03,3.01,0,0,0,34.31,0,1
21:39,13.02,3.01,0,0,0,34.31,0,1
21:40,13.02,3.01,0,0,0,34.33,0,1
21:41,13.04,3.01,0,0,0,34.33,0,1
21:42,13.04,3.01,0,0,0,34.32,0,1
21:43,13.03,3.01,0,0,0,34.31,0,1
21:44,13.02,3.01,0,0,0,34.29,0,1
21:45,13,3,0,0,0,34.29,0,1
21:46,13,3,0,0,0,34.29,0,1
21:47,13,3,0,0,0,34.29,0,1
21:48,13.01,3,0,0,0,34.3,0,1
21:49,13.01,3.01,0,0,0,34.3,0,1
21:50,13.01,3.01,0,0,0,34.3,0,1
21:51,13.02,3.01,0,0,0,34.31,0,1
21:52,13.02,3.01,0,0,0,34.31,0,1
21:53,13.03,3.01,0,0,0,34.31,0,1
21:54,13.02,3.01,0,0,0,34.32,0,1
21:55,13.03,3.01,0,0,0,34.32,0,1
21:56,13.03,3.01,0,0,0,34.31,0,1
21:57,13.03,3.01,0,0,0,34.32,0,1
21:58,13.03,3.01,0,0,0,34.3,0,1
21:59,13.01,3.01,0,0,0,34.31,0,1
22:00,13.02,3.01,0,0,0,34.31,0,1
22:01,13.02,3.01,0,0,0,34.32,0,1
22:02,13.03,3.01,0,0,0,34.31,0,1
22:03,13.02,3.01,0,0,0,34.3,0,1
22:04,13.01,3,0,0,0,34.29,0,1
22:05,13,3,0,0,0,34.28,0,1
22:06,13,3,0,0,0,34.28,0,1
22:07,13,3,0,0,0,34.29,0,1
22:08,13,3,0,0,0,34.27,0,1
22:09,13.01,3,0,0,0,34.27,0,1
22:10,13.02,3.01,0,0,0,34.26,0,1
22:11,13.02,3.01,0,0,0,34.27,0,1
22:12,13.01,3.01,0,0,0,34.26,0,1
22:13,13.02,3.01,0,0,0,34.25,0,1
22:14,13.03,3.01,0,0,0,34.26,0,1
22:15,13.02,3.01,0,0,0,34.27,0,1
22:16,13.01,3.01,0,0,0,34.27,0,1
22:17,13.01,3,0,0,0,34.26,0,1
22:18,13.02,3.01,0,0,0,34.26,0,1
22:19,13.03,3.01,0,0,0,34.25,0,1
22:20,13.03,3.01,0,0,0,34.24,0,1
22:21,13.04,3.02,0,0,0,34.23,0,1
22:22,13.05,3.02,0,0,0,34.24,0,1
22:23,13.04,3.02,0,0,0,34.25,0,1
22:24,13.03,3.01,0,0,0,34.24,0,1
22:25,13.04,3.01,0,0,0,34.23,0,1
22:26,13.04,3.02,0,0,0,34.25,0,1
22:27,13.03,3.01,0,0,0,34.25,0,1
22:28,13.03,3.01,0,0,0,34.26,0,1
22:29,13.03,3.01,0,0,0,34.26,0,1
22:30,13.02,3.01,0,0,0,34.26,0,1
22:31,13.02,3.01,0,0,0,34.28,0,1
22:32,13.01,3,0,0,0,34.27,0,1
22:33,13.02,3.01,0,0,0,34.28,0,1
22:34,13.01,3,0,0,0,34.27,0,1
22:35,13.01,3.01,0,0,0,34.26,0,1
22:36,13.02,3.01,0,0,0,34.26,0,1
22:37,13.02,3.01,0,0,0,34.25,0,1
22:38,13.03,3.01,0,0,0,34.25,0,1
22:39,13.03,3.01,0,0,0,34.26,0,1
22:40,13.02,3.01,0,0,0,34.25,0,1
22:41,13.03,3.01,0,0,0,34.26,0,1
22:42,13.03,3.01,0,0,0,34.24,0,1
22:43,13.04,3.01,0,0,0,34.26,0,1
22:44,13.03,3.01,0,0,0,34.27,0,1
22:45,13.02,3.01,0,0,0,34.28,0,1
22:46,13.01,3,0,0,0,34.28,0,1
22:47,13.01,3,0,0,0,34.29,0,1
22:48,13,3,0,0,0,34.29,0,1
22:49,13.01,3,0,0,0,34.31,0,1
22:50,13.02,3.01,0,0,0,34.31,0,1
22:51,13.02,3.01,0,0,0,34.31,0,1
22:52,13.02,3.01,0,0,0,34.32,0,1
22:53,13.03,3.01,0,0,0,34.31,0,1
22:54,13.02,3.01,0,0,0,34.3,0,1
22:55,13.01,3.01,0,0,0,34.32,0,1
22:56,13.03,3.01,0,0,0,34.33,0,1
22:57,13.04,3.01,0,0,0,34.33,0,1
22:58,13.04,3.02,0,0,0,34.33,0,1
22:59,13.04,3.01,0,0,0,34.32,0,1
23:00,13.03,3.01,0,0,0,34.32,0,1
23:01,13.03,3.01,0,0,0,34.33,0,1
23:02,13.04,3.02,0,0,0,34.32,0,1
23:03,13.03,3.01,0,0,0,34.32,0,1
23:04,13.03,3.01,0,0,0,34.32,0,1
23:05,13.03,3.01,0,0,0,34.33,0,1
23:06,13.04,3.01,0,0,0,34.33,0,1
23:07,13.04,3.02,0,0,0,34.34,0,1
23:08,13.04,3.02,0,0,0,34.33,0,1
23:09,13.04,3.02,0,0,0,34.33,0,1
23:10,13.04,3.02,0,0,0,34.34,0,1
23:11,13.05,3.02,0,0,0,34.35,0,1
23:12,13.05,3.02,0,0,0,34.34,0,1
23:13,13.05,3.02,0,0,0,34.34,0,1
23:14,13.04,3.02,0,0,0,34.33,0,1
23:15,13.04,3.02,0,0,0,34.34,0,1
23:16,13.05,3.02,0,0,0,34.34,0,1
23:17,13.04,3.02,0,0,0,34.33,0,1
23:18,13.04,3.01,0,0,0,34.34,0,1
23:19,13.05,3.02,0,0,0,34.34,0,1
23:20,13.05,3.02,0,0,0,34.34,0,1
23:21,13.05,3.02,0,0,0,34.33,0,1
23:22,13.04,3.02,0,0,0,34.34,0,1
23:23,13.05,3.02,0,0,0,34.34,0,1
23:24,13.04,3.02,0,0,0,34.32,0,1
23:25,13.03,3.01,0,0,0,34.31,0,1
23:26,13.02,3.01,0,0,0,34.31,0,1
23:27,13.02,3.01,0,0,0,34.31,0,1
23:28,13.02,3.01,0,0,0,34.32,0,1
23:29,13.03,3.01,0,0,0,34.32,0,1
23:30,13.03,3.01,0,0,0,34.33,0,1
23:31,13.04,3.02,0,0,0,34.33,0,1
23:32,13.04,3.02,0,0,0,34.32,0,1
23:33,13.03,3.01,0,0,0,34.32,0,1
23:34,13.03,3.01,0,0,0,34.32,0,1
23:35,13.03,3.01,0,0,0,34.32,0,1
23:36,13.03,3.01,0,0,0,34.31,0,1
23:37,13.02,3.01,0,0,0,34.31,0,1
23:38,13.02,3.01,0,0,0,34.31,0,1
23:39,13.02,3.01,0,0,0,34.31,0,1
23:40,13.02,3.01,0,0,0,34.32,0,1
23:41,13.03,3.01,0,0,0,34.32,0,1
23:42,13.03,3.01,0,0,0,34.31,0,1
23:43,13.02,3.01,0,0,0,34.3,0,1
23:44,13.01,3,0,0,0,34.31,0,1
23:45,13.02,3.01,0,0,0,34.3,0,1
23:46,13.01,3,0,0,0,34.31,0,1
23:47,13.02,3.01,0,0,0,34.3,0,1
23:48,13.01,3.01,0,0,0,34.29,0,1
23:49,13.01,3,0,0,0,34.29,0,1
23:50,13,3,0,0,0,34.3,0,1
23:51,13.01,3,0,0,0,34.3,0,1
23:52,13.01,3,0,0,0,34.31,0,1
23:53,13.02,3.01,0,0,0,34.32,0,1
23:54,13.03,3.01,0,0,0,34.33,0,1
23:55,13.04,3.01,0,0,0,34.33,0,1
23:56,13.04,3.02,0,0,0,34.32,0,1
23:57,13.03,3.01,0,0,0,34.3,0,1
23:58,13.02,3.01,0,0,0,34.31,0,1
23:59,13.02,3.01,0,0,0,34.31,0,1