Time,TMP Data Flow,CUR Data Flow,VLT Data Flow,TMP External,TMP Internal,CUR Engine,CUR Wings,VLT Engine,VLT Wings,Battery Juice,Propulsion,Navigation,Power,Thermal,Communication,Safe Mode
0:00,0,0,0,0,0,0,0,0,0,0,1,1,1,1,2,1
0:01,0,0,0,0,0,0,0,0,0,0,1,1,1,1,2,1
0:02,0,0,0,0,0,0,0,0,0,0,1,1,1,1,2,1
0:03,0,0,0,0,0,0,0,0,0,0,1,1,1,1,2,1
0:04,0,0,0,0,0,0,0,0,0,0,1,1,1,1,2,1
0:05,0,0,0,0,0,0,0,0,0,0,1,1,1,1,2,1
0:06,0,0,0,0,0,0,0,0,0,0,1,1,1,1,2,1
0:07,0,0,0,0,0,0,0,0,0,0,1,1,1,1,2,1
0:08,0,0,0,0,0,0,0,0,0,0,1,1,1,1,2,1
0:09,0,0,0,0,0,0,0,0,0,0,1,1,1,1,2,1
0:10,0,0,0,0,0,0,0,0,0,0,1,1,1,1,2,1
0:11,0,0,0,0,0,0,0,0,0,0,1,1,1,1,2,1
0:12,0,0,0,0,0,0,0,0,0,0,1,1,1,1,2,1
0:13,0,0,0,0,0,0,0,0,0,0,1,1,1,1,2,1
0:14,1,1,1,50,90,1,1,0,0,100,2,2,0,0,0,1
0:15,1,1,1,58,90,1,1,0,0,100,2,2,0,0,0,1
0:16,1,1,1,66,90,1,1,0,0,100,2,2,0,0,0,1
0:17,1,1,1,74,90,1,1,0,0,99,2,2,0,0,0,1
0:18,1,1,1,82,90,1,1,0,0,99,2,2,0,0,0,1
0:19,1,1,1,90,90,1,1,0,0,99,2,2,0,0,0,1
0:20,1,1,1,90,90,1,1.1,0,0,99,2,2,0,0,0,1
0:21,1,1,1,90,90,1,1.3,0,0,99,2,2,0,0,0,1
0:22,1,1,1,90,90,1,1.4,0,0,99,2,2,0,0,0,1
0:23,1,1,1,90,90,1,1.6,0,0,99,2,2,0,0,0,1
0:24,1,1,1,90,90,1,1.7,0,0,99,2,2,0,0,0,1
0:25,1,1,1,90,90,1,1.9,0,0,99,2,2,0,0,0,1
0:26,1,1,1,90,90,1,2,0,0,99,2,2,0,0,0,1
0:27,1,1,1,90,90,1.1,2.1,1.3,1.3,99,1.9,1.9,0,0,0,1
0:28,1,1,1,90,90,1.3,2.2,2.5,2.5,99,1.8,1.8,0,0,0,1
0:29,1,1,1,90,90,1.4,2.4,3.7,3.7,99,1.6,1.6,0,0,0,1
0:30,1,1,1,90,90,1.5,2.5,5,5,99,1.5,1.5,0,0,0,1
0:31,1,1,1,90,90,1.6,2.6,6.2,6.2,99,1.4,1.4,0,0,0,1
0:32,1,1,1,90,90,1.8,2.7,7.5,7.5,99,1.3,1.3,0,0,0,1
0:33,1,1,1,90,90,1.9,2.9,8.8,8.8,99,1.1,1.1,0,0,0,1
0:34,1,1,1,90,90,2,3,10,10,99,1,1,0,0,0,0
0:35,1,1,1,89,89,2.1,3.1,10,10,99,0.9,0.9,0,0,0,0
0:36,1,1,1,89,89,2.3,3.1,10,11,99,0.9,0.9,0,0,0,0
0:37,1,1,1,89,89,2.4,3.2,11,11,99,0.8,0.8,0,0,0,0
0:38,1,1,1,89,89,2.5,3.3,11,12,99,0.7,0.7,0,0,0,0
0:39,1,1,1,89,89,2.7,3.3,12,12,99,0.7,0.7,0,0,0,0
0:40,1,1,1,89,89,2.8,3.4,12,13,99,0.6,0.6,0,0,0,0
0:41,1,1,1,89,89,2.9,3.5,13,13,99,0.5,0.5,0,0,0,0
0:42,1,1,1,89,89,3.1,3.5,13,14,99,0.5,0.5,0,0,0,0
0:43,1,1,1,89,89,3.2,3.6,14,14,99,0.4,0.4,0,0,0,0
0:44,1,1,1,89,89,3.3,3.7,14,15,99,0.3,0.3,0,0,0,0
0:45,1,1,1,89,89,3.5,3.7,15,15,99,0.3,0.3,0,0,0,0
0:46,1,1,1,89,89,3.6,3.8,15,16,99,0.2,0.2,0,0,0,0
0:47,1,1,1,89,89,3.7,3.9,16,16,99,0.1,0.1,0,0,0,0
0:48,1,1,1,89,89,3.9,3.9,16,17,99,0.1,0.1,0,0,0,0
0:49,1,1,1,89,89,4,4,17,18,99,0,0,0,0,0,0
0:50,1,1,1,89,89,4,4,17,18,99,0,0,0,0,0,0
0:51,1,1,1,89,89,4.1,4,17,18,99,0,0,0,0,0,0
0:52,1,1,1,89,89,4.1,4,17,18,99,0,0,0,0,0,0
0:53,1,1,1,89,89,4.1,4,17,18,99,0,0,0,0,0,0
0:54,1,1,1,89,89,4.2,4,17,18,99,0,0,0,0,0,0
0:55,1,1,1,89,89,4.2,4,17,18,99,0,0,0,0,0,0
0:56,1,1,1,89,89,4.2,4,17,18,99,0,0,0,0,0,0
0:57,1,1,1,89,89,4.2,4,17,18,99,0,0,0,0,0,0
0:58,1,1,1,89,89,4.3,4,17,18,99,0,0,0,0,0,0
0:59,1,1,1,89,89,4.3,4,17,18,99,0,0,0,0,0,0
1:00,1,1,1,89,89,4.3,4,18,18,99,0,0,0,0,0,0
1:01,1,1,1,89,89,4.4,4,18,18,99,0,0,0,0,0,0
1:02,1,1,1,89,89,4.4,4,18,18,99,0,0,0,0,0,0
1:03,1,1,1,89,89,4.4,4,18,18,99,0,0,0,0,0,0
1:04,1,1,1,89,89,4.5,4,18,18,99,0,0,0,0,0,0
1:05,1,1,1,89,89,4.5,4,18,18,99,0,0,0,0,0,0
1:06,1,1,1,89,89,4.5,4,18,18,99,0,0,0,0,0,0
1:07,1,1,1,89,89,4.5,4,18,18,99,0,0,0,0,0,0
1:08,1,1,1,89,89,4.6,4,18,18,99,0,0,0,0,0,0
1:09,1,1,1,89,89,4.6,4,18,18,99,0,0,0,0,0,0
1:10,1,1,1,89,89,4.6,4,18,18,99,0,0,0,0,0,0
1:11,1,1,1,89,89,4.7,4,19,18,99,0,0,0,0,0,0
1:12,1,1,1,89,89,4.7,4,19,18,99,0,0,0,0,0,0
1:13,1,1,1,89,89,4.7,4,19,18,99,0,0,0,0,0,0
1:14,1,1,1,89,89,4.8,4,19,18,99,0,0,0,0,0,0
1:15,1,1,1,89,89,4.8,4,19,18,99,0,0,0,0,0,0
1:16,1,1,1,89,89,4.8,4,19,18,99,0,0,0,0,0,0
1:17,1,1,1,89,89,4.8,4,19,18,99,0,0,0,0,0,0
1:18,1,1,1,89,89,4.9,4,19,18,99,0,0,0,0,0,0
1:19,1,1,1,89,89,4.9,4,19,18,99,0,0,0,0,0,0
1:20,1,1,1,89,89,4.9,4,19,18,99,0,0,0,0,0,0
1:21,1,1,1,89,89,5,4,19,19,99,0,0,0,0,0,0
1:22,1,1,1,89,89,5,4,20,19,99,0,0,0,0,0,0
1:23,1,1,1,90,89,5,4,20,19,99,0,0,0,0,0,0
1:24,1,1,1,91,89,5,4,20,19,99,0,0,0,0,0,0
1:25,1,1,1,92,89,4.9,4,20,19,98,0,0,0,0,0,0
1:26,1,1,1,93,89,4.9,4,20,19,98,0,0,0,0,0,0
1:27,1,1,1,94,89,4.9,4,20,19,98,0,0,0,0,0,0
1:28,1,1,1,96,89,4.9,4,20,19,98,0,0,0,0,0,0
1:29,1,1,1,97,89,4.9,4,20,19,98,0,0,0,0,0,0
1:30,1,1,1,98,89,4.8,4,20,19,98,0,0,0,0,0,0
1:31,1,1,1,99,89,4.8,4,20,19,98,0,0,0,0,0,0
1:32,1,1,1,100,89,4.8,4,20,19,98,0,0,0,0,0,0
1:33,1,1,1,101,89,4.8,4,20,19,98,0,0,0,0,0,0
1:34,1,1,1,103,89,4.8,4,20,19,98,0,0,0,0,0,0
1:35,1,1,1,104,89,4.8,4,20,19,98,0,0,0,0,0,0
1:36,1,1,1,105,89,4.7,4,20,19,98,0,0,0,0,0,0
1:37,1,1,1,106,89,4.7,4,20,19,98,0,0,0,0,0,0
1:38,1,1,1,107,89,4.7,4,20,19,98,0,0,0,0,0,0
1:39,1,1,1,108,89,4.7,4,20,19,98,0,0,0,0,0,0
1:40,1,1,1,110,89,4.7,4,20,19,98,0,0,0,0,0,0
1:41,1,1,1,111,89,4.6,4,20,19,98,0,0,0,0,0,0
1:42,1,1,1,112,89,4.6,4,20,19,98,0,0,0,0,0,0
1:43,1,1,1,113,89,4.6,4,20,19,98,0,0,0,0,0,0
1:44,1,1,1,114,89,4.6,4,20,19,98,0,0,0,0,0,0
1:45,1,1,1,116,89,4.6,4,20,19,98,0,0,0,0,0,0
1:46,1,1,1,117,89,4.5,4,20,19,98,0,0,0,0,0,0
1:47,1,1,1,118,89,4.5,4,20,19,98,0,0,0,0,0,0
1:48,1,1,1,119,89,4.5,4,20,19,98,0,0,0,0,0,0
1:49,1,1,1,120,89,4.5,4,20,19,98,0,0,0,0,0,0
1:50,1,1,1,121,89,4.5,4,20,19,98,0,0,0,0,0,0
1:51,1,1,1,123,89,4.4,4,20,19,98,0,0,0,0,0,0
1:52,1,1,1,124,89,4.4,4,20,19,98,0,0,0,0,0,0
1:53,1,1,1,125,89,4.4,4,20,19,98,0,0,0,0,0,0
1:54,1,1,1,126,89,4.4,4,20,19,98,0,0,0,0,0,0
1:55,1,1,1,127,89,4.4,4,20,19,98,0,0,0,0,0,0
1:56,1,1,1,128,89,4.3,4,20,19,98,0,0,0,0,0,0
1:57,1,1,1,130,89,4.3,4,20,19,98,0,0,0,0,0,0
1:58,1,1,1,131,89,4.3,4,20,19,98,0,0,0,0,0,0
1:59,1,1,1,132,89,4.3,4,20,19,98,0,0,0,0,0,0
2:00,1,1,1,133,89,4.3,4,20,19,98,0,0,0,0,0,0
2:01,1,1,1,134,89,4.3,4,20,19,98,0,0,0,0,0,0
2:02,1,1,1,135,89,4.2,4,20,19,98,0,0,0,0,0,0
2:03,1,1,1,137,89,4.2,4,20,19,98,0,0,0,0,0,0
2:04,1,1,1,138,89,4.2,4,20,19,98,0,0,0,0,0,0
2:05,1,1,1,139,89,4.2,4,20,19,98,0,0,0,0,0,0
2:06,1,1,1,140,89,4.2,4,20,19,98,0,0,0,0,0,0
2:07,1,1,1,141,89,4.1,4,20,19,98,0,0,0,0,0,0
2:08,1,1,1,143,89,4.1,4,20,19,98,0,0,0,0,0,0
2:09,1,1,1,144,89,4.1,4,20,19,98,0,0,0,0,0,0
2:10,1,1,1,145,89,4.1,4,20,19,98,0,0,0,0,0,0
2:11,1,1,1,146,89,4.1,4,20,19,98,0,0,0,0,0,0
2:12,1,1,1,147,90,4,4,20,20,98,0,0,0,0,0,0
2:13,1,1,1,148,90,4,4,20,20,98,0,0,0,0,0,0
2:14,1,1,1,150,90,4,4,20,20,98,0,0,0,0,0,0
2:15,1,1,1,150,90,4,4,20,20,98,0,0,0,0,0,0
2:16,1,1,1,150,90,4,4,19,20,98,0,0,0,0,0,0
2:17,1,1,1,150,90,4,4,19,20,98,0,0,0,0,0,0
2:18,1,1,1,150,90,4,4,19,20,98,0,0,0,0,0,0
2:19,1,1,1,150,90,4.1,4.1,19,19,97,0,0,0,0,0,0
2:20,1,1,1,150,90,4.1,4.1,19,19,97,0,0,0,0,0,0
2:21,1,1,1,150,90,4.1,4.1,19,19,97,0,0,0,0,0,0
2:22,1,1,1,150,90,4.1,4.1,19,19,97,0,0,0,0,0,0
2:23,1,1,1,151,90,4.1,4.1,19,19,97,0,0,0,0,0,0
2:24,1,1,1,151,90,4.1,4.1,19,19,97,0,0,0,0,0,0
2:25,1,1,1,151,90,4.1,4.1,19,19,97,0,0,0,0,0,0
2:26,1,1,1,151,90,4.1,4.1,19,19,97,0,0,0,0,0,0
2:27,1,1,1,151,90,4.1,4.1,19,19,97,0,0,0,0,0,0
2:28,1,1,1,151,90,4.2,4.2,19,19,97,0,0,0,0,0,0
2:29,1,1,1,151,90,4.2,4.2,19,19,97,0,0,0,0,0,0
2:30,1,1,1,151,90,4.2,4.2,19,19,97,0,0,0,0,0,0
2:31,1,1,1,152,90,4.2,4.2,19,19,97,0,0,0,0,0,0
2:32,1,1,1,152,90,4.2,4.2,19,19,97,0,0,0,0,0,0
2:33,1,1,1,152,90,4.2,4.2,19,19,97,0,0,0,0,0,0
2:34,1,1,1,152,90,4.2,4.2,19,19,97,0,0,0,0,0,0
2:35,1,1,1,152,90,4.2,4.2,19,19,97,0,0,0,0,0,0
2:36,1,1,1,152,90,4.3,4.3,19,19,97,0,0,0,0,0,0
2:37,1,1,1,152,90,4.3,4.3,19,19,97,0,0,0,0,0,0
2:38,1,1,1,152,90,4.3,4.3,19,19,97,0,0,0,0,0,0
2:39,1,1,1,152,90,4.3,4.3,19,19,97,0,0,0,0,0,0
2:40,1,1,1,153,90,4.3,4.3,19,19,97,0,0,0,0,0,0
2:41,1,1,1,153,90,4.3,4.3,19,19,97,0,0,0,0,0,0
2:42,1,1,1,153,90,4.3,4.3,19,19,97,0,0,0,0,0,0
2:43,1,1,1,153,90,4.3,4.3,19,19,97,0,0,0,0,0,0
2:44,1,1,1,153,90,4.3,4.3,19,19,97,0,0,0,0,0,0
2:45,1,1,1,153,90,4.4,4.4,18,19,97,0,0,0,0,0,0
2:46,1,1,1,153,90,4.4,4.4,18,19,97,0,0,0,0,0,0
2:47,1,1,1,153,90,4.4,4.4,18,19,97,0,0,0,0,0,0
2:48,1,1,1,153,90,4.4,4.4,18,19,97,0,0,0,0,0,0
2:49,1,1,1,154,90,4.4,4.4,18,19,97,0,0,0,0,0,0
2:50,1,1,1,154,90,4.4,4.4,18,19,97,0,0,0,0,0,0
2:51,1,1,1,154,90,4.4,4.4,18,19,97,0,0,0,0,0,0
2:52,1,1,1,154,90,4.4,4.4,18,19,97,0,0,0,0,0,0
2:53,1,1,1,154,90,4.4,4.4,18,19,97,0,0,0,0,0,0
2:54,1,1,1,154,90,4.5,4.5,18,19,97,0,0,0,0,0,0
2:55,1,1,1,154,90,4.5,4.5,18,19,97,0,0,0,0,0,0
2:56,1,1,1,154,90,4.5,4.5,18,19,97,0,0,0,0,0,0
2:57,1,1,1,154,90,4.5,4.5,18,19,97,0,0,0,0,0,0
2:58,1,1,1,155,90,4.5,4.5,18,19,97,0,0,0,0,0,0
2:59,1,1,1,155,90,4.5,4.5,18,19,97,0,0,0,0,0,0
3:00,1,1,1,155,90,4.5,4.5,18,19,97,0,0,0,0,0,0
3:01,1,1,1,155,90,4.5,4.5,18,19,97,0,0,0,0,0,0
3:02,1,1,1,155,90,4.6,4.6,18,19,97,0,0,0,0,0,0
3:03,1,1,1,155,90,4.6,4.6,18,19,97,0,0,0,0,0,0
3:04,1,1,1,155,90,4.6,4.6,18,19,97,0,0,0,0,0,0
3:05,1,1,1,155,90,4.6,4.6,18,19,97,0,0,0,0,0,0
3:06,1,1,1,156,90,4.6,4.6,18,19,97,0,0,0,0,0,0
3:07,1,1,1,156,90,4.6,4.6,18,19,97,0,0,0,0,0,0
3:08,1,1,1,156,90,4.6,4.6,18,19,97,0,0,0,0,0,0
3:09,1,1,1,156,90,4.6,4.6,18,19,97,0,0,0,0,0,0
3:10,1,1,1,156,90,4.6,4.6,18,19,97,0,0,0,0,0,0
3:11,1,1,1,156,90,4.7,4.7,18,19,97,0,0,0,0,0,0
3:12,1,1,1,156,90,4.7,4.7,18,19,97,0,0,0,0,0,0
3:13,1,1,1,156,90,4.7,4.7,18,19,97,0,0,0,0,0,0
3:14,1,1,1,156,90,4.7,4.7,17,19,97,0,0,0,0,0,0
3:15,1,1,1,157,90,4.7,4.7,17,19,97,0,0,0,0,0,0
3:16,1,1,1,157,90,4.7,4.7,17,19,97,0,0,0,0,0,0
3:17,1,1,1,157,90,4.7,4.7,17,19,97,0,0,0,0,0,0
3:18,1,1,1,157,90,4.7,4.7,17,19,97,0,0,0,0,0,0
3:19,1,1,1,157,90,4.7,4.7,17,19,97,0,0,0,0,0,0
3:20,1,1,1,157,90,4.8,4.8,17,19,97,0,0,0,0,0,0
3:21,1,1,1,157,90,4.8,4.8,17,19,97,0,0,0,0,0,0
3:22,1,1,1,157,90,4.8,4.8,17,19,97,0,0,0,0,0,0
3:23,1,1,1,157,90,4.8,4.8,17,19,97,0,0,0,0,0,0
3:24,1,1,1,158,90,4.8,4.8,17,19,97,0,0,0,0,0,0
3:25,1,1,1,158,90,4.8,4.8,17,19,97,0,0,0,0,0,0
3:26,1,1,1,158,90,4.8,4.8,17,19,97,0,0,0,0,0,0
3:27,1,1,1,158,90,4.8,4.8,17,19,97,0,0,0,0,0,0
3:28,1,1,1,158,90,4.9,4.9,17,19,97,0,0,0,0,0,0
3:29,1,1,1,158,90,4.9,4.9,17,19,97,0,0,0,0,0,0
3:30,1,1,1,158,90,4.9,4.9,17,19,97,0,0,0,0,0,0
3:31,1,1,1,158,90,4.9,4.9,17,19,97,0,0,0,0,0,0
3:32,1,1,1,159,90,4.9,4.9,17,19,97,0,0,0,0,0,0
3:33,1,1,1,159,90,4.9,4.9,17,19,97,0,0,0,0,0,0
3:34,1,1,1,159,90,4.9,4.9,17,19,97,0,0,0,0,0,0
3:35,1,1,1,159,90,4.9,4.9,17,19,97,0,0,0,0,0,0
3:36,1,1,1,159,90,4.9,4.9,17,19,97,0,0,0,0,0,0
3:37,1,1,1,159,90,5,5,17,19,97,0,0,0,0,0,0
3:38,1,1,1,159,90,5,5,17,19,97,0,0,0,0,0,0
3:39,1,1,1,159,90,5,5,17,19,97,0,0,0,0,0,0
3:40,1,1,1,159,90,5,5,17,19,97,0,0,0,0,0,0
3:41,1,1,1,160,90,5,5,17,19,97,0,0,0,0,0,0
3:42,0,1,1,0,0,5,5,17,19,96,0,0,0,1,1.5,1
3:43,0,1,1,0,0,5,4.9,17,19,96,0,0,0,1,1.5,1
3:44,0,1,1,0,0,5,4.7,17,19,96,0,0,0,1,1.5,1
3:45,0,1,1,0,0,5,4.6,17,19,96,0,0,0,1,1.5,1
3:46,0,1,1,0,0,5,4.5,17,19,96,0,0,0,1,1.5,1
3:47,0,1,1,0,0,5,4.4,17,19,96,0,0,0,1,1.5,1
3:48,0,1,1,0,0,5,4.2,17,19,96,0,0,0,1,1.5,1
3:49,0,1,1,0,0,5,4.1,17,19,96,0,0,0,1,1.5,1
3:50,0,1,1,0,0,5,4,18,19,96,0,0,0,1,1.5,1
3:51,0,0,0,0,0,0,0,0,0,0,1,1,1,1,2,1
3:52,0,0,0,0,0,0,0,0,0,0,1,1,1,1,2,1
3:53,0,0,0,0,0,0,0,0,0,0,1,1,1,1,2,1
3:54,0,0,0,0,0,0,0,0,0,0,1,1,1,1,2,1
3:55,0,0,0,0,0,0,0,0,0,0,1,1,1,1,2,1
3:56,1,1,1,170,92,4,5,19,20,96,0,0,0,1,1,0
3:57,1,1,1,167,92,3.9,4.7,19,20,96,0,0,0,0.9,0.9,0
3:58,1,1,1,165,92,3.7,4.5,19,20,96,0,0,0,0.8,0.8,0
3:59,1,1,1,162,92,3.6,4.2,19,20,96,0,0,0,0.6,0.6,0
4:00,1,1,1,160,92,3.5,4,19,20,96,0,0,0,0.5,0.5,0
4:01,1,1,1,157,92,3.4,3.7,19,20,96,0,0,0,0.4,0.4,0
4:02,1,1,1,155,92,3.2,3.5,19,20,96,0,0,0,0.2,0.2,0
4:03,1,1,1,152,92,3.1,3.2,19,20,96,0,0,0,0.1,0.1,0
4:04,1,1,1,150,92,3,3,19,20,96,0,0,0,0,0,0
4:05,1,1,1,146,92,3,3,19,20,96,0,0,0,0,0,0
4:06,1,1,1,142,91,3,3.1,18,19,96,0,0,0,0,0,0
4:07,1,1,1,139,91,3,3.1,18,19,95,0,0,0,0,0,0
4:08,1,1,1,135,91,3,3.2,18,19,95,0,0,0,0,0,0
4:09,1,1,1,131,91,3,3.2,18,19,95,0,0,0,0,0,0
4:10,1,1,1,128,91,3,3.3,18,19,95,0,0,0,0,0,0
4:11,1,1,1,124,91,3,3.3,18,19,95,0,0,0,0,0,0
4:12,1,1,1,120,91,3,3.4,18,19,95,0,0,0,0,0,0
4:13,1,1,1,117,91,3,3.4,18,19,95,0,0,0,0,0,0
4:14,1,1,1,113,91,3,3.5,18,19,95,0,0,0,0,0,0
4:15,1,1,1,109,91,3,3.5,18,19,95,0,0,0,0,0,0
4:16,1,1,1,106,91,3,3.6,18,19,95,0,0,0,0,0,0
4:17,1,1,1,102,91,3,3.6,18,19,95,0,0,0,0,0,0
4:18,1,1,1,98,91,3,3.7,18,19,95,0,0,0,0,0,0
4:19,1,1,1,95,91,3,3.7,18,19,95,0,0,0,0,0,0
4:20,1,1,1,91,91,3,3.8,18,19,95,0,0,0,0,0,0
4:21,1,1,1,87,91,3,3.8,18,19,95,0,0,0,0,0,0
4:22,1,1,1,84,91,3,3.9,18,19,95,0,0,0,0,0,0
4:23,1,1,1,80,91,3,3.9,18,19,95,0,0,0,0,0,0
4:24,1,1,1,76,91,3,4,18,19,95,0,0,0,0,0,0
4:25,1,1,1,73,91,3,4,18,19,95,0,0,0,0,0,0
4:26,1,1,1,69,90,3,4.1,17,18,95,0,0,0,0,0,0
4:27,1,1,1,65,90,3,4.1,17,18,95,0,0,0,0,0,0
4:28,1,1,1,62,90,3,4.2,17,18,95,0,0,0,0,0,0
4:29,1,1,1,58,90,3,4.2,17,18,95,0,0,0,0,0,0
4:30,1,1,1,54,90,3,4.3,17,18,95,0,0,0,0,0,0
4:31,1,1,1,51,90,3,4.3,17,18,95,0,0,0,0,0,0
4:32,1,1,1,47,90,3,4.4,17,18,95,0,0,0,0,0,0
4:33,1,1,1,43,90,3,4.4,17,18,95,0,0,0,0,0,0
4:34,1,1,1,40,90,3,4.5,17,18,95,0,0,0,0,0,0
4:35,1,1,1,36,90,3,4.5,17,18,95,0,0,0,0,0,0
4:36,1,1,1,32,90,3,4.6,17,18,95,0,0,0,0,0,0
4:37,1,1,1,29,90,3,4.6,17,18,95,0,0,0,0,0,0
4:38,1,1,1,25,90,3,4.7,17,18,95,0,0,0,0,0,0
4:39,1,1,1,22,90,3,4.7,17,18,95,0,0,0,0,0,0
4:40,1,1,1,18,90,3,4.8,17,18,95,0,0,0,0,0,0
4:41,1,1,1,14,90,3,4.8,17,18,95,0,0,0,0,0,0
4:42,1,1,1,11,90,3,4.9,17,18,95,0,0,0,0,0,0
4:43,1,1,1,7.3,90,3,4.9,17,18,95,0,0,0,0,0,0
4:44,1,1,1,3.7,90,3,5,17,18,95,0,0,0,0,0,0
4:45,1,1,1,0,90,3,5,17,18,95,0,0,0,0,0,0
4:46,1,1,1,0.3,89,3,4.9,17,18,95,0,0,0,0,0,0
4:47,1,1,1,0.7,89,3.1,4.9,17,18,94,0,0,0,0,0,0
4:48,1,1,1,1,89,3.1,4.8,17,18,94,0,0,0,0,0,0
4:49,1,1,1,1.4,89,3.1,4.7,17,18,94,0,0,0,0,0,0
4:50,1,1,1,1.7,89,3.2,4.7,17,18,94,0,0,0,0,0,0
4:51,1,1,1,2.1,89,3.2,4.6,17,18,94,0,0,0,0,0,0
4:52,1,1,1,2.4,89,3.2,4.5,17,18,94,0,0,0,0,0,0
4:53,1,1,1,2.8,89,3.3,4.4,17,18,94,0,0,0,0,0,0
4:54,1,1,1,3.1,89,3.3,4.4,17,18,94,0,0,0,0,0,0
4:55,1,1,1,3.4,89,3.3,4.3,18,19,94,0,0,0,0,0,0
4:56,1,1,1,3.8,88,3.4,4.2,18,19,94,0,0,0,0,0,0
4:57,1,1,1,4.1,88,3.4,4.2,18,19,94,0,0,0,0,0,0
4:58,1,1,1,4.5,88,3.4,4.1,18,19,94,0,0,0,0,0,0
4:59,1,1,1,4.8,88,3.5,4,18,19,94,0,0,0,0,0,0
5:00,1,1,1,5.2,88,3.5,4,18,19,94,0,0,0,0,0,0
5:01,1,1,1,5.5,88,3.6,3.9,18,19,94,0,0,0,0,0,0
5:02,1,1,1,5.9,88,3.6,3.8,18,19,94,0,0,0,0,0,0
5:03,1,1,1,6.2,88,3.6,3.8,18,19,94,0,0,0,0,0,0
5:04,1,1,1,6.6,88,3.7,3.7,19,20,94,0,0,0,0,0,0
5:05,1,1,1,6.9,87,3.7,3.6,19,20,94,0,0,0,0,0,0
5:06,1,1,1,7.2,87,3.7,3.6,19,20,94,0,0,0,0,0,0
5:07,1,1,1,7.6,87,3.8,3.5,19,20,94,0,0,0,0,0,0
5:08,1,1,1,7.9,87,3.8,3.4,19,20,94,0,0,0,0,0,0
5:09,1,1,1,8.3,87,3.8,3.3,19,20,94,0,0,0,0,0,0
5:10,1,1,1,8.6,87,3.9,3.3,19,20,94,0,0,0,0,0,0
5:11,1,1,1,9,87,3.9,3.2,19,20,94,0,0,0,0,0,0
5:12,1,1,1,9.3,87,3.9,3.1,19,20,94,0,0,0,0,0,0
5:13,1,1,1,9.7,87,4,3.1,19,20,94,0,0,0,0,0,0
5:14,1,1,1,10,87,4,3,20,21,94,0,0,0,0,0,0
5:15,1,1,1,10,86,4,3,19,21,94,0,0,0,0,0,0
5:16,1,1,1,10,86,4.1,3.1,19,21,93,0.1,0,0,0,0,0
5:17,1,1,1,10,86,4.1,3.1,19,21,93,0.1,0,0,0,0,0
5:18,1,1,1,10,86,4.1,3.1,19,21,93,0.1,0,0,0,0,0
5:19,1,1,1,10,85,4.2,3.2,19,21,93,0.2,0,0,0,0,0
5:20,1,1,1,10,85,4.2,3.2,19,21,93,0.2,0,0,0,0,0
5:21,1,1,1,10,85,4.3,3.3,19,22,93,0.3,0,0,0,0,0
5:22,1,1,1,10,84,4.3,3.3,18,22,93,0.3,0,0,0,0,0
5:23,1,1,1,10,84,4.3,3.3,18,22,93,0.3,0,0,0,0,0
5:24,1,1,1,10,84,4.4,3.4,18,22,93,0.4,0,0,0,0,0
5:25,1,1,1,10,84,4.4,3.4,18,22,93,0.4,0,0,0,0,0
5:26,1,1,1,10,83,4.4,3.4,18,22,93,0.4,0,0,0,0,0
5:27,1,1,1,10,83,4.5,3.5,18,22,93,0.5,0,0,0,0,0
5:28,1,1,1,10,83,4.5,3.5,17,23,93,0.5,0,0,0,0,0
5:29,1,1,1,10,83,4.6,3.6,17,23,93,0.6,0,0,0,0,0
5:30,1,1,1,10,82,4.6,3.6,17,23,93,0.6,0,0,0,0,0
5:31,1,1,1,10,82,4.6,3.6,17,23,93,0.6,0,0,0,0,0
5:32,1,1,1,10,82,4.7,3.7,17,23,93,0.7,0,0,0,0,0
5:33,1,1,1,10,82,4.7,3.7,17,23,93,0.7,0,0,0,0,0
5:34,1,1,1,10,81,4.7,3.7,17,24,93,0.7,0,0,0,0,0
5:35,1,1,1,10,81,4.8,3.8,16,24,93,0.8,0,0,0,0,0
5:36,1,1,1,10,81,4.8,3.8,16,24,93,0.8,0,0,0,0,0
5:37,1,1,1,10,81,4.9,3.9,16,24,93,0.9,0,0,0,0,0
5:38,1,1,1,10,80,4.9,3.9,16,24,93,0.9,0,0,0,0,0
5:39,1,1,1,10,80,4.9,3.9,16,24,93,0.9,0,0,0,0,0
5:40,1,1,1,10,80,5,4,16,24,93,1,0,0,0,0,0
5:41,1,1,1,10,80,5,4,16,25,93,1,0,0,0,0,0
5:42,1,1,1,9.8,79,4.9,4,16,25,93,1,0.1,0,0,0,0
5:43,1,1,1,9.7,78,4.9,4.1,16,26,92,1.1,0.1,0,0.1,0,0
5:44,1,1,1,9.5,77,4.8,4.1,16,27,92,1.1,0.2,0,0.1,0,0
5:45,1,1,1,9.3,77,4.7,4.1,16,28,92,1.1,0.3,0,0.1,0,0
5:46,1,1,1,9.1,76,4.7,4.2,16,29,92,1.2,0.3,0,0.2,0,0
5:47,1,1,1,9,75,4.6,4.2,16,30,92,1.2,0.4,0,0.2,0,0
5:48,1,1,1,8.8,75,4.5,4.2,16,31,92,1.2,0.5,0,0.2,0,0
5:49,1,1,1,8.6,74,4.4,4.3,16,31,92,1.3,0.6,0,0.3,0,0
5:50,1,1,1,8.4,73,4.4,4.3,16,32,92,1.3,0.6,0,0.3,0,0
5:51,1,1,1,8.3,73,4.3,4.3,16,33,92,1.3,0.7,0,0.3,0,0
5:52,1,1,1,8.1,72,4.2,4.4,16,34,92,1.4,0.8,0,0.4,0,0
5:53,1,1,1,7.9,71,4.2,4.4,16,35,92,1.4,0.8,0,0.4,0,0
5:54,1,1,1,7.8,71,4.1,4.4,16,36,92,1.4,0.9,0,0.4,0,0
5:55,1,1,1,7.6,70,4,4.5,17,37,92,1.5,1,0,0.5,0,0
5:56,1,1,1,7.4,69,4,4.5,17,37,92,1.5,1,0,0.5,0,0
5:57,1,1,1,7.2,69,3.9,4.6,17,38,92,1.6,1.1,0,0.6,0,0
5:58,1,1,1,7.1,68,3.8,4.6,17,39,92,1.6,1.2,0,0.6,0,0
5:59,1,1,1,6.9,67,3.8,4.6,17,40,92,1.6,1.2,0,0.6,0,0
6:00,1,1,1,6.7,66,3.7,4.7,17,41,92,1.7,1.3,0,0.7,0,0
6:01,1,1,1,6.6,66,3.6,4.7,17,42,92,1.7,1.4,0,0.7,0,0
6:02,1,1,1,6.4,65,3.6,4.7,17,43,92,1.7,1.4,0,0.7,0,0
6:03,1,1,1,6.2,64,3.5,4.8,17,44,92,1.8,1.5,0,0.8,0,0
6:04,1,1,1,6,64,3.4,4.8,17,44,92,1.8,1.6,0,0.8,0,0
6:05,1,1,1,5.9,63,3.3,4.8,17,45,92,1.8,1.7,0,0.8,0,0
6:06,1,1,1,5.7,62,3.3,4.9,17,46,92,1.9,1.7,0,0.9,0,0
6:07,1,1,1,5.5,62,3.2,4.9,17,47,92,1.9,1.8,0,0.9,0,0
6:08,1,1,1,5.3,61,3.1,4.9,17,48,92,1.9,1.9,0,0.9,0,0
6:09,1,1,1,5.2,60,3.1,5,17,49,92,2,1.9,0,1,0,0
6:10,1,1,1,5,60,3,5,18,50,92,2,2,0,1,0,2
6:11,1,1,1,4.8,58,3.1,5,18,51,92,2,2,0,1,0,2
6:12,1,1,1,4.6,56,3.2,4.9,18,53,91,2,2,0,1.1,0,2
6:13,1,1,1,4.4,54,3.2,4.9,18,55,91,2,2,0,1.1,0,2
6:14,1,1,1,4.2,52,3.3,4.8,18,57,91,2,2,0,1.2,0,2
6:15,1,1,1,4,50,3.4,4.8,18,59,91,2,2,0,1.2,0,2
6:16,1,1,1,3.8,48,3.5,4.8,18,61,91,2,2,0,1.2,0,2
6:17,1,1,1,3.7,46,3.5,4.7,18,63,91,2,2,0,1.3,0,2
6:18,1,1,1,3.5,44,3.6,4.7,18,65,91,2,2,0,1.3,0,2
6:19,1,1,1,3.3,42,3.7,4.7,18,67,91,2,2,0,1.3,0,2
6:20,1,1,1,3.1,40,3.8,4.6,18,69,91,2,2,0,1.4,0,2
6:21,1,1,1,2.9,38,3.8,4.6,18,71,91,2,2,0,1.4,0,2
6:22,1,1,1,2.7,36,3.9,4.5,18,73,91,2,2,0,1.5,0,2
6:23,1,1,1,2.5,35,4,4.5,18,75,91,2,2,0,1.5,0,2
6:24,1,1,1,2.3,33,4.1,4.5,18,76,91,2,2,0,1.5,0,2
6:25,1,1,1,2.1,31,4.2,4.4,18,78,91,2,2,0,1.6,0,2
6:26,1,1,1,1.9,29,4.2,4.4,18,80,91,2,2,0,1.6,0,2
6:27,1,1,1,1.7,27,4.3,4.3,18,82,91,2,2,0,1.7,0,2
6:28,1,1,1,1.5,25,4.4,4.3,18,84,91,2,2,0,1.7,0,2
6:29,1,1,1,1.3,23,4.5,4.3,18,86,91,2,2,0,1.7,0,2
6:30,1,1,1,1.2,21,4.5,4.2,18,88,91,2,2,0,1.8,0,2
6:31,1,1,1,1,19,4.6,4.2,18,90,91,2,2,0,1.8,0,2
6:32,1,1,1,0.8,17,4.7,4.2,18,92,91,2,2,0,1.8,0,2
6:33,1,1,1,0.6,15,4.8,4.1,18,94,91,2,2,0,1.9,0,2
6:34,1,1,1,0.4,13,4.8,4.1,18,96,91,2,2,0,1.9,0,2
6:35,1,1,1,0.2,11,4.9,4,19,98,91,2,2,0,2,0,2
6:36,1,1,1,0,10,5,4,19,100,91,2,2,0,2,0,2
6:37,1,1,1,0,9.6,5,4,19,97,91,2,2,0,2,0,2
6:38,1,1,1,0,9.3,4.9,4,19,94,90,1.9,1.9,0,2,0,2
6:39,1,1,1,0,8.9,4.9,4,19,91,90,1.9,1.9,0,2,0,2
6:40,1,1,1,0,8.5,4.9,4,19,88,90,1.9,1.9,0,2,0,2
6:41,1,1,1,0,8.1,4.8,4,19,85,90,1.8,1.8,0,2,0,2
6:42,1,1,1,0,7.8,4.8,4,19,82,90,1.8,1.8,0,2,0,2
6:43,1,1,1,0,7.4,4.7,4,19,79,90,1.7,1.7,0,2,0,2
6:44,1,1,1,0,7,4.7,4,19,76,90,1.7,1.7,0,2,0,2
6:45,1,1,1,0,6.7,4.7,4,19,73,90,1.7,1.7,0,2,0,2
6:46,1,1,1,0,6.3,4.6,4,19,70,90,1.6,1.6,0,2,0,2
6:47,1,1,1,0,5.9,4.6,4,19,67,90,1.6,1.6,0,2,0,2
6:48,1,1,1,0,5.6,4.6,4,19,64,90,1.6,1.6,0,2,0,2
6:49,1,1,1,0,5.2,4.5,4,19,61,90,1.5,1.5,0,2,0,2
6:50,1,1,1,0,4.8,4.5,4,19,58,90,1.5,1.5,0,2,0,2
6:51,1,1,1,0,4.4,4.4,4,19,55,90,1.4,1.4,0,2,0,2
6:52,1,1,1,0,4.1,4.4,4,19,52,90,1.4,1.4,0,2,0,2
6:53,1,1,1,0,3.7,4.4,4,19,49,90,1.4,1.4,0,2,0,2
6:54,1,1,1,0,3.3,4.3,4,19,46,90,1.3,1.3,0,2,0,2
6:55,1,1,1,0,3,4.3,4,19,43,90,1.3,1.3,0,2,0,2
6:56,1,1,1,0,2.6,4.3,4,19,40,90,1.3,1.3,0,2,0,2
6:57,1,1,1,0,2.2,4.2,4,19,37,90,1.2,1.2,0,2,0,2
6:58,1,1,1,0,1.9,4.2,4,19,34,90,1.2,1.2,0,2,0,2
6:59,1,1,1,0,1.5,4.1,4,19,31,90,1.1,1.1,0,2,0,2
7:00,1,1,1,0,1.1,4.1,4,19,28,90,1.1,1.1,0,2,0,2
7:01,1,1,1,0,0.7,4.1,4,19,25,90,1.1,1.1,0,2,0,2
7:02,1,1,1,0,0.4,4,4,19,22,90,1,1,0,2,0,2
7:03,1,1,1,0,0,4,4,19,19,90,1,1,0,2,0,2
7:04,1,1,1,0,0,4,4,19,18,90,1,1,0,2,0,2
7:05,1,1,1,0,0,4.1,4,18,18,89,0.9,0.9,0,2,0,2
7:06,1,1,1,0,0,4.1,4,18,18,89,0.9,0.9,0,2,0,2
7:07,1,1,1,0,0,4.1,4,18,18,89,0.9,0.9,0,2,0,2
7:08,1,1,1,0,0,4.2,4,18,18,89,0.8,0.8,0,2,0,2
7:09,1,1,1,0,0,4.2,4,18,18,89,0.8,0.8,0,2,0,2
7:10,1,1,1,0,0,4.2,4,18,18,89,0.8,0.8,0,2,0,2
7:11,1,1,1,0,0,4.3,4,18,18,89,0.7,0.7,0,2,0,2
7:12,1,1,1,0,0,4.3,4,18,18,89,0.7,0.7,0,2,0,2
7:13,1,1,1,0,0,4.4,4,18,18,89,0.6,0.6,0,2,0,2
7:14,1,1,1,0,0,4.4,4,18,18,89,0.6,0.6,0,2,0,2
7:15,1,1,1,0,0,4.4,4,18,18,89,0.6,0.6,0,2,0,2
7:16,1,1,1,0,0,4.5,4,18,18,89,0.5,0.5,0,2,0,2
7:17,1,1,1,0,0,4.5,4,18,18,89,0.5,0.5,0,2,0,2
7:18,1,1,1,0,0,4.5,4,18,17,89,0.5,0.5,0,2,0,2
7:19,1,1,1,0,0,4.6,4,18,17,89,0.4,0.4,0,2,0,2
7:20,1,1,1,0,0,4.6,4,18,17,89,0.4,0.4,0,2,0,2
7:21,1,1,1,0,0,4.6,4,18,17,89,0.4,0.4,0,2,0,2
7:22,1,1,1,0,0,4.7,4,18,17,89,0.3,0.3,0,2,0,2
7:23,1,1,1,0,0,4.7,4,18,17,89,0.3,0.3,0,2,0,2
7:24,1,1,1,0,0,4.7,4,18,17,89,0.3,0.3,0,2,0,2
7:25,1,1,1,0,0,4.8,4,18,17,89,0.2,0.2,0,2,0,2
7:26,1,1,1,0,0,4.8,4,18,17,89,0.2,0.2,0,2,0,2
7:27,1,1,1,0,0,4.9,4,18,17,89,0.1,0.1,0,2,0,2
7:28,1,1,1,0,0,4.9,4,18,17,89,0.1,0.1,0,2,0,2
7:29,1,1,1,0,0,4.9,4,18,17,89,0.1,0.1,0,2,0,2
7:30,1,1,1,0,0,5,4,18,17,89,0,0,0,2,0,2
7:31,1,1,1,0,0,5,4,18,17,89,0,0,0,2,0,2
7:32,1,1,1,0,1.9,4.9,4,18,17,87,0,0,0.1,2,0,2
7:33,1,1,1,0,3.7,4.9,4,18,17,86,0,0,0.1,1.9,0,2
7:34,1,1,1,0,5.6,4.8,4,18,17,85,0,0,0.2,1.9,0,2
7:35,1,1,1,0,7.4,4.7,4,18,17,84,0,0,0.3,1.9,0,2
7:36,1,1,1,0,9.3,4.6,4,18,17,83,0,0,0.4,1.8,0,2
7:37,1,1,1,0,11,4.6,4,18,17,82,0,0,0.4,1.8,0,2
7:38,1,1,1,0,13,4.5,4,18,17,81,0,0,0.5,1.7,0,2
7:39,1,1,1,0,14,4.4,4,18,17,80,0,0,0.6,1.7,0,2
7:40,1,1,1,0,16,4.3,4,18,17,79,0,0,0.7,1.7,0,2
7:41,1,1,1,0,18,4.3,4,18,17,78,0,0,0.7,1.6,0,2
7:42,1,1,1,0,20,4.2,4,18,17,77,0,0,0.8,1.6,0,2
7:43,1,1,1,0,22,4.1,4,18,17,76,0,0,0.9,1.6,0,2
7:44,1,1,1,0,24,4,4,18,17,75,0,0,1,1.5,0,2
7:45,1,1,1,0,25,4,4,18,17,74,0,0,1,1.5,0,2
7:46,1,1,1,0,27,3.9,4,18,17,72,0,0,1.1,1.4,0,2
7:47,1,1,1,0,29,3.8,4,18,17,71,0,0,1.2,1.4,0,2
7:48,1,1,1,0,31,3.7,4,18,17,70,0,0,1.3,1.4,0,2
7:49,1,1,1,0,33,3.7,4,18,17,69,0,0,1.3,1.3,0,2
7:50,1,1,1,0,35,3.6,4,18,17,68,0,0,1.4,1.3,0,2
7:51,1,1,1,0,37,3.5,4,18,17,67,0,0,1.5,1.3,0,2
7:52,1,1,1,0,38,3.4,4,18,17,66,0,0,1.6,1.2,0,2
7:53,1,1,1,0,40,3.4,4,18,17,65,0,0,1.6,1.2,0,2
7:54,1,1,1,0,42,3.3,4,18,17,64,0,0,1.7,1.1,0,2
7:55,1,1,1,0,44,3.2,4,18,17,63,0,0,1.8,1.1,0,2
7:56,1,1,1,0,46,3.1,4,18,17,62,0,0,1.9,1.1,0,2
7:57,1,1,1,0,48,3.1,4,18,17,61,0,0,1.9,1,0,2
7:58,1,1,1,0,50,3,4,18,17,60,0,0,2,1,0,2
7:59,0,0,0,0,0,0,0,0,0,0,1,1,2,1,2,2
8:00,0,0,0,0,0,0,0,0,0,0,1,1,2,1,2,2
8:01,0,0,0,0,0,0,0,0,0,0,1,1,2,1,2,2
8:02,0,0,0,0,0,0,0,0,0,0,1,1,2,1,2,2
8:03,0,0,0,0,0,0,0,0,0,0,1,1,2,1,2,2
8:04,0,0,0,0,0,0,0,0,0,0,1,1,2,1,2,2
8:05,0,0,0,0,0,0,0,0,0,0,1,1,2,1,2,2
8:06,0,0,0,0,0,0,0,0,0,0,1,1,2,1,2,2
8:07,0,0,0,0,0,0,0,0,0,0,1,1,2,1,2,2
8:08,0,0,0,0,0,0,0,0,0,0,1,1,2,1,2,2
8:09,0,0,0,0,0,0,0,0,0,0,1,1,2,1,2,2
8:10,0,0,0,0,0,0,0,0,0,0,1,1,2,1,2,2
8:11,0,0,0,0,0,0,0,0,0,0,1,1,2,1,2,2
8:12,0,0,0,0,0,0,0,0,0,0,1,1,2,1,2,2
8:13,0,0,0,0,0,0,0,0,0,0,1,1,2,1,2,2
8:14,0,0,0,0,0,0,0,0,0,0,1,1,2,1,2,2
8:15,0,0,0,0,0,0,0,0,0,0,1,1,2,1,2,2
8:16,1,1,1,0,50,3,4,18,17,59,0,0,2,1,0,2
8:17,1,1,1,0,52,3.1,4.1,18,17,58,0,0,1.9,1,0,2
8:18,1,1,1,0,54,3.1,4.1,18,17,58,0,0,1.9,0.9,0,2
8:19,1,1,1,0,57,3.2,4.2,18,17,58,0,0,1.8,0.9,0,2
8:20,1,1,1,0,59,3.2,4.2,18,17,58,0,0,1.8,0.8,0,2
8:21,1,1,1,0,62,3.3,4.3,18,17,58,0,0,1.7,0.8,0,2
8:22,1,1,1,0,64,3.4,4.4,18,17,58,0,0,1.6,0.8,0,2
8:23,1,1,1,0,67,3.4,4.4,18,17,58,0,0,1.6,0.7,0,2
8:24,1,1,1,0,69,3.5,4.5,18,17,58,0,0,1.5,0.7,0,2
8:25,1,1,1,0,72,3.5,4.5,18,17,58,0,0,1.5,0.6,0,2
8:26,1,1,1,0,74,3.6,4.6,18,17,58,0,0,1.4,0.6,0,2
8:27,1,1,1,0,77,3.6,4.6,18,17,58,0,0,1.4,0.5,0,2
8:28,1,1,1,0,79,3.7,4.7,18,17,58,0,0,1.3,0.5,0,2
8:29,1,1,1,0,82,3.8,4.8,18,17,58,0,0,1.2,0.5,0,2
8:30,1,1,1,0,84,3.8,4.8,18,17,58,0,0,1.2,0.4,0,2
8:31,1,1,1,0,87,3.9,4.9,18,17,58,0,0,1.1,0.4,0,2
8:32,1,1,1,0,89,3.9,4.9,18,17,58,0,0,1.1,0.3,0,2
8:33,1,1,1,0,92,4,5,18,18,58,0,0,1,0.3,0,0
8:34,1,1,1,0,91,4,5,18,18,58,0,0,1,0.3,0,0
8:35,1,1,1,0,91,3.9,4.9,18,17,57,0,0,0.9,0.3,0,0
8:36,1,1,1,0,91,3.9,4.9,18,17,57,0,0,0.9,0.3,0,0
8:37,1,1,1,0,91,3.8,4.8,18,17,57,0,0,0.8,0.2,0,0
8:38,1,1,1,0,91,3.8,4.8,18,17,57,0,0,0.8,0.2,0,0
8:39,1,1,1,0,91,3.8,4.7,18,17,57,0,0,0.8,0.2,0,0
8:40,1,1,1,0,91,3.7,4.7,18,17,57,0,0,0.7,0.2,0,0
8:41,1,1,1,0,91,3.7,4.7,18,17,57,0,0,0.7,0.2,0,0
8:42,1,1,1,0,91,3.6,4.6,18,17,57,0,0,0.6,0.2,0,0
8:43,1,1,1,0,91,3.6,4.6,18,17,57,0,0,0.6,0.2,0,0
8:44,1,1,1,0,91,3.5,4.5,18,17,57,0,0,0.5,0.2,0,0
8:45,1,1,1,0,91,3.5,4.5,18,17,57,0,0,0.5,0.1,0,0
8:46,1,1,1,0,90,3.5,4.5,18,17,57,0,0,0.5,0.1,0,0
8:47,1,1,1,0,90,3.4,4.4,18,17,57,0,0,0.4,0.1,0,0
8:48,1,1,1,0,90,3.4,4.4,18,17,57,0,0,0.4,0.1,0,0
8:49,1,1,1,0,90,3.3,4.3,18,17,57,0,0,0.3,0.1,0,0
8:50,1,1,1,0,90,3.3,4.3,18,17,57,0,0,0.3,0.1,0,0
8:51,1,1,1,0,90,3.3,4.2,18,17,57,0,0,0.3,0.1,0,0
8:52,1,1,1,0,90,3.2,4.2,18,17,57,0,0,0.2,0.1,0,0
8:53,1,1,1,0,90,3.2,4.2,18,17,57,0,0,0.2,0,0,0
8:54,1,1,1,0,90,3.1,4.1,18,17,57,0,0,0.1,0,0,0
8:55,1,1,1,0,90,3.1,4.1,18,17,57,0,0,0.1,0,0,0
8:56,1,1,1,0,90,3,4,18,17,57,0,0,0,0,0,0
8:57,1,1,1,0,90,3,4,18,17,57,0,0,0,0,0,0
8:58,1,1,1,0.4,90,3,4,18,17,55,0,0,0.1,0,0,0
8:59,1,1,1,0.8,90,3,4,18,17,54,0,0,0.2,0,0,0
9:00,1,1,1,1.2,90,3,4,18,17,52,0,0,0.2,0,0,0
9:01,1,1,1,1.5,90,3,4,18,17,51,0,0,0.3,0,0,0
9:02,1,1,1,1.9,90,3,4,18,17,49,0,0,0.4,0,0,0
9:03,1,1,1,2.3,90,3,4,18,17,48,0,0,0.5,0,0,0
9:04,1,1,1,2.7,90,3,4,18,17,47,0,0,0.5,0,0,0
9:05,1,1,1,3.1,90,3,4,18,17,45,0,0,0.6,0,0,0
9:06,1,1,1,3.5,91,3,4,18,17,44,0,0,0.7,0,0,0
9:07,1,1,1,3.8,91,3,4,18,17,42,0,0,0.8,0,0,0
9:08,1,1,1,4.2,91,3,4,18,17,41,0,0,0.8,0,0,0
9:09,1,1,1,4.6,91,3,4,18,17,39,0,0,0.9,0,0,0
9:10,1,1,1,5,91,3,4,18,17,38,0,0,1,0,0,0
9:11,1,1,1,5.4,91,3,4,18,17,37,0,0,1.1,0,0,0
9:12,1,1,1,5.8,91,3,4,18,17,35,0,0,1.2,0,0,0
9:13,1,1,1,6.2,91,3,4,18,17,34,0,0,1.2,0,0,0
9:14,1,1,1,6.5,92,3,4,18,17,32,0,0,1.3,0,0,0
9:15,1,1,1,6.9,92,3,4,18,17,31,0,0,1.4,0,0,0
9:16,1,1,1,7.3,92,3,4,18,17,30,0,0,1.5,0,0,0
9:17,1,1,1,7.7,92,3,4,18,17,28,0,0,1.5,0,0,0
9:18,1,1,1,8.1,92,3,4,18,17,27,0,0,1.6,0,0,0
9:19,1,1,1,8.5,92,3,4,18,17,25,0,0,1.7,0,0,0
9:20,1,1,1,8.8,92,3,4,18,17,24,0,0,1.8,0,0,0
9:21,1,1,1,9.2,92,3,4,18,17,22,0,0,1.8,0,0,0
9:22,1,1,1,9.6,92,3,4,18,17,21,0,0,1.9,0,0,0
9:23,1,1,1,10,93,3,4,18,17,20,0,0,2,0,0,2
9:24,1,1,1,10,93,3.2,4,18,17,20,0,0,2,0,0,2
9:25,1,1,1,11,93,3.4,4,18,17,19,0.1,0.1,1.9,0,0,2
9:26,1,1,1,12,93,3.6,4,18,17,19,0.1,0.1,1.9,0,0,2
9:27,1,1,1,13,93,3.8,4,18,17,19,0.2,0.2,1.8,0,0,2
9:28,1,1,1,14,93,4,4,18,17,19,0.2,0.2,1.8,0,0,2
9:29,1,1,1,14,93,4.2,4,18,17,19,0.2,0.2,1.8,0,0,2
9:30,1,1,1,15,93,4.4,4,18,17,19,0.3,0.3,1.7,0,0,2
9:31,1,1,1,16,93,4.6,4,18,17,19,0.3,0.3,1.7,0,0,2
9:32,1,1,1,17,93,4.8,4,18,17,19,0.4,0.4,1.6,0,0,2
9:33,1,1,1,18,93,5,4,18,17,19,0.4,0.4,1.6,0,0,2
9:34,1,1,1,18,93,5.2,4,18,17,19,0.4,0.4,1.6,0,0,2
9:35,1,1,1,19,93,5.4,4,19,17,19,0.5,0.5,1.5,0,0,2
9:36,1,1,1,20,93,5.6,4,19,17,19,0.5,0.5,1.5,0,0,2
9:37,1,1,1,21,93,5.8,4,19,17,19,0.6,0.6,1.4,0,0,2
9:38,1,1,1,22,93,6,4,19,17,19,0.6,0.6,1.4,0,0,2
9:39,1,1,1,22,93,6.2,4,19,17,19,0.6,0.6,1.4,0,0,2
9:40,1,1,1,23,93,6.4,4,19,17,19,0.7,0.7,1.3,0,0,2
9:41,1,1,1,24,93,6.6,4,19,17,19,0.7,0.7,1.3,0,0,2
9:42,1,1,1,25,93,6.8,4,19,17,19,0.8,0.8,1.2,0,0,2
9:43,1,1,1,26,93,7,4,19,17,19,0.8,0.8,1.2,0,0,2
9:44,1,1,1,26,93,7.2,4,19,17,19,0.8,0.8,1.2,0,0,2
9:45,1,1,1,27,93,7.4,4,19,17,19,0.9,0.9,1.1,0,0,2
9:46,1,1,1,28,93,7.6,4,19,17,19,0.9,0.9,1.1,0,0,2
9:47,1,1,1,29,93,7.8,4,19,17,19,1,1,1,0,0,2
9:48,1,1,1,30,93,8,4,20,17,19,1,1,1,0,0,0
9:49,1,1,1,30,93,8,4,20,17,19,1,1,1,0,0,0
9:50,1,1,1,30,93,8.1,4,21,17,19,1,1,1,0,0,0
9:51,1,1,1,31,93,8.1,4,22,17,18,1.1,1.1,0.9,0,0,0
9:52,1,1,1,31,93,8.2,4,22,17,18,1.1,1.1,0.9,0,0,0
9:53,1,1,1,32,93,8.2,4,23,17,18,1.1,1.1,0.9,0,0,0
9:54,1,1,1,32,93,8.3,4,24,17,18,1.1,1.1,0.9,0,0,0
9:55,1,1,1,33,93,8.3,4,24,17,18,1.2,1.2,0.8,0,0,0
9:56,1,1,1,33,93,8.4,4,25,17,18,1.2,1.2,0.8,0,0,0
9:57,1,1,1,34,93,8.4,4,26,17,18,1.2,1.2,0.8,0,0,0
9:58,1,1,1,34,93,8.5,4,26,17,18,1.2,1.2,0.8,0,0,0
9:59,1,1,1,35,93,8.5,4,27,17,18,1.2,1.2,0.8,0,0,0
10:00,1,1,1,35,93,8.5,4,28,17,18,1.3,1.3,0.7,0,0,0
10:01,1,1,1,35,93,8.6,4,28,17,18,1.3,1.3,0.7,0,0,0
10:02,1,1,1,36,93,8.6,4,29,17,18,1.3,1.3,0.7,0,0,0
10:03,1,1,1,36,93,8.7,4,30,17,18,1.3,1.3,0.7,0,0,0
10:04,1,1,1,37,93,8.7,4,30,17,18,1.4,1.4,0.6,0,0,0
10:05,1,1,1,37,93,8.8,4,31,17,18,1.4,1.4,0.6,0,0,0
10:06,1,1,1,38,93,8.8,4,32,17,18,1.4,1.4,0.6,0,0,0
10:07,1,1,1,38,93,8.9,4,33,17,18,1.4,1.4,0.6,0,0,0
10:08,1,1,1,39,93,8.9,4,33,17,18,1.5,1.5,0.5,0,0,0
10:09,1,1,1,39,93,9,4,34,17,18,1.5,1.5,0.5,0,0,0
10:10,1,1,1,40,93,9,4,35,17,18,1.5,1.5,0.5,0,0,0
10:11,1,1,1,40,93,9,4,35,17,18,1.5,1.5,0.5,0,0,0
10:12,1,1,1,40,93,9.1,4,36,17,18,1.5,1.5,0.5,0,0,0
10:13,1,1,1,41,93,9.1,4,37,17,18,1.6,1.6,0.4,0,0,0
10:14,1,1,1,41,93,9.2,4,37,17,18,1.6,1.6,0.4,0,0,0
10:15,1,1,1,42,93,9.2,4,38,17,18,1.6,1.6,0.4,0,0,0
10:16,1,1,1,42,93,9.3,4,39,17,18,1.6,1.6,0.4,0,0,0
10:17,1,1,1,43,93,9.3,4,39,17,18,1.7,1.7,0.3,0,0,0
10:18,1,1,1,43,93,9.4,4,40,17,18,1.7,1.7,0.3,0,0,0
10:19,1,1,1,44,93,9.4,4,41,17,18,1.7,1.7,0.3,0,0,0
10:20,1,1,1,44,93,9.5,4,41,17,18,1.7,1.7,0.3,0,0,0
10:21,1,1,1,45,93,9.5,4,42,17,18,1.7,1.7,0.3,0,0,0
10:22,1,1,1,45,93,9.5,4,43,17,18,1.8,1.8,0.2,0,0,0
10:23,1,1,1,45,93,9.6,4,43,17,18,1.8,1.8,0.2,0,0,0
10:24,1,1,1,46,93,9.6,4,44,17,18,1.8,1.8,0.2,0,0,0
10:25,1,1,1,46,93,9.7,4,45,17,18,1.8,1.8,0.2,0,0,0
10:26,1,1,1,47,93,9.7,4,45,17,18,1.9,1.9,0.1,0,0,0
10:27,1,1,1,47,93,9.8,4,46,17,18,1.9,1.9,0.1,0,0,0
10:28,1,1,1,48,93,9.8,4,47,17,18,1.9,1.9,0.1,0,0,0
10:29,1,1,1,48,93,9.9,4,48,17,18,1.9,1.9,0.1,0,0,0
10:30,1,1,1,49,93,9.9,4,48,17,18,2,2,0,0,0,0
10:31,1,1,1,49,93,10,4,49,17,18,2,2,0,0,0,0
10:32,1,1,1,50,93,10,4,50,17,18,2,2,0,0,0,2
10:33,1,1,1,50,93,9.9,4,49,17,18,2,2,0,0,0,2
10:34,1,1,1,51,93,9.8,4,48,17,17,2,1.9,0,0,0,2
10:35,1,1,1,52,93,9.8,4,47,17,17,2,1.9,0,0,0,2
10:36,1,1,1,53,93,9.7,4,46,17,17,2,1.9,0,0,0,2
10:37,1,1,1,53,93,9.6,4,46,17,17,2,1.9,0,0,0,2
10:38,1,1,1,54,93,9.5,4,45,17,17,2,1.8,0,0,0,2
10:39,1,1,1,55,93,9.5,4,44,17,17,2,1.8,0,0,0,2
10:40,1,1,1,56,93,9.4,4,43,17,17,2,1.8,0,0,0,2
10:41,1,1,1,56,93,9.3,4,42,17,17,2,1.8,0,0,0,2
10:42,1,1,1,57,93,9.2,4,42,17,17,2,1.7,0,0,0,2
10:43,1,1,1,58,93,9.2,4,41,17,17,2,1.7,0,0,0,2
10:44,1,1,1,59,93,9.1,4,40,17,17,2,1.7,0,0,0,2
10:45,1,1,1,60,93,9,4,39,17,17,2,1.7,0,0,0,2
10:46,1,1,1,60,93,8.9,4,38,17,17,2,1.6,0,0,0,2
10:47,1,1,1,61,93,8.8,4,38,17,17,2,1.6,0,0,0,2
10:48,1,1,1,62,93,8.8,4,37,17,17,2,1.6,0,0,0,2
10:49,1,1,1,63,93,8.7,4,36,17,17,2,1.6,0,0,0,2
10:50,1,1,1,63,93,8.6,4,35,17,17,2,1.5,0,0,0,2
10:51,1,1,1,64,93,8.5,4,34,17,17,2,1.5,0,0,0,2
10:52,1,1,1,65,93,8.5,4,34,17,17,2,1.5,0,0,0,2
10:53,1,1,1,66,93,8.4,4,33,17,17,2,1.5,0,0,0,2
10:54,1,1,1,66,93,8.3,4,32,17,17,2,1.4,0,0,0,2
10:55,1,1,1,67,93,8.2,4,31,17,17,2,1.4,0,0,0,2
10:56,1,1,1,68,93,8.2,4,30,17,17,2,1.4,0,0,0,2
10:57,1,1,1,69,93,8.1,4,30,17,17,2,1.4,0,0,0,2
10:58,1,1,1,70,93,8,4,29,17,17,2,1.3,0,0,0,2
10:59,1,1,1,70,93,7.9,4,28,17,17,2,1.3,0,0,0,2
11:00,1,1,1,71,93,7.8,4,27,17,17,2,1.3,0,0,0,2
11:01,1,1,1,72,93,7.8,4,26,17,17,2,1.3,0,0,0,2
11:02,1,1,1,73,93,7.7,4,26,17,17,2,1.2,0,0,0,2
11:03,1,1,1,73,93,7.6,4,25,17,17,2,1.2,0,0,0,2
11:04,1,1,1,74,93,7.5,4,24,17,17,2,1.2,0,0,0,2
11:05,1,1,1,75,93,7.5,4,23,17,17,2,1.2,0,0,0,2
11:06,1,1,1,76,93,7.4,4,23,17,17,2,1.1,0,0,0,2
11:07,1,1,1,76,93,7.3,4,22,17,17,2,1.1,0,0,0,2
11:08,1,1,1,77,93,7.2,4,21,17,17,2,1.1,0,0,0,2
11:09,1,1,1,78,93,7.2,4,20,17,17,2,1.1,0,0,0,2
11:10,1,1,1,79,93,7.1,4,19,18,17,2,1,0,0,0,2
11:11,1,1,1,80,93,7,4,19,18,17,2,1,0,0,0,2
11:12,1,1,1,80,93,6.9,4,19,18,17,1.9,1,0,0,0,2
11:13,1,1,1,81,93,6.9,4,19,17,16,1.9,0.9,0,0,0,2
11:14,1,1,1,82,93,6.8,4,19,17,16,1.8,0.9,0,0,0,2
11:15,1,1,1,83,93,6.7,4,19,17,16,1.7,0.9,0,0,0,2
11:16,1,1,1,83,93,6.6,4,19,17,16,1.6,0.8,0,0,0,2
11:17,1,1,1,84,93,6.6,4,19,17,16,1.6,0.8,0,0,0,2
11:18,1,1,1,85,93,6.5,4,19,17,16,1.5,0.7,0,0,0,2
11:19,1,1,1,85,93,6.4,4,19,17,16,1.4,0.7,0,0,0,2
11:20,1,1,1,86,93,6.3,4,19,17,16,1.3,0.7,0,0,0,2
11:21,1,1,1,87,93,6.3,4,19,17,16,1.3,0.6,0,0,0,2
11:22,1,1,1,88,93,6.2,4,19,17,16,1.2,0.6,0,0,0,2
11:23,1,1,1,88,93,6.1,4,19,17,16,1.1,0.6,0,0,0,2
11:24,1,1,1,89,93,6,4,19,17,16,1,0.5,0,0,0,2
11:25,1,1,1,90,93,6,4,19,17,16,1,0.5,0,0,0,2
11:26,1,1,1,91,93,5.9,4,19,17,16,0.9,0.4,0,0,0,2
11:27,1,1,1,91,93,5.8,4,19,17,16,0.8,0.4,0,0,0,2
11:28,1,1,1,92,93,5.7,4,19,17,16,0.7,0.4,0,0,0,2
11:29,1,1,1,93,93,5.7,4,19,17,16,0.7,0.3,0,0,0,2
11:30,1,1,1,94,93,5.6,4,19,17,16,0.6,0.3,0,0,0,2
11:31,1,1,1,94,93,5.5,4,19,17,16,0.5,0.3,0,0,0,2
11:32,1,1,1,95,93,5.4,4,19,17,16,0.4,0.2,0,0,0,2
11:33,1,1,1,96,93,5.4,4,19,17,16,0.4,0.2,0,0,0,2
11:34,1,1,1,97,93,5.3,4,19,17,16,0.3,0.1,0,0,0,2
11:35,1,1,1,97,93,5.2,4,19,17,16,0.2,0.1,0,0,0,2
11:36,1,1,1,98,93,5.1,4,19,17,16,0.1,0.1,0,0,0,2
11:37,1,1,1,99,94,5.1,4,20,17,16,0.1,0,0,0,0,2
11:38,1,1,1,100,94,5,4,20,17,16,0,0,0,0,0,0
11:39,1,1,1,100,93,5,4,19,17,16,0,0,0,0,0,0
11:40,1,1,1,101,93,4.9,3.9,19,17,15,0,0,0,0,0,0
11:41,1,1,1,102,93,4.9,3.9,19,17,15,0,0,0,0,0,0
11:42,1,1,1,103,93,4.9,3.9,19,17,15,0,0,0,0,0,0
11:43,1,1,1,104,93,4.9,3.9,19,17,15,0,0,0,0,0,0
11:44,1,1,1,104,93,4.8,3.8,19,17,15,0,0,0,0,0,0
11:45,1,1,1,105,93,4.8,3.8,19,17,15,0,0,0,0,0,0
11:46,1,1,1,106,93,4.8,3.8,19,17,15,0,0,0,0,0,0
11:47,1,1,1,107,93,4.8,3.8,19,17,15,0,0,0,0,0,0
11:48,1,1,1,108,92,4.7,3.7,19,17,15,0,0,0,0,0,0
11:49,1,1,1,108,92,4.7,3.7,19,17,15,0,0,0,0,0,0
11:50,1,1,1,109,92,4.7,3.7,19,17,15,0,0,0,0,0,0
11:51,1,1,1,110,92,4.6,3.6,19,17,15,0,0,0,0,0,0
11:52,1,1,1,111,92,4.6,3.6,19,17,15,0,0,0,0,0,0
11:53,1,1,1,112,92,4.6,3.6,19,17,15,0,0,0,0,0,0
11:54,1,1,1,113,92,4.6,3.6,19,17,15,0,0,0,0,0,0
11:55,1,1,1,113,92,4.5,3.5,19,17,15,0,0,0,0,0,0
11:56,1,1,1,114,92,4.5,3.5,19,17,15,0,0,0,0,0,0
11:57,1,1,1,115,91,4.5,3.5,19,17,15,0,0,0,0,0,0
11:58,1,1,1,116,91,4.5,3.5,18,17,15,0,0,0,0,0,0
11:59,1,1,1,117,91,4.4,3.4,18,17,15,0,0,0,0,0,0
12:00,1,1,1,117,91,4.4,3.4,18,17,15,0,0,0,0,0,0
12:01,1,1,1,118,91,4.4,3.4,18,17,15,0,0,0,0,0,0
12:02,1,1,1,119,91,4.4,3.4,18,17,15,0,0,0,0,0,0
12:03,1,1,1,120,91,4.3,3.3,18,17,15,0,0,0,0,0,0
12:04,1,1,1,121,91,4.3,3.3,18,17,15,0,0,0,0,0,0
12:05,1,1,1,121,91,4.3,3.3,18,17,15,0,0,0,0,0,0
12:06,1,1,1,122,91,4.2,3.2,18,17,15,0,0,0,0,0,0
12:07,1,1,1,123,90,4.2,3.2,18,17,15,0,0,0,0,0,0
12:08,1,1,1,124,90,4.2,3.2,18,17,15,0,0,0,0,0,0
12:09,1,1,1,125,90,4.2,3.2,18,17,15,0,0,0,0,0,0
12:10,1,1,1,125,90,4.1,3.1,18,17,15,0,0,0,0,0,0
12:11,1,1,1,126,90,4.1,3.1,18,17,15,0,0,0,0,0,0
12:12,1,1,1,127,90,4.1,3.1,18,17,15,0,0,0,0,0,0
12:13,1,1,1,128,90,4.1,3.1,18,17,15,0,0,0,0,0,0
12:14,1,1,1,129,90,4,3,18,17,15,0,0,0,0,0,0
12:15,1,1,1,130,90,4,3,18,17,15,0,0,0,0,0,0
12:16,1,1,1,130,90,4,3,18,17,15,0,0,0,0,0,0
12:17,1,1,1,130,90,4,3,18,17,15,0,0,0,0,0,0
12:18,1,1,1,130,90,4,3,18,17,15,0,0,0,0,0,0
12:19,1,1,1,130,90,4,3.1,18,17,15,0,0,0,0,0,0
12:20,1,1,1,130,90,4,3.1,18,17,15,0,0,0,0,0,0
12:21,1,1,1,131,90,4,3.1,18,17,15,0,0,0,0,0,0
12:22,1,1,1,131,90,3.9,3.1,18,17,14,0,0,0,0,0,0
12:23,1,1,1,131,90,3.9,3.1,18,17,14,0,0,0,0,0,0
12:24,1,1,1,131,90,3.9,3.1,18,17,14,0,0,0,0,0,0
12:25,1,1,1,131,90,3.9,3.1,18,17,14,0,0,0,0,0,0
12:26,1,1,1,131,90,3.9,3.2,18,17,14,0,0,0,0,0,0
12:27,1,1,1,132,90,3.9,3.2,18,17,14,0,0,0,0,0,0
12:28,1,1,1,132,90,3.9,3.2,18,17,14,0,0,0,0,0,0
12:29,1,1,1,132,90,3.9,3.2,18,17,14,0,0,0,0,0,0
12:30,1,1,1,132,90,3.9,3.2,18,17,14,0,0,0,0,0,0
12:31,1,1,1,132,90,3.9,3.2,18,17,14,0,0,0,0,0,0
12:32,1,1,1,132,90,3.9,3.3,18,17,14,0,0,0,0,0,0
12:33,1,1,1,133,90,3.9,3.3,18,17,14,0,0,0,0,0,0
12:34,1,1,1,133,90,3.9,3.3,18,17,14,0,0,0,0,0,0
12:35,1,1,1,133,90,3.9,3.3,18,17,14,0,0,0,0,0,0
12:36,1,1,1,133,90,3.8,3.3,18,17,14,0,0,0,0,0,0
12:37,1,1,1,133,90,3.8,3.3,18,17,14,0,0,0,0,0,0
12:38,1,1,1,133,90,3.8,3.3,18,17,14,0,0,0,0,0,0
12:39,1,1,1,133,90,3.8,3.4,18,17,14,0,0,0,0,0,0
12:40,1,1,1,134,90,3.8,3.4,18,17,14,0,0,0,0,0,0
12:41,1,1,1,134,90,3.8,3.4,18,17,14,0,0,0,0,0,0
12:42,1,1,1,134,90,3.8,3.4,18,17,14,0,0,0,0,0,0
12:43,1,1,1,134,90,3.8,3.4,18,17,14,0,0,0,0,0,0
12:44,1,1,1,134,90,3.8,3.4,18,17,14,0,0,0,0,0,0
12:45,1,1,1,134,90,3.8,3.4,18,17,14,0,0,0,0,0,0
12:46,1,1,1,135,90,3.8,3.5,18,17,14,0,0,0,0,0,0
12:47,1,1,1,135,90,3.8,3.5,18,17,14,0,0,0,0,0,0
12:48,1,1,1,135,90,3.8,3.5,18,17,14,0,0,0,0,0,0
12:49,1,1,1,135,90,3.7,3.5,18,17,14,0,0,0,0,0,0
12:50,1,1,1,135,90,3.7,3.5,18,17,14,0,0,0,0,0,0
12:51,1,1,1,135,90,3.7,3.5,18,17,14,0,0,0,0,0,0
12:52,1,1,1,136,90,3.7,3.6,18,17,14,0,0,0,0,0,0
12:53,1,1,1,136,90,3.7,3.6,18,17,14,0,0,0,0,0,0
12:54,1,1,1,136,90,3.7,3.6,18,17,14,0,0,0,0,0,0
12:55,1,1,1,136,90,3.7,3.6,18,17,14,0,0,0,0,0,0
12:56,1,1,1,136,90,3.7,3.6,18,17,14,0,0,0,0,0,0
12:57,1,1,1,136,90,3.7,3.6,18,17,14,0,0,0,0,0,0
12:58,1,1,1,137,90,3.7,3.6,18,18,14,0,0,0,0,0,0
12:59,1,1,1,137,90,3.7,3.7,18,18,14,0,0,0,0,0,0
13:00,1,1,1,137,90,3.7,3.7,18,18,14,0,0,0,0,0,0
13:01,1,1,1,137,90,3.7,3.7,18,18,14,0,0,0,0,0,0
13:02,1,1,1,137,90,3.6,3.7,18,18,14,0,0,0,0,0,0
13:03,1,1,1,137,90,3.6,3.7,18,18,14,0,0,0,0,0,0
13:04,1,1,1,138,90,3.6,3.7,18,18,14,0,0,0,0,0,0
13:05,1,1,1,138,90,3.6,3.7,18,18,14,0,0,0,0,0,0
13:06,1,1,1,138,90,3.6,3.8,18,18,14,0,0,0,0,0,0
13:07,1,1,1,138,90,3.6,3.8,18,18,14,0,0,0,0,0,0
13:08,1,1,1,138,90,3.6,3.8,18,18,14,0,0,0,0,0,0
13:09,1,1,1,138,90,3.6,3.8,18,18,14,0,0,0,0,0,0
13:10,1,1,1,139,90,3.6,3.8,18,18,14,0,0,0,0,0,0
13:11,1,1,1,139,90,3.6,3.8,18,18,14,0,0,0,0,0,0
13:12,1,1,1,139,90,3.6,3.9,18,18,14,0,0,0,0,0,0
13:13,1,1,1,139,90,3.6,3.9,18,18,14,0,0,0,0,0,0
13:14,1,1,1,139,90,3.6,3.9,18,18,14,0,0,0,0,0,0
13:15,1,1,1,139,90,3.6,3.9,18,18,14,0,0,0,0,0,0
13:16,1,1,1,140,90,3.5,3.9,18,18,14,0,0,0,0,0,0
13:17,1,1,1,140,90,3.5,3.9,18,18,14,0,0,0,0,0,0
13:18,1,1,1,140,90,3.5,3.9,18,18,14,0,0,0,0,0,0
13:19,1,1,1,140,91,3.5,4,18,18,14,0,0,0,0,0,0
13:20,1,1,1,140,91,3.5,4,18,18,14,0,0,0,0,0,0
13:21,1,1,1,140,91,3.5,4,18,18,14,0,0,0,0,0,0
13:22,1,1,1,141,91,3.5,4,18,18,14,0,0,0,0,0,0
13:23,1,1,1,141,91,3.5,4,18,18,14,0,0,0,0,0,0
13:24,1,1,1,141,91,3.5,4,18,18,14,0,0,0,0,0,0
13:25,1,1,1,141,91,3.5,4,18,18,14,0,0,0,0,0,0
13:26,1,1,1,141,91,3.5,4.1,18,18,14,0,0,0,0,0,0
13:27,1,1,1,141,91,3.5,4.1,18,18,14,0,0,0,0,0,0
13:28,1,1,1,142,91,3.5,4.1,18,18,14,0,0,0,0,0,0
13:29,1,1,1,142,91,3.4,4.1,18,18,14,0,0,0,0,0,0
13:30,1,1,1,142,91,3.4,4.1,18,18,14,0,0,0,0,0,0
13:31,1,1,1,142,91,3.4,4.1,18,18,14,0,0,0,0,0,0
13:32,1,1,1,142,91,3.4,4.1,18,18,14,0,0,0,0,0,0
13:33,1,1,1,142,91,3.4,4.2,18,18,14,0,0,0,0,0,0
13:34,1,1,1,143,91,3.4,4.2,18,18,14,0,0,0,0,0,0
13:35,1,1,1,143,91,3.4,4.2,18,18,14,0,0,0,0,0,0
13:36,1,1,1,143,91,3.4,4.2,18,18,14,0,0,0,0,0,0
13:37,1,1,1,143,91,3.4,4.2,18,18,14,0,0,0,0,0,0
13:38,1,1,1,143,91,3.4,4.2,18,18,14,0,0,0,0,0,0
13:39,1,1,1,143,91,3.4,4.3,18,18,14,0,0,0,0,0,0
13:40,1,1,1,144,91,3.4,4.3,18,18,14,0,0,0,0,0,0
13:41,1,1,1,144,91,3.4,4.3,18,18,14,0,0,0,0,0,0
13:42,1,1,1,144,91,3.4,4.3,18,18,14,0,0,0,0,0,0
13:43,1,1,1,144,91,3.3,4.3,18,19,14,0,0,0,0,0,0
13:44,1,1,1,144,91,3.3,4.3,18,19,14,0,0,0,0,0,0
13:45,1,1,1,144,91,3.3,4.3,18,19,14,0,0,0,0,0,0
13:46,1,1,1,144,91,3.3,4.4,18,19,14,0,0,0,0,0,0
13:47,1,1,1,145,91,3.3,4.4,18,19,14,0,0,0,0,0,0
13:48,1,1,1,145,91,3.3,4.4,18,19,14,0,0,0,0,0,0
13:49,1,1,1,145,91,3.3,4.4,18,19,14,0,0,0,0,0,0
13:50,1,1,1,145,91,3.3,4.4,18,19,14,0,0,0,0,0,0
13:51,1,1,1,145,91,3.3,4.4,18,19,14,0,0,0,0,0,0
13:52,1,1,1,145,91,3.3,4.4,18,19,14,0,0,0,0,0,0
13:53,1,1,1,146,91,3.3,4.5,18,19,14,0,0,0,0,0,0
13:54,1,1,1,146,91,3.3,4.5,18,19,14,0,0,0,0,0,0
13:55,1,1,1,146,91,3.3,4.5,18,19,14,0,0,0,0,0,0
13:56,1,1,1,146,91,3.2,4.5,18,19,14,0,0,0,0,0,0
13:57,1,1,1,146,91,3.2,4.5,18,19,14,0,0,0,0,0,0
13:58,1,1,1,146,91,3.2,4.5,18,19,14,0,0,0,0,0,0
13:59,1,1,1,147,91,3.2,4.6,18,19,14,0,0,0,0,0,0
14:00,1,1,1,147,91,3.2,4.6,18,19,14,0,0,0,0,0,0
14:01,1,1,1,147,91,3.2,4.6,18,19,14,0,0,0,0,0,0
14:02,1,1,1,147,91,3.2,4.6,18,19,14,0,0,0,0,0,0
14:03,1,1,1,147,91,3.2,4.6,18,19,14,0,0,0,0,0,0
14:04,1,1,1,147,91,3.2,4.6,18,19,14,0,0,0,0,0,0
14:05,1,1,1,148,91,3.2,4.6,18,19,14,0,0,0,0,0,0
14:06,1,1,1,148,91,3.2,4.7,18,19,14,0,0,0,0,0,0
14:07,1,1,1,148,91,3.2,4.7,18,19,14,0,0,0,0,0,0
14:08,1,1,1,148,91,3.2,4.7,18,19,14,0,0,0,0,0,0
14:09,1,1,1,148,91,3.1,4.7,18,19,14,0,0,0,0,0,0
14:10,1,1,1,148,91,3.1,4.7,18,19,14,0,0,0,0,0,0
14:11,1,1,1,149,91,3.1,4.7,18,19,14,0,0,0,0,0,0
14:12,1,1,1,149,91,3.1,4.7,18,19,14,0,0,0,0,0,0
14:13,1,1,1,149,91,3.1,4.8,18,19,14,0,0,0,0,0,0
14:14,1,1,1,149,91,3.1,4.8,18,19,14,0,0,0,0,0,0
14:15,1,1,1,149,91,3.1,4.8,18,19,14,0,0,0,0,0,0
14:16,1,1,1,149,91,3.1,4.8,18,19,14,0,0,0,0,0,0
14:17,1,1,1,150,91,3.1,4.8,18,19,14,0,0,0,0,0,0
14:18,1,1,1,150,91,3.1,4.8,18,19,14,0,0,0,0,0,0
14:19,1,1,1,150,91,3.1,4.9,18,19,14,0,0,0,0,0,0
14:20,1,1,1,150,91,3.1,4.9,18,19,14,0,0,0,0,0,0
14:21,1,1,1,150,91,3.1,4.9,18,19,14,0,0,0,0,0,0
14:22,1,1,1,150,91,3.1,4.9,18,19,14,0,0,0,0,0,0
14:23,1,1,1,151,91,3,4.9,19,19,14,0,0,0,0,0,0
14:24,1,1,1,151,91,3,4.9,19,19,14,0,0,0,0,0,0
14:25,1,1,1,151,91,3,4.9,19,19,14,0,0,0,0,0,0
14:26,1,1,1,151,92,3,5,19,19,14,0,0,0,0,0,0
14:27,1,1,1,151,92,3,5,19,20,14,0,0,0,0,0,0
14:28,1,1,1,151,92,3,5,19,20,14,0,0,0,0,0,0
14:29,1,1,1,152,92,3,5,19,20,14,0,0,0,0,0,0
14:30,1,1,1,149,92,3,5,19,20,13,0,0,0,0,0,0
14:31,1,1,1,147,92,3,5,19,20,13,0,0,0,0,0,0
14:32,1,1,1,144,92,3,5,19,20,13,0,0,0,0,0,0
14:33,1,1,1,142,92,3,5,19,20,13,0,0,0,0,0,0
14:34,1,1,1,139,92,3,5,19,20,13,0,0,0,0,0,0
14:35,1,1,1,137,92,3,5,19,20,13,0,0,0,0,0,0
14:36,1,1,1,134,92,3,5,19,20,13,0,0,0,0,0,0
14:37,1,1,1,132,92,3,5,19,20,13,0,0,0,0,0,0
14:38,1,1,1,129,92,3,5,19,20,13,0,0,0,0,0,0
14:39,1,1,1,127,92,3,5,19,20,13,0,0,0,0,0,0
14:40,1,1,1,124,92,3,5,19,20,13,0,0,0,0,0,0
14:41,1,1,1,122,92,3,5,19,20,13,0,0,0,0,0,0
14:42,1,1,1,120,92,3,5,19,20,13,0,0,0,0,0,0
14:43,1,1,1,117,92,3,5,19,20,12,0,0,0,0,0,0
14:44,1,1,1,115,92,3,5,19,20,12,0,0,0,0,0,0
14:45,1,1,1,112,92,3,5,19,20,12,0,0,0,0,0,0
14:46,1,1,1,110,92,3,5,19,20,12,0,0,0,0,0,0
14:47,1,1,1,107,92,3,5,19,20,12,0,0,0,0,0,0
14:48,1,1,1,105,92,3,5,19,20,12,0,0,0,0,0,0
14:49,1,1,1,102,92,3,5,19,20,12,0,0,0,0,0,0
14:50,1,1,1,100,92,3,5,19,20,12,0,0,0,0,0,0
14:51,1,1,1,97,92,3,5,19,20,12,0,0,0,0,0,0
14:52,1,1,1,95,92,3,5,19,20,12,0,0,0,0,0,0
14:53,1,1,1,92,92,3,5,19,20,12,0,0,0,0,0,0
14:54,1,1,1,90,92,3,5,19,20,12,0,0,0,0,0,0
14:55,1,1,1,87,92,3,5,19,20,12,0,0,0,0,0,0
14:56,1,1,1,85,92,3,5,19,20,12,0,0,0,0,0,0
14:57,1,1,1,82,92,3,5,19,20,12,0,0,0,0,0,0
14:58,1,1,1,80,92,3,5,19,20,12,0,0,0,0,0,0
14:59,1,1,1,77,91,3,5,19,19,12,0,0,0.1,0,0,0
15:00,1,1,1,74,91,3.1,5,19,19,11,0,0,0.1,0,0,0
15:01,1,1,1,71,91,3.1,5,19,19,11,0,0,0.2,0,0,0
15:02,1,1,1,68,91,3.1,5,19,19,11,0,0,0.3,0,0,0
15:03,1,1,1,65,91,3.2,5,19,19,11,0,0,0.4,0,0,0
15:04,1,1,1,62,91,3.2,5,19,19,11,0,0,0.4,0,0,0
15:05,1,1,1,60,91,3.2,5,19,19,11,0,0,0.5,0,0,0
15:06,1,1,1,57,90,3.3,5,19,19,11,0,0,0.6,0,0,0
15:07,1,1,1,54,90,3.3,5,19,19,11,0,0,0.6,0,0,0
15:08,1,1,1,51,90,3.4,5,19,19,11,0,0,0.7,0,0,0
15:09,1,1,1,48,90,3.4,5,19,19,11,0,0,0.8,0,0,0
15:10,1,1,1,45,90,3.4,5,19,19,11,0,0,0.9,0,0,0
15:11,1,1,1,42,90,3.5,5,19,19,11,0,0,0.9,0,0,0
15:12,1,1,1,40,90,3.5,5,19,19,11,0,0,1,0,0,0
15:13,1,1,1,37,89,3.5,5,19,18,11,0,0,1.1,0,0,0
15:14,1,1,1,34,89,3.6,5,19,18,11,0,0,1.1,0,0,0
15:15,1,1,1,31,89,3.6,5,19,18,11,0,0,1.2,0,0,0
15:16,1,1,1,28,89,3.6,5,19,18,11,0,0,1.3,0,0,0
15:17,1,1,1,25,89,3.7,5,19,18,11,0,0,1.4,0,0,0
15:18,1,1,1,22,89,3.7,5,19,18,11,0,0,1.4,0,0,0
15:19,1,1,1,20,89,3.7,5,19,18,11,0,0,1.5,0,0,0
15:20,1,1,1,17,88,3.8,5,19,18,11,0,0,1.6,0,0,0
15:21,1,1,1,14,88,3.8,5,19,18,11,0,0,1.6,0,0,0
15:22,1,1,1,11,88,3.9,5,19,18,11,0,0,1.7,0,0,0
15:23,1,1,1,8.6,88,3.9,5,19,18,11,0,0,1.8,0,0,0
15:24,1,1,1,5.7,88,3.9,5,19,18,11,0,0,1.9,0,0,0
15:25,1,1,1,2.9,88,4,5,20,18,11,0,0,1.9,0,0,0
15:26,1,1,1,0,88,4,5,20,18,11,0,0,2,0,0,2
15:27,0,0,0,0,0,0,0,0,0,0,1,1,2,1,2,2
15:28,0,0,0,0,0,0,0,0,0,0,1,1,2,1,2,2
15:29,0,0,0,0,0,0,0,0,0,0,1,1,2,1,2,2
15:30,0,0,0,0,0,0,0,0,0,0,1,1,2,1,2,2
15:31,0,0,0,0,0,0,0,0,0,0,1,1,2,1,2,2
15:32,0,0,0,0,0,0,0,0,0,0,1,1,2,1,2,2
15:33,0,0,0,0,0,0,0,0,0,0,1,1,2,1,2,2
15:34,0,0,0,0,0,0,0,0,0,0,1,1,2,1,2,2
15:35,0,0,0,0,0,0,0,0,0,0,1,1,2,1,2,2
15:36,0,0,0,0,0,0,0,0,0,0,1,1,2,1,2,2
15:37,0,0,0,0,0,0,0,0,0,0,1,1,2,1,2,2
15:38,1,1,1,0,89,4,5,20,18,10,0,0,2,0,0,2
15:39,1,1,1,14,94,3.9,4.8,19,17,9.9,0.1,0.1,2,0.1,0,2
15:40,1,1,1,29,100,3.7,4.7,18,16,9.9,0.1,0.1,2,0.1,0,2
15:41,1,1,1,43,105,3.6,4.5,17,16,9.8,0.2,0.2,2,0.2,0,2
15:42,1,1,1,57,111,3.4,4.3,17,15,9.7,0.3,0.3,2,0.3,0,2
15:43,1,1,1,72,116,3.3,4.1,16,14,9.7,0.3,0.3,2,0.3,0,2
15:44,1,1,1,86,122,3.2,4,15,14,9.6,0.4,0.4,2,0.4,0,2
15:45,1,1,1,101,127,3,3.8,15,13,9.5,0.5,0.5,2,0.5,0,2
15:46,1,1,1,115,133,2.9,3.6,14,13,9.4,0.6,0.6,2,0.6,0,2
15:47,1,1,1,130,139,2.8,3.4,13,12,9.4,0.6,0.6,2,0.6,0,2
15:48,1,1,1,144,144,2.6,3.3,13,11,9.3,0.7,0.7,2,0.7,0,2
15:49,1,1,1,159,150,2.5,3.1,12,11,9.2,0.8,0.8,2,0.8,0,2
15:50,1,1,1,173,155,2.3,2.9,11,10,9.2,0.8,0.8,2,0.8,0,2
15:51,1,1,1,188,161,2.2,2.8,11,9.9,9.1,0.9,0.9,2,0.9,0,2
15:52,1,1,1,202,166,2.1,2.6,10,9.3,9,1,1,2,1,0,2
15:53,1,1,1,217,172,1.9,2.4,9.7,8.7,9,1,1,2,1,0,2
15:54,1,1,1,231,177,1.8,2.2,9,8.1,8.9,1.1,1.1,2,1.1,0,2
15:55,1,1,1,246,183,1.7,2.1,8.3,7.4,8.8,1.2,1.2,2,1.2,0,2
15:56,1,1,1,260,188,1.5,1.9,7.6,6.8,8.8,1.2,1.2,2,1.2,0,2
15:57,1,1,1,275,194,1.4,1.7,6.9,6.2,8.7,1.3,1.3,2,1.3,0,2
15:58,1,1,1,289,200,1.2,1.6,6.2,5.6,8.6,1.4,1.4,2,1.4,0,2
15:59,1,1,1,304,205,1.1,1.4,5.5,5,8.6,1.4,1.4,2,1.4,0,2
16:00,1,1,1,318,211,1,1.2,4.8,4.3,8.5,1.5,1.5,2,1.5,0,2
16:01,1,1,1,333,216,0.8,1,4.1,3.7,8.4,1.6,1.6,2,1.6,0,2
16:02,1,1,1,347,222,0.7,0.9,3.4,3.1,8.3,1.7,1.7,2,1.7,0,2
16:03,1,1,1,362,227,0.6,0.7,2.8,2.5,8.3,1.7,1.7,2,1.7,0,2
16:04,1,1,1,376,233,0.4,0.5,2.1,1.9,8.2,1.8,1.8,2,1.8,0,2
16:05,1,1,1,391,238,0.3,0.3,1.4,1.2,8.1,1.9,1.9,2,1.9,0,2
16:06,1,1,1,405,244,0.1,0.2,0.7,0.6,8.1,1.9,1.9,2,1.9,0,2
16:07,1,1,1,420,250,0,0,0,0,8,2,2,2,2,0,2
16:08,1,1,1,417,249,0,0,0,0,8,2,2,2,2,0,2
16:09,1,1,1,415,248,0,0,0,0,8,2,2,2,2,0,2
16:10,1,1,1,412,247,0,0,0,0,7.9,2,2,2,2,0,2
16:11,1,1,1,410,246,0,0,0,0,7.9,2,2,2,2,0,2
16:12,1,1,1,408,245,0,0,0,0,7.9,2,2,2,2,0,2
16:13,1,1,1,405,244,0,0,0,0,7.9,2,2,2,2,0,2
16:14,1,1,1,403,243,0,0,0,0,7.9,2,2,2,2,0,2
16:15,1,1,1,400,242,0,0,0,0,7.8,2,2,2,2,0,2
16:16,1,1,1,398,241,0,0,0,0,7.8,2,2,2,2,0,2
16:17,1,1,1,396,240,0,0,0,0,7.8,2,2,2,2,0,2
16:18,1,1,1,393,239,0,0,0,0,7.8,2,2,2,2,0,2
16:19,1,1,1,391,238,0,0,0,0,7.8,2,2,2,2,0,2
16:20,1,1,1,388,237,0,0,0,0,7.7,2,2,2,2,0,2
16:21,1,1,1,386,236,0,0,0,0,7.7,2,2,2,2,0,2
16:22,1,1,1,384,235,0,0,0,0,7.7,2,2,2,2,0,2
16:23,1,1,1,381,234,0,0,0,0,7.7,2,2,2,2,0,2
16:24,1,1,1,379,233,0,0,0,0,7.7,2,2,2,2,0,2
16:25,1,1,1,376,232,0,0,0,0,7.6,2,2,2,2,0,2
16:26,1,1,1,374,231,0,0,0,0,7.6,2,2,2,2,0,2
16:27,1,1,1,372,230,0,0,0,0,7.6,2,2,2,2,0,2
16:28,1,1,1,369,229,0,0,0,0,7.6,2,2,2,2,0,2
16:29,1,1,1,367,228,0,0,0,0,7.6,2,2,2,2,0,2
16:30,1,1,1,364,227,0,0,0,0,7.5,2,2,2,2,0,2
16:31,1,1,1,362,226,0,0,0,0,7.5,2,2,2,2,0,2
16:32,1,1,1,360,225,0,0,0,0,7.5,2,2,2,2,0,2
16:33,1,1,1,357,224,0,0,0,0,7.5,2,2,2,2,0,2
16:34,1,1,1,355,223,0,0,0,0,7.5,2,2,2,2,0,2
16:35,1,1,1,352,222,0,0,0,0,7.4,2,2,2,2,0,2
16:36,1,1,1,350,221,0,0,0,0,7.4,2,2,2,2,0,2
16:37,1,1,1,348,220,0,0,0,0,7.4,2,2,2,2,0,2
16:38,1,1,1,345,219,0,0,0,0,7.4,2,2,2,2,0,2
16:39,1,1,1,343,218,0,0,0,0,7.4,2,2,2,2,0,2
16:40,1,1,1,340,217,0,0,0,0,7.3,2,2,2,2,0,2
16:41,1,1,1,338,216,0,0,0,0,7.3,2,2,2,2,0,2
16:42,1,1,1,336,215,0,0,0,0,7.3,2,2,2,2,0,2
16:43,1,1,1,333,214,0,0,0,0,7.3,2,2,2,2,0,2
16:44,1,1,1,331,213,0,0,0,0,7.3,2,2,2,2,0,2
16:45,1,1,1,328,212,0,0,0,0,7.2,2,2,2,2,0,2
16:46,1,1,1,326,211,0,0,0,0,7.2,2,2,2,2,0,2
16:47,1,1,1,324,210,0,0,0,0,7.2,2,2,2,2,0,2
16:48,1,1,1,321,209,0,0,0,0,7.2,2,2,2,2,0,2
16:49,1,1,1,319,208,0,0,0,0,7.2,2,2,2,2,0,2
16:50,1,1,1,316,207,0,0,0,0,7.1,2,2,2,2,0,2
16:51,1,1,1,314,206,0,0,0,0,7.1,2,2,2,2,0,2
16:52,1,1,1,312,205,0,0,0,0,7.1,2,2,2,2,0,2
16:53,1,1,1,309,204,0,0,0,0,7.1,2,2,2,2,0,2
16:54,1,1,1,307,203,0,0,0,0,7.1,2,2,2,2,0,2
16:55,1,1,1,304,202,0,0,0,0,7,2,2,2,2,0,2
16:56,1,1,1,302,201,0,0,0,0,7,2,2,2,2,0,2
16:57,1,1,1,300,200,0,0,0,0,7,2,2,2,2,0,2
16:58,1,1,1,296,196,0,0,0,0,7,2,2,2,2,0,2
16:59,1,1,1,293,193,0,0,0,0,6.9,2,2,2,1.9,0,2
17:00,1,1,1,290,190,0,0,0,0,6.9,2,2,2,1.9,0,2
17:01,1,1,1,287,187,0,0,0,0,6.9,2,2,2,1.9,0,2
17:02,1,1,1,284,184,0,0,0,0,6.8,2,2,2,1.8,0,2
17:03,1,1,1,281,181,0,0,0,0,6.8,2,2,2,1.8,0,2
17:04,1,1,1,278,178,0,0,0,0,6.8,2,2,2,1.8,0,2
17:05,1,1,1,275,175,0,0,0,0,6.8,2,2,2,1.8,0,2
17:06,1,1,1,271,171,0,0,0,0,6.7,2,2,2,1.7,0,2
17:07,1,1,1,268,168,0,0,0,0,6.7,2,2,2,1.7,0,2
17:08,1,1,1,265,165,0,0,0,0,6.7,2,2,2,1.7,0,2
17:09,1,1,1,262,162,0,0,0,0,6.6,2,2,2,1.6,0,2
17:10,1,1,1,259,159,0,0,0,0,6.6,2,2,2,1.6,0,2
17:11,1,1,1,256,156,0,0,0,0,6.6,2,2,2,1.6,0,2
17:12,1,1,1,253,153,0,0,0,0,6.5,2,2,2,1.5,0,2
17:13,1,1,1,250,150,0,0,0,0,6.5,2,2,2,1.5,0,2
17:14,1,1,1,246,146,0,0,0,0,6.5,2,2,2,1.5,0,2
17:15,1,1,1,243,143,0,0,0,0,6.4,2,2,2,1.4,0,2
17:16,1,1,1,240,140,0,0,0,0,6.4,2,2,2,1.4,0,2
17:17,1,1,1,237,137,0,0,0,0,6.4,2,2,2,1.4,0,2
17:18,1,1,1,234,134,0,0,0,0,6.3,2,2,2,1.3,0,2
17:19,1,1,1,231,131,0,0,0,0,6.3,2,2,2,1.3,0,2
17:20,1,1,1,228,128,0,0,0,0,6.3,2,2,2,1.3,0,2
17:21,1,1,1,225,125,0,0,0,0,6.2,2,2,2,1.3,0,2
17:22,1,1,1,221,121,0,0,0,0,6.2,2,2,2,1.2,0,2
17:23,1,1,1,218,118,0,0,0,0,6.2,2,2,2,1.2,0,2
17:24,1,1,1,215,115,0,0,0,0,6.2,2,2,2,1.2,0,2
17:25,1,1,1,212,112,0,0,0,0,6.1,2,2,2,1.1,0,2
17:26,1,1,1,209,109,0,0,0,0,6.1,2,2,2,1.1,0,2
17:27,1,1,1,206,106,0,0,0,0,6.1,2,2,2,1.1,0,2
17:28,1,1,1,203,103,0,0,0,0,6,2,2,2,1,0,2
17:29,1,1,1,200,100,0,0,0,0,6,2,2,2,1,0,2
17:30,1,1,1,202,102,0,0,0,0,6,2,2,2,1,0,2
17:31,1,1,1,204,104,0,0,0,0,6,2,2,2,1,0,2
17:32,1,1,1,206,106,0,0,0,0,5.9,2,2,2,1.1,0,2
17:33,1,1,1,208,108,0,0,0,0,5.9,2,2,2,1.1,0,2
17:34,1,1,1,210,110,0,0,0,0,5.9,2,2,2,1.1,0,2
17:35,1,1,1,213,113,0,0,0,0,5.9,2,2,2,1.1,0,2
17:36,1,1,1,215,115,0,0,0,0,5.8,2,2,2,1.2,0,2
17:37,1,1,1,217,117,0,0,0,0,5.8,2,2,2,1.2,0,2
17:38,1,1,1,219,119,0,0,0,0,5.8,2,2,2,1.2,0,2
17:39,1,1,1,221,121,0,0,0,0,5.8,2,2,2,1.2,0,2
17:40,1,1,1,223,123,0,0,0,0,5.8,2,2,2,1.2,0,2
17:41,1,1,1,226,126,0,0,0,0,5.7,2,2,2,1.3,0,2
17:42,1,1,1,228,128,0,0,0,0,5.7,2,2,2,1.3,0,2
17:43,1,1,1,230,130,0,0,0,0,5.7,2,2,2,1.3,0,2
17:44,1,1,1,232,132,0,0,0,0,5.7,2,2,2,1.3,0,2
17:45,1,1,1,234,134,0,0,0,0,5.7,2,2,2,1.3,0,2
17:46,1,1,1,237,137,0,0,0,0,5.6,2,2,2,1.4,0,2
17:47,1,1,1,239,139,0,0,0,0,5.6,2,2,2,1.4,0,2
17:48,1,1,1,241,141,0,0,0,0,5.6,2,2,2,1.4,0,2
17:49,1,1,1,243,143,0,0,0,0,5.6,2,2,2,1.4,0,2
17:50,1,1,1,245,145,0,0,0,0,5.5,2,2,2,1.5,0,2
17:51,1,1,1,247,147,0,0,0,0,5.5,2,2,2,1.5,0,2
17:52,1,1,1,250,150,0,0,0,0,5.5,2,2,2,1.5,0,2
17:53,1,1,1,252,152,0,0,0,0,5.5,2,2,2,1.5,0,2
17:54,1,1,1,254,154,0,0,0,0,5.5,2,2,2,1.5,0,2
17:55,1,1,1,256,156,0,0,0,0,5.4,2,2,2,1.6,0,2
17:56,1,1,1,258,158,0,0,0,0,5.4,2,2,2,1.6,0,2
17:57,1,1,1,260,160,0,0,0,0,5.4,2,2,2,1.6,0,2
17:58,1,1,1,263,163,0,0,0,0,5.4,2,2,2,1.6,0,2
17:59,1,1,1,265,165,0,0,0,0,5.3,2,2,2,1.7,0,2
18:00,1,1,1,267,167,0,0,0,0,5.3,2,2,2,1.7,0,2
18:01,1,1,1,269,169,0,0,0,0,5.3,2,2,2,1.7,0,2
18:02,1,1,1,271,171,0,0,0,0,5.3,2,2,2,1.7,0,2
18:03,1,1,1,273,173,0,0,0,0,5.3,2,2,2,1.7,0,2
18:04,1,1,1,276,176,0,0,0,0,5.2,2,2,2,1.8,0,2
18:05,1,1,1,278,178,0,0,0,0,5.2,2,2,2,1.8,0,2
18:06,1,1,1,280,180,0,0,0,0,5.2,2,2,2,1.8,0,2
18:07,1,1,1,282,182,0,0,0,0,5.2,2,2,2,1.8,0,2
18:08,1,1,1,284,184,0,0,0,0,5.2,2,2,2,1.8,0,2
18:09,1,1,1,287,187,0,0,0,0,5.1,2,2,2,1.9,0,2
18:10,1,1,1,289,189,0,0,0,0,5.1,2,2,2,1.9,0,2
18:11,1,1,1,291,191,0,0,0,0,5.1,2,2,2,1.9,0,2
18:12,1,1,1,293,193,0,0,0,0,5.1,2,2,2,1.9,0,2
18:13,1,1,1,295,195,0,0,0,0,5,2,2,2,2,0,2
18:14,1,1,1,297,197,0,0,0,0,5,2,2,2,2,0,2
18:15,1,1,1,300,200,0,0,0,0,5,2,2,2,2,0,2
18:16,1,1,1,298,199,0,0,0,0,5,2,2,2,2,0,2
18:17,1,1,1,297,198,0,0,0,0,5,2,2,2,2,0,2
18:18,1,1,1,296,197,0,0,0,0,5,2,2,2,2,0,2
18:19,1,1,1,295,197,0,0,0,0,5,2,2,2,1.9,0,2
18:20,1,1,1,293,196,0,0,0,0,5,2,2,2,1.9,0,2
18:21,1,1,1,292,195,0,0,0,0,5,2,2,2,1.9,0,2
18:22,1,1,1,291,194,0,0,0,0,5,2,2,2,1.9,0,2
18:23,1,1,1,290,194,0,0,0,0,4.9,2,2,2,1.9,0,2
18:24,1,1,1,288,193,0,0,0,0,4.9,2,2,2,1.9,0,2
18:25,1,1,1,287,192,0,0,0,0,4.9,2,2,2,1.9,0,2
18:26,1,1,1,286,191,0,0,0,0,4.9,2,2,2,1.8,0,2
18:27,1,1,1,285,191,0,0,0,0,4.9,2,2,2,1.8,0,2
18:28,1,1,1,284,190,0,0,0,0,4.9,2,2,2,1.8,0,2
18:29,1,1,1,282,189,0,0,0,0,4.9,2,2,2,1.8,0,2
18:30,1,1,1,281,188,0,0,0,0,4.9,2,2,2,1.8,0,2
18:31,1,1,1,280,187,0,0,0,0,4.9,2,2,2,1.8,0,2
18:32,1,1,1,279,187,0,0,0,0,4.9,2,2,2,1.8,0,2
18:33,1,1,1,277,186,0,0,0,0,4.9,2,2,2,1.8,0,2
18:34,1,1,1,276,185,0,0,0,0,4.9,2,2,2,1.7,0,2
18:35,1,1,1,275,184,0,0,0,0,4.9,2,2,2,1.7,0,2
18:36,1,1,1,274,184,0,0,0,0,4.9,2,2,2,1.7,0,2
18:37,1,1,1,272,183,0,0,0,0,4.8,2,2,2,1.7,0,2
18:38,1,1,1,271,182,0,0,0,0,4.8,2,2,2,1.7,0,2
18:39,1,1,1,270,181,0,0,0,0,4.8,2,2,2,1.7,0,2
18:40,1,1,1,269,181,0,0,0,0,4.8,2,2,2,1.7,0,2
18:41,1,1,1,267,180,0,0,0,0,4.8,2,2,2,1.6,0,2
18:42,1,1,1,266,179,0,0,0,0,4.8,2,2,2,1.6,0,2
18:43,1,1,1,265,178,0,0,0,0,4.8,2,2,2,1.6,0,2
18:44,1,1,1,264,178,0,0,0,0,4.8,2,2,2,1.6,0,2
18:45,1,1,1,263,177,0,0,0,0,4.8,2,2,2,1.6,0,2
18:46,1,1,1,261,176,0,0,0,0,4.8,2,2,2,1.6,0,2
18:47,1,1,1,260,175,0,0,0,0,4.8,2,2,2,1.6,0,2
18:48,1,1,1,259,175,0,0,0,0,4.8,2,2,2,1.5,0,2
18:49,1,1,1,258,174,0,0,0,0,4.8,2,2,2,1.5,0,2
18:50,1,1,1,256,173,0,0,0,0,4.8,2,2,2,1.5,0,2
18:51,1,1,1,255,172,0,0,0,0,4.8,2,2,2,1.5,0,2
18:52,1,1,1,254,172,0,0,0,0,4.7,2,2,2,1.5,0,2
18:53,1,1,1,253,171,0,0,0,0,4.7,2,2,2,1.5,0,2
18:54,1,1,1,251,170,0,0,0,0,4.7,2,2,2,1.5,0,2
18:55,1,1,1,250,169,0,0,0,0,4.7,2,2,2,1.5,0,2
18:56,1,1,1,249,169,0,0,0,0,4.7,2,2,2,1.4,0,2
18:57,1,1,1,248,168,0,0,0,0,4.7,2,2,2,1.4,0,2
18:58,1,1,1,247,167,0,0,0,0,4.7,2,2,2,1.4,0,2
18:59,1,1,1,245,166,0,0,0,0,4.7,2,2,2,1.4,0,2
19:00,1,1,1,244,166,0,0,0,0,4.7,2,2,2,1.4,0,2
19:01,1,1,1,243,165,0,0,0,0,4.7,2,2,2,1.4,0,2
19:02,1,1,1,242,164,0,0,0,0,4.7,2,2,2,1.4,0,2
19:03,1,1,1,240,163,0,0,0,0,4.7,2,2,2,1.3,0,2
19:04,1,1,1,239,163,0,0,0,0,4.7,2,2,2,1.3,0,2
19:05,1,1,1,238,162,0,0,0,0,4.7,2,2,2,1.3,0,2
19:06,1,1,1,237,161,0,0,0,0,4.7,2,2,2,1.3,0,2
19:07,1,1,1,235,160,0,0,0,0,4.6,2,2,2,1.3,0,2
19:08,1,1,1,234,160,0,0,0,0,4.6,2,2,2,1.3,0,2
19:09,1,1,1,233,159,0,0,0,0,4.6,2,2,2,1.3,0,2
19:10,1,1,1,232,158,0,0,0,0,4.6,2,2,2,1.2,0,2
19:11,1,1,1,231,157,0,0,0,0,4.6,2,2,2,1.2,0,2
19:12,1,1,1,229,157,0,0,0,0,4.6,2,2,2,1.2,0,2
19:13,1,1,1,228,156,0,0,0,0,4.6,2,2,2,1.2,0,2
19:14,1,1,1,227,155,0,0,0,0,4.6,2,2,2,1.2,0,2
19:15,1,1,1,226,154,0,0,0,0,4.6,2,2,2,1.2,0,2
19:16,1,1,1,224,154,0,0,0,0,4.6,2,2,2,1.2,0,2
19:17,1,1,1,223,153,0,0,0,0,4.6,2,2,2,1.2,0,2
19:18,1,1,1,222,152,0,0,0,0,4.6,2,2,2,1.1,0,2
19:19,1,1,1,221,151,0,0,0,0,4.6,2,2,2,1.1,0,2
19:20,1,1,1,219,151,0,0,0,0,4.6,2,2,2,1.1,0,2
19:21,1,1,1,218,150,0,0,0,0,4.5,2,2,2,1.1,0,2
19:22,1,1,1,217,149,0,0,0,0,4.5,2,2,2,1.1,0,2
19:23,1,1,1,216,148,0,0,0,0,4.5,2,2,2,1.1,0,2
19:24,1,1,1,214,148,0,0,0,0,4.5,2,2,2,1.1,0,2
19:25,1,1,1,213,147,0,0,0,0,4.5,2,2,2,1,0,2
19:26,1,1,1,212,146,0,0,0,0,4.5,2,2,2,1,0,2
19:27,1,1,1,211,145,0,0,0,0,4.5,2,2,2,1,0,2
19:28,1,1,1,210,145,0,0,0,0,4.5,2,2,2,1,0,2
19:29,1,1,1,208,144,0,0,0,0,4.5,2,2,2,1,0,2
19:30,1,1,1,207,143,0,0,0,0,4.5,2,2,2,1,0,2
19:31,1,1,1,206,142,0,0,0,0,4.5,2,2,2,1,0,2
19:32,1,1,1,205,142,0,0,0,0,4.5,2,2,2,0.9,0,2
19:33,1,1,1,203,141,0,0,0,0,4.5,2,2,2,0.9,0,2
19:34,1,1,1,202,140,0,0,0,0,4.5,2,2,2,0.9,0,2
19:35,1,1,1,201,139,0,0,0,0,4.5,2,2,2,0.9,0,2
19:36,1,1,1,200,139,0,0,0,0,4.4,2,2,2,0.9,0,2
19:37,1,1,1,198,138,0,0,0,0,4.4,2,2,2,0.9,0,2
19:38,1,1,1,197,137,0,0,0,0,4.4,2,2,2,0.9,0,2
19:39,1,1,1,196,136,0,0,0,0,4.4,2,2,2,0.8,0,2
19:40,1,1,1,195,136,0,0,0,0,4.4,2,2,2,0.8,0,2
19:41,1,1,1,194,135,0,0,0,0,4.4,2,2,2,0.8,0,2
19:42,1,1,1,192,134,0,0,0,0,4.4,2,2,2,0.8,0,2
19:43,1,1,1,191,133,0,0,0,0,4.4,2,2,2,0.8,0,2
19:44,1,1,1,190,132,0,0,0,0,4.4,2,2,2,0.8,0,2
19:45,1,1,1,189,132,0,0,0,0,4.4,2,2,2,0.8,0,2
19:46,1,1,1,187,131,0,0,0,0,4.4,2,2,2,0.8,0,2
19:47,1,1,1,186,130,0,0,0,0,4.4,2,2,2,0.7,0,2
19:48,1,1,1,185,129,0,0,0,0,4.4,2,2,2,0.7,0,2
19:49,1,1,1,184,129,0,0,0,0,4.4,2,2,2,0.7,0,2
19:50,1,1,1,182,128,0,0,0,0,4.3,2,2,2,0.7,0,2
19:51,1,1,1,181,127,0,0,0,0,4.3,2,2,2,0.7,0,2
19:52,1,1,1,180,126,0,0,0,0,4.3,2,2,2,0.7,0,2
19:53,1,1,1,179,126,0,0,0,0,4.3,2,2,2,0.7,0,2
19:54,1,1,1,177,125,0,0,0,0,4.3,2,2,2,0.6,0,2
19:55,1,1,1,176,124,0,0,0,0,4.3,2,2,2,0.6,0,2
19:56,1,1,1,175,123,0,0,0,0,4.3,2,2,2,0.6,0,2
19:57,1,1,1,174,123,0,0,0,0,4.3,2,2,2,0.6,0,2
19:58,1,1,1,173,122,0,0,0,0,4.3,2,2,2,0.6,0,2
19:59,1,1,1,171,121,0,0,0,0,4.3,2,2,2,0.6,0,2
20:00,1,1,1,170,120,0,0,0,0,4.3,2,2,2,0.6,0,2
20:01,1,1,1,169,120,0,0,0,0,4.3,2,2,2,0.5,0,2
20:02,1,1,1,168,119,0,0,0,0,4.3,2,2,2,0.5,0,2
20:03,1,1,1,166,118,0,0,0,0,4.3,2,2,2,0.5,0,2
20:04,1,1,1,165,117,0,0,0,0,4.3,2,2,2,0.5,0,2
20:05,1,1,1,164,117,0,0,0,0,4.2,2,2,2,0.5,0,2
20:06,1,1,1,163,116,0,0,0,0,4.2,2,2,2,0.5,0,2
20:07,1,1,1,161,115,0,0,0,0,4.2,2,2,2,0.5,0,2
20:08,1,1,1,160,114,0,0,0,0,4.2,2,2,2,0.5,0,2
20:09,1,1,1,159,114,0,0,0,0,4.2,2,2,2,0.4,0,2
20:10,1,1,1,158,113,0,0,0,0,4.2,2,2,2,0.4,0,2
20:11,1,1,1,157,112,0,0,0,0,4.2,2,2,2,0.4,0,2
20:12,1,1,1,155,111,0,0,0,0,4.2,2,2,2,0.4,0,2
20:13,1,1,1,154,111,0,0,0,0,4.2,2,2,2,0.4,0,2
20:14,1,1,1,153,110,0,0,0,0,4.2,2,2,2,0.4,0,2
20:15,1,1,1,152,109,0,0,0,0,4.2,2,2,2,0.4,0,2
20:16,1,1,1,150,108,0,0,0,0,4.2,2,2,2,0.3,0,2
20:17,1,1,1,149,108,0,0,0,0,4.2,2,2,2,0.3,0,2
20:18,1,1,1,148,107,0,0,0,0,4.2,2,2,2,0.3,0,2
20:19,1,1,1,147,106,0,0,0,0,4.2,2,2,2,0.3,0,2
20:20,1,1,1,145,105,0,0,0,0,4.1,2,2,2,0.3,0,2
20:21,1,1,1,144,105,0,0,0,0,4.1,2,2,2,0.3,0,2
20:22,1,1,1,143,104,0,0,0,0,4.1,2,2,2,0.3,0,2
20:23,1,1,1,142,103,0,0,0,0,4.1,2,2,2,0.2,0,2
20:24,1,1,1,141,102,0,0,0,0,4.1,2,2,2,0.2,0,2
20:25,1,1,1,139,102,0,0,0,0,4.1,2,2,2,0.2,0,2
20:26,1,1,1,138,101,0,0,0,0,4.1,2,2,2,0.2,0,2
20:27,1,1,1,137,100,0,0,0,0,4.1,2,2,2,0.2,0,2
20:28,1,1,1,136,99,0,0,0,0,4.1,2,2,2,0.2,0,2
20:29,1,1,1,134,99,0,0,0,0,4.1,2,2,2,0.2,0,2
20:30,1,1,1,133,98,0,0,0,0,4.1,2,2,2,0.2,0,2
20:31,1,1,1,132,97,0,0,0,0,4.1,2,2,2,0.1,0,2
20:32,1,1,1,131,96,0,0,0,0,4.1,2,2,2,0.1,0,2
20:33,1,1,1,129,96,0,0,0,0,4.1,2,2,2,0.1,0,2
20:34,1,1,1,128,95,0,0,0,0,4,2,2,2,0.1,0,2
20:35,1,1,1,127,94,0,0,0,0,4,2,2,2,0.1,0,2
20:36,1,1,1,126,93,0,0,0,0,4,2,2,2,0.1,0,2
20:37,1,1,1,124,93,0,0,0,0,4,2,2,2,0.1,0,2
20:38,1,1,1,123,92,0,0,0,0,4,2,2,2,0,0,2
20:39,1,1,1,122,91,0,0,0,0,4,2,2,2,0,0,2
20:40,1,1,1,121,90,0,0,0,0,4,2,2,2,0,0,2
20:41,1,1,1,120,90,0,0,0,0,4,2,2,2,0,0,2
20:42,1,0,0,120,90,0,0,0,0,4,2,2,2,0,2,2
20:43,1,0,0,120,90,0,0,0,0,4,2,2,2,0,2,2
20:44,1,0,0,120,90,0,0,0,0,4,2,2,2,0,2,2
20:45,1,0,0,120,90,0,0,0,0,4,2,2,2,0,2,2
20:46,1,0,0,120,90,0,0,0,0,4,2,2,2,0,2,2
20:47,1,0,0,120,90,0,0,0,0,4,2,2,2,0,2,2
20:48,1,0,0,120,90,0,0,0,0,4,2,2,2,0,2,2
20:49,1,0,0,120,90,0,0,0,0,3.9,2,2,2,0,2,2
20:50,1,0,0,120,90,0,0,0,0,3.9,2,2,2,0,2,2
20:51,1,0,0,120,90,0,0,0,0,3.9,2,2,2,0,2,2
20:52,1,0,0,120,90,0,0,0,0,3.9,2,2,2,0,2,2
20:53,1,0,0,120,90,0,0,0,0,3.9,2,2,2,0,2,2
20:54,1,0,0,120,90,0,0,0,0,3.9,2,2,2,0,2,2
20:55,1,0,0,120,90,0,0,0,0,3.9,2,2,2,0,2,2
20:56,1,0,0,120,90,0,0,0,0,3.9,2,2,2,0,2,2
20:57,1,0,0,120,90,0,0,0,0,3.9,2,2,2,0,2,2
20:58,1,0,0,120,90,0,0,0,0,3.9,2,2,2,0,2,2
20:59,1,0,0,120,90,0,0,0,0,3.9,2,2,2,0,2,2
21:00,1,0,0,120,90,0,0,0,0,3.9,2,2,2,0,2,2
21:01,1,0,0,120,90,0,0,0,0,3.8,2,2,2,0,2,2
21:02,1,0,0,120,90,0,0,0,0,3.8,2,2,2,0,2,2
21:03,1,0,0,120,90,0,0,0,0,3.8,2,2,2,0,2,2
21:04,1,0,0,120,90,0,0,0,0,3.8,2,2,2,0,2,2
21:05,1,0,0,120,90,0,0,0,0,3.8,2,2,2,0,2,2
21:06,1,0,0,120,90,0,0,0,0,3.8,2,2,2,0,2,2
21:07,1,0,0,120,90,0,0,0,0,3.8,2,2,2,0,2,2
21:08,1,0,0,120,90,0,0,0,0,3.8,2,2,2,0,2,2
21:09,1,0,0,120,90,0,0,0,0,3.8,2,2,2,0,2,2
21:10,1,0,0,120,90,0,0,0,0,3.8,2,2,2,0,2,2
21:11,1,0,0,120,90,0,0,0,0,3.8,2,2,2,0,2,2
21:12,1,0,0,120,90,0,0,0,0,3.8,2,2,2,0,2,2
21:13,1,0,0,120,90,0,0,0,0,3.7,2,2,2,0,2,2
21:14,1,0,0,120,90,0,0,0,0,3.7,2,2,2,0,2,2
21:15,1,0,0,120,90,0,0,0,0,3.7,2,2,2,0,2,2
21:16,1,0,0,120,90,0,0,0,0,3.7,2,2,2,0,2,2
21:17,1,0,0,120,90,0,0,0,0,3.7,2,2,2,0,2,2
21:18,1,0,0,120,90,0,0,0,0,3.7,2,2,2,0,2,2
21:19,1,0,0,120,90,0,0,0,0,3.7,2,2,2,0,2,2
21:20,1,0,0,120,90,0,0,0,0,3.7,2,2,2,0,2,2
21:21,1,0,0,120,90,0,0,0,0,3.7,2,2,2,0,2,2
21:22,1,0,0,120,90,0,0,0,0,3.7,2,2,2,0,2,2
21:23,1,0,0,120,90,0,0,0,0,3.7,2,2,2,0,2,2
21:24,1,0,0,120,90,0,0,0,0,3.7,2,2,2,0,2,2
21:25,1,0,0,120,90,0,0,0,0,3.6,2,2,2,0,2,2
21:26,1,0,0,120,90,0,0,0,0,3.6,2,2,2,0,2,2
21:27,1,0,0,120,90,0,0,0,0,3.6,2,2,2,0,2,2
21:28,1,0,0,120,90,0,0,0,0,3.6,2,2,2,0,2,2
21:29,1,0,0,120,90,0,0,0,0,3.6,2,2,2,0,2,2
21:30,1,0,0,120,90,0,0,0,0,3.6,2,2,2,0,2,2
21:31,1,0,0,120,90,0,0,0,0,3.6,2,2,2,0,2,2
21:32,1,0,0,120,90,0,0,0,0,3.6,2,2,2,0,2,2
21:33,1,0,0,120,90,0,0,0,0,3.6,2,2,2,0,2,2
21:34,1,0,0,120,90,0,0,0,0,3.6,2,2,2,0,2,2
21:35,1,0,0,120,90,0,0,0,0,3.6,2,2,2,0,2,2
21:36,1,0,0,120,90,0,0,0,0,3.6,2,2,2,0,2,2
21:37,1,0,0,120,90,0,0,0,0,3.5,2,2,2,0,2,2
21:38,1,0,0,120,90,0,0,0,0,3.5,2,2,2,0,2,2
21:39,1,0,0,120,90,0,0,0,0,3.5,2,2,2,0,2,2
21:40,1,0,0,120,90,0,0,0,0,3.5,2,2,2,0,2,2
21:41,1,0,0,120,90,0,0,0,0,3.5,2,2,2,0,2,2
21:42,1,0,0,120,90,0,0,0,0,3.5,2,2,2,0,2,2
21:43,1,0,0,120,90,0,0,0,0,3.5,2,2,2,0,2,2
21:44,1,0,0,120,90,0,0,0,0,3.5,2,2,2,0,2,2
21:45,1,0,0,120,90,0,0,0,0,3.5,2,2,2,0,2,2
21:46,1,0,0,120,90,0,0,0,0,3.5,2,2,2,0,2,2
21:47,1,0,0,120,90,0,0,0,0,3.5,2,2,2,0,2,2
21:48,1,0,0,120,90,0,0,0,0,3.5,2,2,2,0,2,2
21:49,1,0,0,120,90,0,0,0,0,3.5,2,2,2,0,2,2
21:50,1,0,0,120,90,0,0,0,0,3.4,2,2,2,0,2,2
21:51,1,0,0,120,90,0,0,0,0,3.4,2,2,2,0,2,2
21:52,1,0,0,120,90,0,0,0,0,3.4,2,2,2,0,2,2
21:53,1,0,0,120,90,0,0,0,0,3.4,2,2,2,0,2,2
21:54,1,0,0,120,90,0,0,0,0,3.4,2,2,2,0,2,2
21:55,1,0,0,120,90,0,0,0,0,3.4,2,2,2,0,2,2
21:56,1,0,0,120,90,0,0,0,0,3.4,2,2,2,0,2,2
21:57,1,0,0,120,90,0,0,0,0,3.4,2,2,2,0,2,2
21:58,1,0,0,120,90,0,0,0,0,3.4,2,2,2,0,2,2
21:59,1,0,0,120,90,0,0,0,0,3.4,2,2,2,0,2,2
22:00,1,0,0,120,90,0,0,0,0,3.4,2,2,2,0,2,2
22:01,1,0,0,120,90,0,0,0,0,3.4,2,2,2,0,2,2
22:02,1,0,0,120,90,0,0,0,0,3.3,2,2,2,0,2,2
22:03,1,0,0,120,90,0,0,0,0,3.3,2,2,2,0,2,2
22:04,1,0,0,120,90,0,0,0,0,3.3,2,2,2,0,2,2
22:05,1,0,0,120,90,0,0,0,0,3.3,2,2,2,0,2,2
22:06,1,0,0,120,90,0,0,0,0,3.3,2,2,2,0,2,2
22:07,1,0,0,120,90,0,0,0,0,3.3,2,2,2,0,2,2
22:08,1,0,0,120,90,0,0,0,0,3.3,2,2,2,0,2,2
22:09,1,0,0,120,90,0,0,0,0,3.3,2,2,2,0,2,2
22:10,1,0,0,120,90,0,0,0,0,3.3,2,2,2,0,2,2
22:11,1,0,0,120,90,0,0,0,0,3.3,2,2,2,0,2,2
22:12,1,0,0,120,90,0,0,0,0,3.3,2,2,2,0,2,2
22:13,1,0,0,120,90,0,0,0,0,3.3,2,2,2,0,2,2
22:14,1,0,0,120,90,0,0,0,0,3.2,2,2,2,0,2,2
22:15,1,0,0,120,90,0,0,0,0,3.2,2,2,2,0,2,2
22:16,1,0,0,120,90,0,0,0,0,3.2,2,2,2,0,2,2
22:17,1,0,0,120,90,0,0,0,0,3.2,2,2,2,0,2,2
22:18,1,0,0,120,90,0,0,0,0,3.2,2,2,2,0,2,2
22:19,1,0,0,120,90,0,0,0,0,3.2,2,2,2,0,2,2
22:20,1,0,0,120,90,0,0,0,0,3.2,2,2,2,0,2,2
22:21,1,0,0,120,90,0,0,0,0,3.2,2,2,2,0,2,2
22:22,1,0,0,120,90,0,0,0,0,3.2,2,2,2,0,2,2
22:23,1,0,0,120,90,0,0,0,0,3.2,2,2,2,0,2,2
22:24,1,0,0,120,90,0,0,0,0,3.2,2,2,2,0,2,2
22:25,1,0,0,120,90,0,0,0,0,3.2,2,2,2,0,2,2
22:26,1,0,0,120,90,0,0,0,0,3.1,2,2,2,0,2,2
22:27,1,0,0,120,90,0,0,0,0,3.1,2,2,2,0,2,2
22:28,1,0,0,120,90,0,0,0,0,3.1,2,2,2,0,2,2
22:29,1,0,0,120,90,0,0,0,0,3.1,2,2,2,0,2,2
22:30,1,0,0,120,90,0,0,0,0,3.1,2,2,2,0,2,2
22:31,1,0,0,120,90,0,0,0,0,3.1,2,2,2,0,2,2
22:32,1,0,0,120,90,0,0,0,0,3.1,2,2,2,0,2,2
22:33,1,0,0,120,90,0,0,0,0,3.1,2,2,2,0,2,2
22:34,1,0,0,120,90,0,0,0,0,3.1,2,2,2,0,2,2
22:35,1,0,0,120,90,0,0,0,0,3.1,2,2,2,0,2,2
22:36,1,0,0,120,90,0,0,0,0,3.1,2,2,2,0,2,2
22:37,1,0,0,120,90,0,0,0,0,3.1,2,2,2,0,2,2
22:38,1,0,0,120,90,0,0,0,0,3,2,2,2,0,2,2
22:39,1,0,0,120,90,0,0,0,0,3,2,2,2,0,2,2
22:40,1,0,0,120,90,0,0,0,0,3,2,2,2,0,2,2
22:41,1,0,0,120,90,0,0,0,0,3,2,2,2,0,2,2
22:42,1,0,0,120,90,0,0,0,0,3,2,2,2,0,2,2
22:43,1,0,0,120,90,0,0,0,0,3,2,2,2,0,2,2
22:44,1,0,0,120,90,0,0,0,0,3,2,2,2,0,2,2
22:45,0,0,0,0,0,0,0,0,0,0,2,2,2,1,2,2
22:46,0,0,0,0,0,0,0,0,0,0,2,2,2,1,2,2
22:47,0,0,0,0,0,0,0,0,0,0,2,2,2,1,2,2
22:48,0,0,0,0,0,0,0,0,0,0,2,2,2,1,2,2
22:49,0,0,0,0,0,0,0,0,0,0,2,2,2,1,2,2
22:50,0,0,0,0,0,0,0,0,0,0,2,2,2,1,2,2
22:51,0,0,0,0,0,0,0,0,0,0,2,2,2,1,2,2
22:52,0,0,0,0,0,0,0,0,0,0,2,2,2,1,2,2
22:53,0,0,0,0,0,0,0,0,0,0,2,2,2,1,2,2
22:54,0,0,0,0,0,0,0,0,0,0,2,2,2,1,2,2
22:55,0,0,0,0,0,0,0,0,0,0,2,2,2,1,2,2
22:56,0,0,0,0,0,0,0,0,0,0,2,2,2,1,2,2
22:57,0,0,0,0,0,0,0,0,0,0,2,2,2,1,2,2
22:58,0,0,0,0,0,0,0,0,0,0,2,2,2,1,2,2
22:59,0,0,0,0,0,0,0,0,0,0,2,2,2,1,2,2
23:00,0,0,0,0,0,0,0,0,0,0,2,2,2,1,2,2
23:01,0,0,0,0,0,0,0,0,0,0,2,2,2,1,2,2
23:02,0,0,0,0,0,0,0,0,0,0,2,2,2,1,2,2
23:03,0,0,0,0,0,0,0,0,0,0,2,2,2,1,2,2
23:04,0,0,0,0,0,0,0,0,0,0,2,2,2,1,2,2
23:05,0,0,0,0,0,0,0,0,0,0,2,2,2,1,2,2
23:06,0,0,0,0,0,0,0,0,0,0,2,2,2,1,2,2
23:07,0,0,0,0,0,0,0,0,0,0,2,2,2,1,2,2
23:08,0,0,0,0,0,0,0,0,0,0,2,2,2,1,2,2
23:09,0,0,0,0,0,0,0,0,0,0,2,2,2,1,2,2
23:10,0,0,0,0,0,0,0,0,0,0,2,2,2,1,2,2
23:11,0,0,0,0,0,0,0,0,0,0,2,2,2,1,2,2
23:12,0,0,0,0,0,0,0,0,0,0,2,2,2,1,2,2
23:13,0,0,0,0,0,0,0,0,0,0,2,2,2,1,2,2
23:14,0,0,0,0,0,0,0,0,0,0,2,2,2,1,2,2
23:15,0,0,0,0,0,0,0,0,0,0,2,2,2,1,2,2
23:16,0,0,0,0,0,0,0,0,0,0,2,2,2,1,2,2
23:17,0,0,0,0,0,0,0,0,0,0,2,2,2,1,2,2
23:18,0,0,0,0,0,0,0,0,0,0,2,2,2,1,2,2
23:19,0,0,0,0,0,0,0,0,0,0,2,2,2,1,2,2
23:20,0,0,0,0,0,0,0,0,0,0,2,2,2,1,2,2
23:21,0,0,0,0,0,0,0,0,0,0,2,2,2,1,2,2
23:22,0,0,0,0,0,0,0,0,0,0,2,2,2,1,2,2
23:23,0,0,0,0,0,0,0,0,0,0,2,2,2,1,2,2
23:24,0,0,0,0,0,0,0,0,0,0,2,2,2,1,2,2
23:25,0,0,0,0,0,0,0,0,0,0,2,2,2,1,2,2
23:26,0,0,0,0,0,0,0,0,0,0,2,2,2,1,2,2
23:27,0,0,0,0,0,0,0,0,0,0,2,2,2,1,2,2
23:28,0,0,0,0,0,0,0,0,0,0,2,2,2,1,2,2
23:29,0,0,0,0,0,0,0,0,0,0,2,2,2,1,2,2
23:30,0,0,0,0,0,0,0,0,0,0,2,2,2,1,2,2
23:31,0,0,0,0,0,0,0,0,0,0,2,2,2,1,2,2
23:32,0,0,0,0,0,0,0,0,0,0,2,2,2,1,2,2
23:33,0,0,0,0,0,0,0,0,0,0,2,2,2,1,2,2
23:34,0,0,0,0,0,0,0,0,0,0,2,2,2,1,2,2
23:35,0,0,0,0,0,0,0,0,0,0,2,2,2,1,2,2
23:36,0,0,0,0,0,0,0,0,0,0,2,2,2,1,2,2
23:37,0,0,0,0,0,0,0,0,0,0,2,2,2,1,2,2
23:38,0,0,0,0,0,0,0,0,0,0,2,2,2,1,2,2
23:39,0,0,0,0,0,0,0,0,0,0,2,2,2,1,2,2
23:40,0,0,0,0,0,0,0,0,0,0,2,2,2,1,2,2
23:41,0,0,0,0,0,0,0,0,0,0,2,2,2,1,2,2
23:42,0,0,0,0,0,0,0,0,0,0,2,2,2,1,2,2
23:43,0,0,0,0,0,0,0,0,0,0,2,2,2,1,2,2
23:44,0,0,0,0,0,0,0,0,0,0,2,2,2,1,2,2
23:45,0,0,0,0,0,0,0,0,0,0,2,2,2,1,2,2
23:46,0,0,0,0,0,0,0,0,0,0,2,2,2,1,2,2
23:47,0,0,0,0,0,0,0,0,0,0,2,2,2,1,2,2
23:48,0,0,0,0,0,0,0,0,0,0,2,2,2,1,2,2
23:49,0,0,0,0,0,0,0,0,0,0,2,2,2,1,2,2
23:50,0,0,0,0,0,0,0,0,0,0,2,2,2,1,2,2
23:51,0,0,0,0,0,0,0,0,0,0,2,2,2,1,2,2
23:52,0,0,0,0,0,0,0,0,0,0,2,2,2,1,2,2
23:53,0,0,0,0,0,0,0,0,0,0,2,2,2,1,2,2
23:54,0,0,0,0,0,0,0,0,0,0,2,2,2,1,2,2
23:55,0,0,0,0,0,0,0,0,0,0,2,2,2,1,2,2
23:56,0,0,0,0,0,0,0,0,0,0,2,2,2,1,2,2
23:57,0,0,0,0,0,0,0,0,0,0,2,2,2,1,2,2
23:58,0,0,0,0,0,0,0,0,0,0,2,2,2,1,2,2
23:59,0,0,0,0,0,0,0,0,0,0,2,2,2,1,2,2