Time,VOLTAGE,CURRENT,THRUST,ALTITUDE,ACCELERATION,TEMPERATURE,SCIENCE_COLLECTION,[LABEL]: ERROR_STATE
0:00,13,3,0,2000,0,34.29,0,0
0:01,13.0,3.0,0.0,2000.08,0.17,34.28,1,0
0:02,13.0,3.0,-0.15,1999.93,-0.3,34.29,1,0
0:03,13.0,3.0,0.14,1999.96,0.07,34.29,1,0
0:04,13.0,3.0,0.08,1999.9,-0.13,34.29,1,0
0:05,13.0,3.0,0.2,1999.78,-0.24,34.3,1,0
0:06,13.01,3.0,0.44,1999.76,-0.05,34.3,1,0
0:07,13.01,3.0,0.48,1999.84,0.15,34.29,1,0
0:08,13.01,3.0,0.32,2000.02,0.36,34.28,1,0
0:09,13.0,3.0,-0.03,2000.17,0.29,34.28,1,0
0:10,13.01,3.0,-0.33,1999.93,-0.48,34.29,1,0
0:11,13.0,3.0,0.14,1999.98,0.11,34.29,1,0
0:12,13.0,3.0,0.04,1999.86,-0.25,34.29,1,0
0:13,13.01,3.0,0.28,1999.98,0.24,34.29,1,0
0:14,13.0,3.0,0.04,2000.21,0.46,34.27,1,0
0:15,13.01,3.0,-0.41,2000.3,0.18,34.27,1,0
0:16,13.01,3.01,-0.59,2000.33,0.06,34.27,1,0
0:17,13.02,3.01,-0.65,2000.13,-0.39,34.28,1,0
0:18,13.01,3.0,-0.25,2000.17,0.09,34.28,1,0
0:19,13.01,3.0,-0.33,2000.37,0.41,34.26,1,0
0:20,13.02,3.01,-0.73,2000.51,0.29,34.26,1,0
0:21,13.03,3.01,-1.01,2000.49,-0.03,34.26,1,0
0:22,13.02,3.01,-0.97,2000.51,0.05,34.26,1,0
0:23,13.03,3.01,-1.01,2000.31,-0.4,34.27,1,0
0:24,13.02,3.01,-0.61,2000.08,-0.45,34.28,1,0
0:25,13.0,3.0,-0.15,2000.25,0.34,34.27,1,0
0:26,13.01,3.0,-0.49,2000.37,0.25,34.26,1,0
0:27,13.02,3.01,-0.73,2000.59,0.45,34.25,1,0
0:28,13.03,3.01,-1.17,2000.82,0.46,34.24,1,0
0:29,13.04,3.02,-1.63,2001.05,0.47,34.23,1,0
0:30,13.05,3.02,-2.09,2000.94,-0.21,34.23,1,0
0:31,13.05,3.02,-1.87,2000.82,-0.22,34.24,1,0
0:32,13.04,3.02,-1.63,2000.9,0.18,34.23,1,0
0:33,13.04,3.02,-1.79,2000.81,-0.16,34.24,1,0
0:34,13.04,3.02,-1.61,2000.6,-0.4,34.25,1,0
0:35,13.03,3.01,-1.19,2000.63,0.08,34.25,1,0
0:36,13.03,3.01,-1.25,2000.7,0.16,34.25,1,0
0:37,13.03,3.01,-1.39,2000.55,-0.29,34.25,1,0
0:38,13.03,3.01,-1.09,2000.37,-0.35,34.26,1,0
0:39,13.02,3.01,-0.73,2000.56,0.4,34.25,1,0
0:40,13.03,3.01,-1.11,2000.5,-0.12,34.26,1,0
0:41,13.02,3.01,-0.99,2000.52,0.06,34.26,1,0
0:42,13.03,3.01,-1.03,2000.6,0.17,34.25,1,0
0:43,13.03,3.01,-1.19,2000.4,-0.38,34.26,1,0
0:44,13.02,3.01,-0.79,2000.46,0.14,34.26,1,0
0:45,13.02,3.01,-0.91,2000.47,0.02,34.26,1,0
0:46,13.02,3.01,-0.93,2000.58,0.23,34.25,1,0
0:47,13.03,3.01,-1.15,2000.48,-0.19,34.26,1,0
0:48,13.02,3.01,-0.95,2000.57,0.2,34.25,1,0
0:49,13.03,3.01,-1.13,2000.67,0.21,34.25,1,0
0:50,13.03,3.01,-1.33,2000.52,-0.29,34.26,1,0
0:51,13.03,3.01,-1.03,2000.71,0.4,34.25,1,0
0:52,13.04,3.01,-1.41,2000.79,0.17,34.24,1,0
0:53,13.04,3.02,-1.57,2000.78,0.0,34.24,1,0
0:54,13.04,3.02,-1.55,2000.54,-0.46,34.25,1,0
0:55,13.03,3.01,-1.07,2000.46,-0.15,34.26,1,0
0:56,13.02,3.01,-0.91,2000.64,0.37,34.25,1,0
0:57,13.03,3.01,-1.27,2000.39,-0.49,34.26,1,0
0:58,13.02,3.01,-0.77,2000.29,-0.19,34.27,1,0
0:59,13.01,3.01,-0.57,2000.46,0.35,34.26,1,0
1:00,13.02,3.01,-0.91,2000.42,-0.08,34.26,1,0
1:01,13.02,3.01,-0.83,2000.44,0.05,34.26,1,0
1:02,13.02,3.01,-0.87,2000.44,0.0,34.26,1,0
1:03,13.02,3.01,-0.87,2000.32,-0.24,34.27,1,0
1:04,13.02,3.01,-0.63,2000.21,-0.21,34.27,1,0
1:05,13.01,3.0,-0.41,2000.26,0.1,34.27,1,0
1:06,13.01,3.01,-0.51,2000.18,-0.16,34.28,1,0
1:07,13.01,3.0,-0.35,2000.38,0.4,34.26,1,0
1:08,13.02,3.01,-0.75,2000.35,-0.06,34.27,1,0
1:09,13.02,3.01,-0.69,2000.12,-0.45,34.28,1,0
1:10,13.01,3.0,-0.23,2000.12,0.01,34.28,1,0
1:11,13.01,3.0,-0.23,2000.03,-0.18,34.28,1,0
1:12,13.0,3.0,-0.05,2000.13,0.21,34.28,1,0
1:13,13.01,3.0,-0.25,2000.21,0.16,34.27,1,0
1:14,13.01,3.0,-0.41,2000.2,-0.02,34.27,1,0
1:15,13.01,3.0,-0.39,2000.28,0.17,34.27,1,0
1:16,13.01,3.01,-0.55,2000.4,0.24,34.26,1,0
1:17,13.02,3.01,-0.79,2000.6,0.41,34.25,1,0
1:18,13.03,3.01,-1.19,2000.68,0.17,34.25,1,0
1:19,13.03,3.01,-1.35,2000.82,0.29,34.24,1,0
1:20,13.04,3.02,-1.63,2000.89,0.15,34.23,1,0
1:21,13.04,3.02,-1.77,2000.69,-0.38,34.25,1,0
1:22,13.03,3.01,-1.37,2000.85,0.33,34.24,1,0
1:23,13.04,3.02,-1.69,2001.08,0.48,34.22,1,0
1:24,13.05,3.02,-2.15,2001.24,0.34,34.21,1,0
1:25,13.06,3.02,-2.47,2001.44,0.42,34.2,1,0
1:26,13.07,3.03,-2.87,2001.26,-0.34,34.21,1,0
1:27,13.06,3.03,-2.51,2001.25,0.0,34.21,1,0
1:28,13.06,3.02,-2.49,2001.46,0.44,34.2,1,0
1:29,13.07,3.03,-2.91,2001.2,-0.5,34.22,1,0
1:30,13.06,3.02,-2.39,2001.26,0.14,34.21,1,0
1:31,13.06,3.03,-2.51,2001.11,-0.27,34.22,1,0
1:32,13.06,3.02,-2.21,2000.86,-0.48,34.24,1,0
1:33,13.04,3.02,-1.71,2000.65,-0.4,34.25,1,0
1:34,13.03,3.01,-1.29,2000.61,-0.06,34.25,1,0
1:35,13.03,3.01,-1.21,2000.83,0.46,34.24,1,0
1:36,13.04,3.02,-1.65,2000.6,-0.45,34.25,1,0
1:37,13.03,3.01,-1.19,2000.46,-0.26,34.26,1,0
1:38,13.02,3.01,-0.91,2000.3,-0.31,34.27,1,0
1:39,13.01,3.01,-0.59,2000.2,-0.2,34.27,1,0
1:40,13.01,3.0,-0.39,2000.01,-0.37,34.29,1,0
1:41,13.0,3.0,-0.01,1999.91,-0.19,34.29,1,0
1:42,13.0,3.0,0.18,1999.81,-0.2,34.3,1,0
1:43,13.01,3.0,0.38,1999.69,-0.25,34.3,1,0
1:44,13.02,3.01,0.62,1999.52,-0.34,34.31,1,0
1:45,13.02,3.01,0.96,1999.31,-0.42,34.33,1,0
1:46,13.03,3.01,1.38,1999.18,-0.26,34.33,1,0
1:47,13.04,3.02,1.64,1999.24,0.11,34.33,1,0
1:48,13.04,3.02,1.52,1999.46,0.42,34.32,1,0
1:49,13.03,3.01,1.08,1999.41,-0.12,34.32,1,0
1:50,13.03,3.01,1.18,1999.3,-0.23,34.33,1,0
1:51,13.03,3.01,1.4,1999.21,-0.2,34.33,1,0
1:52,13.04,3.02,1.58,1999.33,0.22,34.32,1,0
1:53,13.03,3.01,1.34,1999.35,0.03,34.32,1,0
1:54,13.03,3.01,1.3,1999.12,-0.47,34.34,1,0
1:55,13.04,3.02,1.76,1999.23,0.2,34.33,1,0
1:56,13.04,3.02,1.54,1999.09,-0.29,34.34,1,0
1:57,13.05,3.02,1.82,1999.25,0.31,34.33,1,0
1:58,13.04,3.01,1.5,1999.11,-0.29,34.34,1,0
1:59,13.04,3.02,1.78,1999.15,0.06,34.33,1,0
2:00,13.04,3.02,1.7,1999.16,0.0,34.33,1,0
2:01,13.04,3.02,1.68,1999.04,-0.26,34.34,1,0
2:02,13.05,3.02,1.92,1998.88,-0.34,34.35,1,0
2:03,13.06,3.02,2.24,1998.97,0.17,34.34,1,0
2:04,13.05,3.02,2.06,1999.15,0.34,34.33,1,0
2:05,13.04,3.02,1.7,1999.09,-0.14,34.34,1,0
2:06,13.05,3.02,1.82,1999.06,-0.07,34.34,1,0
2:07,13.05,3.02,1.88,1999.23,0.32,34.33,1,0
2:08,13.04,3.02,1.54,1999.22,-0.04,34.33,1,0
2:09,13.04,3.02,1.56,1999.17,-0.12,34.33,1,0
2:10,13.04,3.02,1.66,1998.96,-0.43,34.35,1,0
2:11,13.05,3.02,2.08,1998.83,-0.27,34.35,1,0
2:12,13.06,3.02,2.34,1998.84,-0.01,34.35,1,0
2:13,13.06,3.02,2.32,1999.11,0.51,34.34,1,0
2:14,13.04,3.02,1.78,1998.91,-0.43,34.35,1,0
2:15,13.05,3.02,2.18,1998.81,-0.22,34.35,1,0
2:16,13.06,3.02,2.38,1998.72,-0.2,34.36,1,0
2:17,13.06,3.03,2.56,1998.58,-0.31,34.37,1,0
2:18,13.07,3.03,2.84,1998.65,0.12,34.36,1,0
2:19,13.07,3.03,2.7,1998.67,0.02,34.36,1,0
2:20,13.07,3.03,2.66,1998.71,0.06,34.36,1,0
2:21,13.06,3.03,2.58,1998.55,-0.34,34.37,1,0
2:22,13.07,3.03,2.9,1998.64,0.15,34.36,1,0
2:23,13.07,3.03,2.72,1998.43,-0.45,34.38,1,0
2:24,13.08,3.03,3.14,1998.35,-0.18,34.38,1,0
2:25,13.08,3.03,3.3,1998.48,0.23,34.37,1,0
2:26,13.08,3.03,3.04,1998.46,-0.08,34.37,1,0
2:27,13.08,3.03,3.08,1998.37,-0.21,34.38,1,0
2:28,13.08,3.03,3.26,1998.21,-0.35,34.39,1,0
2:29,13.09,3.04,3.58,1998.3,0.14,34.38,1,0
2:30,13.08,3.03,3.4,1998.54,0.45,34.37,1,0
2:31,13.07,3.03,2.92,1998.66,0.2,34.36,1,0
2:32,13.07,3.03,2.68,1998.72,0.1,34.36,1,0
2:33,13.06,3.03,2.56,1998.61,-0.24,34.37,1,0
2:34,13.07,3.03,2.78,1998.67,0.1,34.36,1,0
2:35,13.07,3.03,2.66,1998.9,0.44,34.35,1,0
2:36,13.05,3.02,2.2,1998.74,-0.35,34.36,1,0
2:37,13.06,3.03,2.52,1998.63,-0.24,34.36,1,0
2:38,13.07,3.03,2.74,1998.5,-0.28,34.37,1,0
2:39,13.07,3.03,3.0,1998.46,-0.11,34.37,1,0
2:40,13.08,3.03,3.08,1998.58,0.21,34.37,1,0
2:41,13.07,3.03,2.84,1998.56,-0.08,34.37,1,0
2:42,13.07,3.03,2.88,1998.79,0.44,34.35,1,0
2:43,13.06,3.02,2.42,1998.93,0.25,34.35,1,0
2:44,13.05,3.02,2.14,1999.18,0.47,34.33,1,0
2:45,13.04,3.02,1.64,1999.19,-0.01,34.33,1,0
2:46,13.04,3.02,1.62,1999.42,0.44,34.32,1,0
2:47,13.03,3.01,1.16,1999.46,0.07,34.32,1,0
2:48,13.03,3.01,1.08,1999.46,-0.02,34.32,1,0
2:49,13.03,3.01,1.08,1999.49,0.04,34.31,1,0
2:50,13.03,3.01,1.02,1999.72,0.44,34.3,1,0
2:51,13.01,3.01,0.56,1999.66,-0.14,34.31,1,0
2:52,13.02,3.01,0.68,1999.48,-0.37,34.32,1,0
2:53,13.03,3.01,1.04,1999.62,0.27,34.31,1,0
2:54,13.02,3.01,0.76,1999.47,-0.31,34.32,1,0
2:55,13.03,3.01,1.06,1999.48,0.02,34.32,1,0
2:56,13.03,3.01,1.04,1999.28,-0.42,34.33,1,0
2:57,13.04,3.01,1.44,1999.07,-0.43,34.34,1,0
2:58,13.05,3.02,1.86,1999.14,0.12,34.33,1,0
2:59,13.04,3.02,1.72,1999.03,-0.24,34.34,1,0
3:00,13.05,3.02,1.94,1999.26,0.44,34.33,1,0
3:01,13.04,3.01,1.48,1999.06,-0.42,34.34,1,0
3:02,13.05,3.02,1.88,1998.9,-0.33,34.35,1,0
3:03,13.05,3.02,2.2,1999.04,0.27,34.34,1,0
3:04,13.05,3.02,1.92,1999.29,0.48,34.33,1,0
3:05,13.04,3.01,1.42,1999.52,0.45,34.31,1,0
3:06,13.02,3.01,0.96,1999.69,0.32,34.3,1,0
3:07,13.02,3.01,0.62,1999.74,0.1,34.3,1,0
3:08,13.01,3.01,0.52,1999.6,-0.29,34.31,1,0
3:09,13.02,3.01,0.8,1999.7,0.2,34.3,1,0
3:10,13.01,3.01,0.6,1999.51,-0.38,34.31,1,0
3:11,13.02,3.01,0.98,1999.61,0.19,34.31,1,0
3:12,13.02,3.01,0.78,1999.81,0.4,34.3,1,0
3:13,13.01,3.0,0.38,1999.98,0.33,34.29,1,0
3:14,13.0,3.0,0.04,2000.06,0.16,34.28,1,0
3:15,13.0,3.0,-0.11,2000.26,0.39,34.27,1,0
3:16,13.01,3.01,-0.51,2000.11,-0.29,34.28,1,0
3:17,13.01,3.0,-0.21,2000.1,-0.01,34.28,1,0
3:18,13.0,3.0,-0.19,2000.05,-0.09,34.28,1,0
3:19,13.0,3.0,-0.09,2000.21,0.32,34.27,1,0
3:20,13.01,3.0,-0.41,2000.08,-0.26,34.28,1,0
3:21,13.0,3.0,-0.15,1999.93,-0.29,34.29,1,0
3:22,13.0,3.0,0.14,2000.11,0.37,34.28,1,0
3:23,13.01,3.0,-0.21,1999.88,-0.47,34.29,1,0
3:24,13.01,3.0,0.24,2000.07,0.39,34.28,1,0
3:25,13.0,3.0,-0.13,2000.26,0.37,34.27,1,0
3:26,13.01,3.01,-0.51,2000.37,0.22,34.26,1,0
3:27,13.02,3.01,-0.73,2000.28,-0.17,34.27,1,0
3:28,13.01,3.01,-0.55,2000.05,-0.45,34.28,1,0
3:29,13.0,3.0,-0.09,2000.25,0.4,34.27,1,0
3:30,13.01,3.0,-0.49,2000.3,0.1,34.27,1,0
3:31,13.01,3.01,-0.59,2000.28,-0.03,34.27,1,0
3:32,13.01,3.01,-0.55,2000.29,0.03,34.27,1,0
3:33,13.01,3.01,-0.57,2000.47,0.37,34.26,1,0
3:34,13.02,3.01,-0.93,2000.27,-0.39,34.27,1,0
3:35,13.01,3.01,-0.53,2000.25,-0.04,34.27,1,0
3:36,13.01,3.0,-0.49,2000.35,0.2,34.27,1,0
3:37,13.02,3.01,-0.69,2000.32,-0.05,34.27,1,0
3:38,13.02,3.01,-0.63,2000.21,-0.21,34.27,1,0
3:39,13.01,3.0,-0.41,2000.45,0.49,34.26,1,0
3:40,13.02,3.01,-0.89,2000.48,0.06,34.26,1,0
3:41,13.02,3.01,-0.95,2000.4,-0.15,34.26,1,0
3:42,13.02,3.01,-0.79,2000.47,0.15,34.26,1,0
3:43,13.02,3.01,-0.93,2000.44,-0.06,34.26,1,0
3:44,13.02,3.01,-0.87,2000.58,0.28,34.25,1,0
3:45,13.03,3.01,-1.15,2000.44,-0.28,34.26,1,0
3:46,13.02,3.01,-0.87,2000.64,0.42,34.25,1,0
3:47,13.03,3.01,-1.27,2000.64,0.0,34.25,1,0
3:48,13.03,3.01,-1.27,2000.63,0.0,34.25,1,0
3:49,13.03,3.01,-1.25,2000.58,-0.09,34.25,1,0
3:50,13.03,3.01,-1.15,2000.45,-0.25,34.26,1,0
3:51,13.02,3.01,-0.89,2000.5,0.11,34.26,1,0
3:52,13.02,3.01,-0.99,2000.69,0.38,34.25,1,0
3:53,13.03,3.01,-1.37,2000.82,0.28,34.24,1,0
3:54,13.04,3.02,-1.63,2000.92,0.22,34.23,1,0
3:55,13.05,3.02,-1.83,2001.15,0.48,34.22,1,0
3:56,13.06,3.02,-2.29,2001.19,0.09,34.22,1,0
3:57,13.06,3.02,-2.37,2001.09,-0.17,34.22,1,0
3:58,13.05,3.02,-2.17,2001.28,0.4,34.21,1,0
3:59,13.06,3.03,-2.55,2001.02,-0.5,34.23,1,0
4:00,13.05,3.02,-2.03,2001.17,0.33,34.22,1,0
4:01,13.06,3.02,-2.33,2001.2,0.09,34.22,1,0
4:02,13.06,3.02,-2.39,2001.38,0.39,34.21,1,0
4:03,13.07,3.03,-2.75,2001.4,0.07,34.21,1,0
4:04,13.07,3.03,-2.79,2001.36,-0.05,34.21,1,0
4:05,13.07,3.03,-2.71,2001.36,0.03,34.21,1,0
4:06,13.07,3.03,-2.71,2001.26,-0.18,34.21,1,0
4:07,13.06,3.03,-2.51,2001.39,0.28,34.21,1,0
4:08,13.07,3.03,-2.77,2001.42,0.08,34.2,1,0
4:09,13.07,3.03,-2.83,2001.48,0.15,34.2,1,0
4:10,13.07,3.03,-2.95,2001.39,-0.16,34.21,1,0
4:11,13.07,3.03,-2.77,2001.44,0.13,34.2,1,0
4:12,13.07,3.03,-2.87,2001.44,0.03,34.2,1,0
4:13,13.07,3.03,-2.87,2001.24,-0.37,34.21,1,0
4:14,13.06,3.02,-2.47,2001.1,-0.25,34.22,1,0
4:15,13.05,3.02,-2.19,2001.09,0.0,34.22,1,0
4:16,13.05,3.02,-2.17,2000.91,-0.34,34.23,1,0
4:17,13.05,3.02,-1.81,2000.85,-0.09,34.24,1,0
4:18,13.04,3.02,-1.69,2001.0,0.31,34.23,1,0
4:19,13.05,3.02,-1.99,2001.03,0.08,34.23,1,0
4:20,13.05,3.02,-2.05,2001.19,0.34,34.22,1,0
4:21,13.06,3.02,-2.37,2000.94,-0.48,34.23,1,0
4:22,13.05,3.02,-1.87,2000.92,-0.02,34.23,1,0
4:23,13.05,3.02,-1.83,2000.69,-0.44,34.25,1,0
4:24,13.03,3.01,-1.37,2000.71,0.05,34.25,1,0
4:25,13.04,3.01,-1.41,2000.48,-0.44,34.26,1,0
4:26,13.02,3.01,-0.95,2000.55,0.16,34.25,1,0
4:27,13.03,3.01,-1.09,2000.69,0.29,34.25,1,0
4:28,13.03,3.01,-1.37,2000.46,-0.44,34.26,1,0
4:29,13.02,3.01,-0.91,2000.24,-0.42,34.27,1,0
4:30,13.01,3.0,-0.47,2000.05,-0.37,34.28,1,0
4:31,13.0,3.0,-0.09,1999.82,-0.45,34.3,1,0
4:32,13.01,3.0,0.36,2000.0,0.37,34.29,1,0
4:33,13.0,3.0,0.0,1999.86,-0.29,34.29,1,0
4:34,13.01,3.0,0.28,1999.67,-0.37,34.3,1,0
4:35,13.02,3.01,0.66,1999.51,-0.32,34.31,1,0
4:36,13.02,3.01,0.98,1999.34,-0.34,34.32,1,0
4:37,13.03,3.01,1.32,1999.15,-0.39,34.33,1,0
4:38,13.04,3.02,1.7,1999.04,-0.24,34.34,1,0
4:39,13.05,3.02,1.92,1999.29,0.48,34.33,1,0
4:40,13.04,3.01,1.42,1999.53,0.46,34.31,1,0
4:41,13.02,3.01,0.94,1999.36,-0.36,34.32,1,0
4:42,13.03,3.01,1.28,1999.5,0.27,34.31,1,0
4:43,13.02,3.01,1.0,1999.37,-0.28,34.32,1,0
4:44,13.03,3.01,1.26,1999.6,0.46,34.31,1,0
4:45,13.02,3.01,0.8,1999.66,0.11,34.31,1,0
4:46,13.02,3.01,0.68,1999.67,0.01,34.3,1,0
4:47,13.02,3.01,0.66,1999.49,-0.36,34.31,1,0
4:48,13.03,3.01,1.02,1999.54,0.1,34.31,1,0
4:49,13.02,3.01,0.92,1999.68,0.27,34.3,1,0
4:50,13.02,3.01,0.64,1999.72,0.08,34.3,1,0
4:51,13.01,3.01,0.56,1999.52,-0.41,34.31,1,0
4:52,13.02,3.01,0.96,1999.58,0.11,34.31,1,0
4:53,13.02,3.01,0.84,1999.5,-0.17,34.31,1,0
4:54,13.02,3.01,1.0,1999.74,0.47,34.3,1,0
4:55,13.01,3.01,0.52,1999.67,-0.14,34.3,1,0
4:56,13.02,3.01,0.66,1999.79,0.23,34.3,1,0
4:57,13.01,3.0,0.42,1999.66,-0.26,34.31,1,0
4:58,13.02,3.01,0.68,1999.9,0.47,34.29,1,0
4:59,13.0,3.0,0.2,1999.85,-0.11,34.29,1,0
5:00,13.01,3.0,0.3,1999.7,-0.31,34.3,1,0
5:01,13.01,3.01,0.6,1999.51,-0.38,34.31,1,0
5:02,13.02,3.01,0.98,1999.66,0.3,34.31,1,0
5:03,13.02,3.01,0.68,1999.78,0.24,34.3,1,0
5:04,13.01,3.0,0.44,2000.0,0.44,34.29,1,0
5:05,13.0,3.0,0.0,1999.96,-0.09,34.29,1,0
5:06,13.0,3.0,0.08,1999.86,-0.19,34.29,1,0
5:07,13.01,3.0,0.28,1999.97,0.21,34.29,1,0
5:08,13.0,3.0,0.06,1999.9,-0.15,34.29,1,0
5:09,13.0,3.0,0.2,2000.03,0.25,34.28,1,0
5:10,13.0,3.0,-0.05,2000.17,0.27,34.28,1,0
5:11,13.01,3.0,-0.33,2000.12,-0.09,34.28,1,0
5:12,13.01,3.0,-0.23,2000.19,0.14,34.27,1,0
5:13,13.01,3.0,-0.37,2000.35,0.32,34.27,1,0
5:14,13.02,3.01,-0.69,2000.57,0.45,34.25,1,0
5:15,13.03,3.01,-1.13,2000.49,-0.15,34.26,1,0
5:16,13.02,3.01,-0.97,2000.42,-0.13,34.26,1,0
5:17,13.02,3.01,-0.83,2000.23,-0.38,34.27,1,0
5:18,13.01,3.0,-0.45,2000.07,-0.32,34.28,1,0
5:19,13.0,3.0,-0.13,2000.04,-0.06,34.28,1,0
5:20,13.0,3.0,-0.07,2000.27,0.46,34.27,1,0
5:21,13.01,3.01,-0.53,2000.27,0.0,34.27,1,0
5:22,13.01,3.01,-0.53,2000.36,0.18,34.27,1,0
5:23,13.02,3.01,-0.71,2000.58,0.45,34.25,1,0
5:24,13.03,3.01,-1.15,2000.72,0.29,34.24,1,0
5:25,13.04,3.01,-1.43,2000.7,-0.02,34.25,1,0
5:26,13.03,3.01,-1.39,2000.53,-0.33,34.26,1,0
5:27,13.03,3.01,-1.05,2000.61,0.17,34.25,1,0
5:28,13.03,3.01,-1.21,2000.5,-0.21,34.26,1,0
5:29,13.02,3.01,-0.99,2000.55,0.11,34.25,1,0
5:30,13.03,3.01,-1.09,2000.31,-0.46,34.27,1,0
5:31,13.02,3.01,-0.61,2000.21,-0.18,34.27,1,0
5:32,13.01,3.0,-0.41,2000.02,-0.38,34.28,1,0
5:33,13.0,3.0,-0.03,1999.97,-0.09,34.29,1,0
5:34,13.0,3.0,0.06,2000.12,0.31,34.28,1,0
5:35,13.01,3.0,-0.23,2000.29,0.34,34.27,1,0
5:36,13.01,3.01,-0.57,2000.47,0.37,34.26,1,0
5:37,13.02,3.01,-0.93,2000.49,0.04,34.26,1,0
5:38,13.02,3.01,-0.97,2000.71,0.44,34.25,1,0
5:39,13.04,3.01,-1.41,2000.67,-0.07,34.25,1,0
5:40,13.03,3.01,-1.33,2000.76,0.19,34.24,1,0
5:41,13.04,3.02,-1.51,2000.65,-0.2,34.25,1,0
5:42,13.03,3.01,-1.29,2000.88,0.48,34.24,1,0
5:43,13.04,3.02,-1.75,2000.8,-0.15,34.24,1,0
5:44,13.04,3.02,-1.59,2000.58,-0.42,34.25,1,0
5:45,13.03,3.01,-1.15,2000.8,0.46,34.24,1,0
5:46,13.04,3.02,-1.59,2000.73,-0.12,34.24,1,0
5:47,13.04,3.01,-1.45,2000.77,0.09,34.24,1,0
5:48,13.04,3.02,-1.53,2000.64,-0.25,34.25,1,0
5:49,13.03,3.01,-1.27,2000.48,-0.31,34.26,1,0
5:50,13.02,3.01,-0.95,2000.47,0.0,34.26,1,0
5:51,13.02,3.01,-0.93,2000.46,-0.01,34.26,1,0
5:52,13.02,3.01,-0.91,2000.62,0.32,34.25,1,0
5:53,13.03,3.01,-1.23,2000.62,0.01,34.25,1,0
5:54,13.03,3.01,-1.23,2000.53,-0.16,34.26,1,0
5:55,13.03,3.01,-1.05,2000.41,-0.22,34.26,1,0
5:56,13.02,3.01,-0.81,2000.47,0.13,34.26,1,0
5:57,13.02,3.01,-0.93,2000.54,0.14,34.25,1,0
5:58,13.03,3.01,-1.07,2000.75,0.42,34.24,1,0
5:59,13.04,3.01,-1.49,2000.78,0.07,34.24,1,0
6:00,13.04,3.02,-1.55,2000.98,0.42,34.23,1,0
6:01,13.05,3.02,-1.95,2000.91,-0.12,34.23,1,0
6:02,13.05,3.02,-1.81,2000.69,-0.42,34.25,1,0
6:03,13.03,3.01,-1.37,2000.7,0.03,34.25,1,0
6:04,13.03,3.01,-1.39,2000.52,-0.35,34.26,1,0
6:05,13.03,3.01,-1.03,2000.41,-0.21,34.26,1,0
6:06,13.02,3.01,-0.81,2000.27,-0.26,34.27,1,0
6:07,13.01,3.01,-0.53,2000.24,-0.06,34.27,1,0
6:08,13.01,3.0,-0.47,2000.29,0.11,34.27,1,0
6:09,13.01,3.01,-0.57,2000.12,-0.33,34.28,1,0
6:10,13.01,3.0,-0.23,1999.96,-0.32,34.29,1,0
6:11,13.0,3.0,0.08,1999.95,-0.02,34.29,1,0
6:12,13.0,3.0,0.1,2000.07,0.24,34.28,1,0
6:13,13.0,3.0,-0.13,2000.04,-0.06,34.28,1,0
6:14,13.0,3.0,-0.07,1999.9,-0.27,34.29,1,0
6:15,13.0,3.0,0.2,1999.86,-0.08,34.29,1,0
6:16,13.01,3.0,0.28,2000.05,0.37,34.28,1,0
6:17,13.0,3.0,-0.09,2000.18,0.25,34.28,1,0
6:18,13.01,3.0,-0.35,1999.97,-0.41,34.29,1,0
6:19,13.0,3.0,0.06,1999.95,-0.03,34.29,1,0
6:20,13.0,3.0,0.1,1999.71,-0.49,34.3,1,0
6:21,13.01,3.01,0.58,1999.87,0.31,34.29,1,0
6:22,13.01,3.0,0.26,1999.78,-0.19,34.3,1,0
6:23,13.01,3.0,0.44,1999.85,0.14,34.29,1,0
6:24,13.01,3.0,0.3,1999.82,-0.07,34.3,1,0
6:25,13.01,3.0,0.36,1999.63,-0.38,34.31,1,0
6:26,13.02,3.01,0.74,1999.7,0.14,34.3,1,0
6:27,13.01,3.01,0.6,1999.77,0.14,34.3,1,0
6:28,13.01,3.0,0.46,1999.73,-0.09,34.3,1,0
6:29,13.01,3.01,0.54,1999.87,0.27,34.29,1,0
6:30,13.01,3.0,0.26,1999.91,0.07,34.29,1,0
6:31,13.0,3.0,0.18,1999.67,-0.49,34.3,1,0
6:32,13.02,3.01,0.66,1999.53,-0.28,34.31,1,0
6:33,13.02,3.01,0.94,1999.44,-0.19,34.32,1,0
6:34,13.03,3.01,1.12,1999.59,0.29,34.31,1,0
6:35,13.02,3.01,0.82,1999.52,-0.16,34.31,1,0
6:36,13.02,3.01,0.96,1999.56,0.07,34.31,1,0
6:37,13.02,3.01,0.88,1999.79,0.45,34.3,1,0
6:38,13.01,3.0,0.42,1999.92,0.25,34.29,1,0
6:39,13.0,3.0,0.16,1999.92,0.0,34.29,1,0
6:40,13.0,3.0,0.16,2000.04,0.23,34.28,1,0
6:41,13.0,3.0,-0.07,1999.9,-0.28,34.29,1,0
6:42,13.0,3.0,0.2,2000.1,0.4,34.28,1,0
6:43,13.0,3.0,-0.19,2000.16,0.11,34.28,1,0
6:44,13.01,3.0,-0.31,2000.04,-0.23,34.28,1,0
6:45,13.0,3.0,-0.07,2000.21,0.34,34.27,1,0
6:46,13.01,3.0,-0.41,2000.27,0.12,34.27,1,0
6:47,13.01,3.01,-0.53,2000.04,-0.45,34.28,1,0
6:48,13.0,3.0,-0.07,2000.23,0.39,34.27,1,0
6:49,13.01,3.0,-0.45,2000.31,0.16,34.27,1,0
6:50,13.02,3.01,-0.61,2000.33,0.05,34.27,1,0
6:51,13.02,3.01,-0.65,2000.54,0.43,34.25,1,0
6:52,13.03,3.01,-1.07,2000.33,-0.42,34.27,1,0
6:53,13.02,3.01,-0.65,2000.14,-0.37,34.28,1,0
6:54,13.01,3.0,-0.27,2000.03,-0.21,34.28,1,0
6:55,13.0,3.0,-0.05,1999.92,-0.21,34.29,1,0
6:56,13.0,3.0,0.16,2000.02,0.2,34.28,1,0
6:57,13.0,3.0,-0.03,1999.92,-0.21,34.29,1,0
6:58,13.0,3.0,0.16,1999.97,0.11,34.29,1,0
6:59,13.0,3.0,0.06,1999.82,-0.3,34.3,1,0
7:00,13.01,3.0,0.36,1999.9,0.16,34.29,1,0
7:01,13.0,3.0,0.2,2000.05,0.3,34.28,1,0
7:02,13.0,3.0,-0.09,2000.3,0.49,34.27,1,0
7:03,13.01,3.01,-0.59,2000.43,0.26,34.26,1,0
7:04,13.02,3.01,-0.85,2000.36,-0.13,34.27,1,0
7:05,13.02,3.01,-0.71,2000.46,0.21,34.26,1,0
7:06,13.02,3.01,-0.91,2000.22,-0.48,34.27,1,0
7:07,13.01,3.0,-0.43,2000.29,0.14,34.27,1,0
7:08,13.01,3.01,-0.57,2000.19,-0.19,34.27,1,0
7:09,13.01,3.0,-0.37,2000.0,-0.37,34.29,1,0
7:10,13.0,3.0,0.0,1999.77,-0.46,34.3,1,0
7:11,13.01,3.0,0.46,1999.9,0.26,34.29,1,0
7:12,13.0,3.0,0.2,2000.04,0.28,34.28,1,0
7:13,13.0,3.0,-0.07,1999.96,-0.16,34.29,1,0
7:14,13.0,3.0,0.08,1999.85,-0.22,34.29,1,0
7:15,13.01,3.0,0.3,1999.83,-0.04,34.3,1,0
7:16,13.01,3.0,0.34,1999.86,0.06,34.29,1,0
7:17,13.01,3.0,0.28,1999.95,0.18,34.29,1,0
7:18,13.0,3.0,0.1,2000.19,0.48,34.27,1,0
7:19,13.01,3.0,-0.37,2000.24,0.09,34.27,1,0
7:20,13.01,3.0,-0.47,2000.39,0.31,34.26,1,0
7:21,13.02,3.01,-0.77,2000.48,0.19,34.26,1,0
7:22,13.02,3.01,-0.95,2000.29,-0.38,34.27,1,0
7:23,13.01,3.01,-0.57,2000.1,-0.37,34.28,1,0
7:24,13.0,3.0,-0.19,1999.99,-0.21,34.29,1,0
7:25,13.0,3.0,0.02,1999.88,-0.22,34.29,1,0
7:26,13.01,3.0,0.24,2000.13,0.49,34.28,1,0
7:27,13.01,3.0,-0.25,2000.32,0.37,34.27,1,0
7:28,13.02,3.01,-0.63,2000.27,-0.1,34.27,1,0
7:29,13.01,3.01,-0.53,2000.42,0.3,34.26,1,0
7:30,13.02,3.01,-0.83,2000.63,0.42,34.25,1,0
7:31,13.03,3.01,-1.25,2000.81,0.36,34.24,1,0
7:32,13.04,3.02,-1.61,2001.0,0.4,34.23,1,0
7:33,13.05,3.02,-1.99,2001.19,0.39,34.22,1,0
7:34,13.06,3.02,-2.37,2001.22,0.09,34.22,1,0
7:35,13.06,3.02,-2.43,2001.01,-0.39,34.23,1,0
7:36,13.05,3.02,-2.01,2000.91,-0.18,34.23,1,0
7:37,13.05,3.02,-1.81,2000.82,-0.16,34.24,1,0
7:38,13.04,3.02,-1.63,2000.76,-0.1,34.24,1,0
7:39,13.04,3.02,-1.51,2000.62,-0.27,34.25,1,0
7:40,13.03,3.01,-1.23,2000.46,-0.3,34.26,1,0
7:41,13.02,3.01,-0.91,2000.6,0.29,34.25,1,0
7:42,13.03,3.01,-1.19,2000.66,0.13,34.25,1,0
7:43,13.03,3.01,-1.31,2000.86,0.42,34.24,1,0
7:44,13.04,3.02,-1.71,2000.81,-0.09,34.24,1,0
7:45,13.04,3.02,-1.61,2000.87,0.13,34.24,1,0
7:46,13.04,3.02,-1.73,2000.91,0.1,34.23,1,0
7:47,13.05,3.02,-1.81,2000.82,-0.16,34.24,1,0
7:48,13.04,3.02,-1.63,2000.9,0.18,34.23,1,0
7:49,13.04,3.02,-1.79,2000.66,-0.47,34.25,1,0
7:50,13.03,3.01,-1.31,2000.67,0.04,34.25,1,0
7:51,13.03,3.01,-1.33,2000.9,0.48,34.23,1,0
7:52,13.04,3.02,-1.79,2000.72,-0.34,34.24,1,0
7:53,13.04,3.01,-1.43,2000.72,0.02,34.24,1,0
7:54,13.04,3.01,-1.43,2000.92,0.41,34.23,1,0
7:55,13.05,3.02,-1.83,2000.79,-0.25,34.24,1,0
7:56,13.04,3.02,-1.57,2001.01,0.45,34.23,1,0
7:57,13.05,3.02,-2.01,2000.81,-0.38,34.24,1,0
7:58,13.04,3.02,-1.61,2000.96,0.32,34.23,1,0
7:59,13.05,3.02,-1.91,2001.16,0.42,34.22,1,0
8:00,13.06,3.02,-2.31,2001.16,0.02,34.22,1,0
8:01,13.06,3.02,-2.31,2000.95,-0.39,34.23,1,0
8:02,13.05,3.02,-1.89,2000.9,-0.08,34.23,1,0
8:03,13.04,3.02,-1.79,2000.89,0.0,34.23,1,0
8:04,13.04,3.02,-1.77,2000.89,0.01,34.23,1,0
8:05,13.04,3.02,-1.77,2000.65,-0.46,34.25,1,0
8:06,13.03,3.01,-1.29,2000.87,0.45,34.24,1,0
8:07,13.04,3.02,-1.73,2000.98,0.23,34.23,1,0
8:08,13.05,3.02,-1.95,2001.02,0.1,34.23,1,0
8:09,13.05,3.02,-2.03,2000.84,-0.34,34.24,1,0
8:10,13.04,3.02,-1.67,2000.92,0.18,34.23,1,0
8:11,13.05,3.02,-1.83,2000.96,0.1,34.23,1,0
8:12,13.05,3.02,-1.91,2000.82,-0.26,34.24,1,0
8:13,13.04,3.02,-1.63,2001.02,0.41,34.23,1,0
8:14,13.05,3.02,-2.03,2001.24,0.46,34.21,1,0
8:15,13.06,3.02,-2.47,2001.44,0.43,34.2,1,0
8:16,13.07,3.03,-2.87,2001.41,-0.04,34.21,1,0
8:17,13.07,3.03,-2.81,2001.38,-0.04,34.21,1,0
8:18,13.07,3.03,-2.75,2001.13,-0.48,34.22,1,0
8:19,13.06,3.02,-2.25,2001.25,0.27,34.21,1,0
8:20,13.06,3.02,-2.49,2001.27,0.06,34.21,1,0
8:21,13.06,3.03,-2.53,2001.21,-0.1,34.22,0,0
8:22,13.06,3.02,-2.41,2001.08,-0.24,34.22,0,0
8:23,13.05,3.02,-2.15,2000.99,-0.15,34.23,0,0
8:24,13.05,3.02,-1.97,2001.08,0.21,34.22,0,0
8:25,13.05,3.02,-2.15,2000.98,-0.19,34.23,0,0
8:26,13.05,3.02,-1.95,2000.82,-0.29,34.24,0,0
8:27,13.04,3.02,-1.63,2000.81,-0.01,34.24,0,0
8:28,13.04,3.02,-1.61,2001.01,0.42,34.23,0,0
8:29,13.05,3.02,-2.01,2000.8,-0.41,34.24,0,0
8:30,13.04,3.02,-1.59,2000.55,-0.48,34.25,0,0
8:31,13.03,3.01,-1.09,2000.36,-0.36,34.27,0,0
8:32,13.02,3.01,-0.71,2000.41,0.11,34.26,0,0
8:33,13.02,3.01,-0.81,2000.44,0.06,34.26,0,0
8:34,13.02,3.01,-0.87,2000.46,0.04,34.26,0,0
8:35,13.02,3.01,-0.91,2000.63,0.35,34.25,0,0
8:36,13.03,3.01,-1.25,2000.75,0.24,34.24,0,0
8:37,13.04,3.01,-1.49,2000.51,-0.47,34.26,0,0
8:38,13.03,3.01,-1.01,2000.37,-0.26,34.26,0,0
8:39,13.02,3.01,-0.73,2000.59,0.46,34.25,0,0
8:40,13.03,3.01,-1.17,2000.64,0.11,34.25,0,0
8:41,13.03,3.01,-1.27,2000.67,0.07,34.25,0,0
8:42,13.03,3.01,-1.33,2000.46,-0.4,34.26,0,0
8:43,13.02,3.01,-0.91,2000.32,-0.26,34.27,0,0
8:44,13.02,3.01,-0.63,2000.17,-0.29,34.28,0,0
8:45,13.01,3.0,-0.33,2000.1,-0.13,34.28,0,0
8:46,13.0,3.0,-0.19,2000.05,-0.09,34.28,0,0
8:47,13.0,3.0,-0.09,2000.26,0.42,34.27,0,0
8:48,13.01,3.01,-0.51,2000.24,-0.03,34.27,0,0
8:49,13.01,3.0,-0.47,2000.08,-0.31,34.28,0,0
8:50,13.0,3.0,-0.15,1999.95,-0.26,34.29,0,0
8:51,13.0,3.0,0.1,2000.12,0.35,34.28,0,0
8:52,13.01,3.0,-0.23,1999.95,-0.34,34.29,0,0
8:53,13.0,3.0,0.1,2000.15,0.41,34.28,0,0
8:54,13.01,3.0,-0.29,2000.25,0.19,34.27,0,0
8:55,13.01,3.0,-0.49,2000.19,-0.12,34.27,0,0
8:56,13.01,3.0,-0.37,2000.0,-0.37,34.29,0,0
8:57,13.0,3.0,0.0,2000.1,0.2,34.28,0,0
8:58,13.0,3.0,-0.19,2000.22,0.25,34.27,0,0
8:59,13.01,3.0,-0.43,2000.25,0.07,34.27,0,0
9:00,13.01,3.0,-0.49,2000.29,0.09,34.27,0,0
9:01,13.01,3.01,-0.57,2000.51,0.44,34.26,0,0
9:02,13.03,3.01,-1.01,2000.29,-0.43,34.27,0,0
9:03,13.01,3.01,-0.57,2000.45,0.34,34.26,0,0
9:04,13.02,3.01,-0.89,2000.21,-0.47,34.27,0,0
9:05,13.01,3.0,-0.41,2000.39,0.36,34.26,0,0
9:06,13.02,3.01,-0.77,2000.23,-0.32,34.27,0,0
9:07,13.01,3.0,-0.45,2000.14,-0.17,34.28,0,0
9:08,13.01,3.0,-0.27,2000.0,-0.28,34.29,0,0
9:09,13.0,3.0,0.0,2000.16,0.32,34.28,0,0
9:10,13.01,3.0,-0.31,2000.37,0.42,34.26,0,0
9:11,13.02,3.01,-0.73,2000.4,0.06,34.26,0,0
9:12,13.02,3.01,-0.79,2000.47,0.15,34.26,0,0
9:13,13.02,3.01,-0.93,2000.63,0.32,34.25,0,0
9:14,13.03,3.01,-1.25,2000.82,0.38,34.24,0,0
9:15,13.04,3.02,-1.63,2000.91,0.2,34.23,0,0
9:16,13.05,3.02,-1.81,2000.83,-0.15,34.24,0,0
9:17,13.04,3.02,-1.65,2000.8,-0.04,34.24,0,0
9:18,13.04,3.02,-1.59,2001.0,0.42,34.23,0,0
9:19,13.05,3.02,-1.99,2001.21,0.43,34.22,0,0
9:20,13.06,3.02,-2.41,2001.08,-0.24,34.22,0,0
9:21,13.05,3.02,-2.15,2001.08,0.02,34.22,0,0
9:22,13.05,3.02,-2.15,2000.81,-0.51,34.24,0,0
9:23,13.04,3.02,-1.61,2000.94,0.28,34.23,0,0
9:24,13.05,3.02,-1.87,2001.06,0.25,34.23,0,0
9:25,13.05,3.02,-2.11,2001.08,0.06,34.22,0,0
9:26,13.05,3.02,-2.15,2001.12,0.11,34.22,0,0
9:27,13.06,3.02,-2.23,2001.34,0.46,34.21,0,0
9:28,13.07,3.03,-2.67,2001.13,-0.39,34.22,0,0
9:29,13.06,3.02,-2.25,2001.01,-0.22,34.23,0,0
9:30,13.05,3.02,-2.01,2001.11,0.23,34.22,0,0
9:31,13.06,3.02,-2.21,2000.96,-0.28,34.23,0,0
9:32,13.05,3.02,-1.91,2000.73,-0.43,34.24,0,0
9:33,13.04,3.01,-1.45,2000.51,-0.42,34.26,0,0
9:34,13.03,3.01,-1.01,2000.33,-0.34,34.27,0,0
9:35,13.02,3.01,-0.65,2000.26,-0.12,34.27,0,0
9:36,13.01,3.01,-0.51,2000.07,-0.37,34.28,0,0
9:37,13.0,3.0,-0.13,2000.02,-0.09,34.28,0,0
9:38,13.0,3.0,-0.03,2000.14,0.25,34.28,0,0
9:39,13.01,3.0,-0.27,2000.0,-0.28,34.29,0,0
9:40,13.0,3.0,0.0,1999.85,-0.3,34.29,0,0
9:41,13.01,3.0,0.3,1999.71,-0.28,34.3,0,0
9:42,13.01,3.01,0.58,1999.81,0.2,34.3,0,0
9:43,13.01,3.0,0.38,1999.72,-0.19,34.3,0,0
9:44,13.01,3.01,0.56,1999.85,0.26,34.29,0,0
9:45,13.01,3.0,0.3,2000.04,0.38,34.28,0,0
9:46,13.0,3.0,-0.07,2000.06,0.03,34.28,0,0
9:47,13.0,3.0,-0.11,2000.28,0.45,34.27,0,0
9:48,13.01,3.01,-0.55,2000.14,-0.28,34.28,0,0
9:49,13.01,3.0,-0.27,2000.26,0.24,34.27,0,0
9:50,13.01,3.01,-0.51,2000.5,0.48,34.26,0,0
9:51,13.02,3.01,-0.99,2000.62,0.24,34.25,0,0
9:52,13.03,3.01,-1.23,2000.58,-0.07,34.25,0,0
9:53,13.03,3.01,-1.15,2000.69,0.23,34.25,0,0
9:54,13.03,3.01,-1.37,2000.55,-0.27,34.25,0,0
9:55,13.03,3.01,-1.09,2000.6,0.11,34.25,0,0
9:56,13.03,3.01,-1.19,2000.68,0.17,34.25,0,0
9:57,13.03,3.01,-1.35,2000.76,0.17,34.24,0,0
9:58,13.04,3.02,-1.51,2000.92,0.34,34.23,0,0
9:59,13.05,3.02,-1.83,2000.93,0.03,34.23,0,0
10:00,13.05,3.02,-1.85,2000.97,0.09,34.23,0,0
10:01,13.05,3.02,-1.93,2001.0,0.07,34.23,0,0
10:02,13.05,3.02,-1.99,2000.77,-0.45,34.24,0,0
10:03,13.04,3.02,-1.53,2000.54,-0.43,34.25,0,0
10:04,13.03,3.01,-1.07,2000.71,0.35,34.25,0,0
10:05,13.04,3.01,-1.41,2000.82,0.23,34.24,0,0
10:06,13.04,3.02,-1.63,2000.75,-0.12,34.24,0,0
10:07,13.04,3.01,-1.49,2000.68,-0.13,34.25,0,0
10:08,13.03,3.01,-1.35,2000.43,-0.48,34.26,0,0
10:09,13.02,3.01,-0.85,2000.52,0.19,34.26,0,0
10:10,13.03,3.01,-1.03,2000.66,0.29,34.25,0,0
10:11,13.03,3.01,-1.31,2000.83,0.36,34.24,0,0
10:12,13.04,3.02,-1.65,2001.04,0.43,34.23,0,0
10:13,13.05,3.02,-2.07,2000.92,-0.22,34.23,0,0
10:14,13.05,3.02,-1.83,2001.04,0.26,34.23,0,0
10:15,13.05,3.02,-2.07,2001.01,-0.04,34.23,0,0
10:16,13.05,3.02,-2.01,2000.82,-0.35,34.24,0,0
10:17,13.04,3.02,-1.63,2000.85,0.09,34.24,0,0
10:18,13.04,3.02,-1.69,2000.81,-0.06,34.24,0,0
10:19,13.04,3.02,-1.61,2000.99,0.38,34.23,0,0
10:20,13.05,3.02,-1.97,2001.21,0.45,34.22,0,0
10:21,13.06,3.02,-2.41,2001.39,0.38,34.21,0,0
10:22,13.07,3.03,-2.77,2001.27,-0.22,34.21,0,0
10:23,13.06,3.03,-2.53,2001.18,-0.16,34.22,0,0
10:24,13.06,3.02,-2.35,2001.18,0.03,34.22,0,0
10:25,13.06,3.02,-2.35,2001.17,0.0,34.22,0,0
10:26,13.06,3.02,-2.33,2001.0,-0.31,34.23,0,0
10:27,13.05,3.02,-1.99,2000.92,-0.13,34.23,0,0
10:28,13.05,3.02,-1.83,2001.13,0.44,34.22,0,0
10:29,13.06,3.02,-2.25,2001.15,0.05,34.22,0,0
10:30,13.06,3.02,-2.29,2001.13,-0.01,34.22,0,0
10:31,13.06,3.02,-2.25,2001.05,-0.13,34.23,0,0
10:32,13.05,3.02,-2.09,2000.99,-0.1,34.23,0,0
10:33,13.05,3.02,-1.97,2001.13,0.3,34.22,0,0
10:34,13.06,3.02,-2.25,2001.34,0.43,34.21,0,0
10:35,13.07,3.03,-2.67,2001.37,0.09,34.21,0,0
10:36,13.07,3.03,-2.73,2001.45,0.19,34.2,0,0
10:37,13.07,3.03,-2.89,2001.5,0.12,34.2,0,0
10:38,13.07,3.03,-2.99,2001.5,0.03,34.2,0,0
10:39,13.07,3.03,-2.99,2001.29,-0.39,34.21,0,0
10:40,13.06,3.03,-2.57,2001.27,0.0,34.21,0,0
10:41,13.06,3.03,-2.53,2001.39,0.26,34.21,0,0
10:42,13.07,3.03,-2.77,2001.37,-0.01,34.21,0,0
10:43,13.07,3.03,-2.73,2001.23,-0.26,34.22,0,0
10:44,13.06,3.02,-2.45,2001.01,-0.41,34.23,0,0
10:45,13.05,3.02,-2.01,2001.03,0.06,34.23,0,0
10:46,13.05,3.02,-2.05,2001.03,0.02,34.23,0,0
10:47,13.05,3.02,-2.05,2001.02,0.0,34.23,0,0
10:48,13.05,3.02,-2.03,2000.86,-0.29,34.24,0,0
10:49,13.04,3.02,-1.71,2000.88,0.06,34.24,0,0
10:50,13.04,3.02,-1.75,2000.83,-0.08,34.24,0,0
10:51,13.04,3.02,-1.65,2000.95,0.26,34.23,0,0
10:52,13.05,3.02,-1.89,2000.93,-0.02,34.23,0,0
10:53,13.05,3.02,-1.85,2000.96,0.07,34.23,0,0
10:54,13.05,3.02,-1.91,2001.19,0.47,34.22,0,0
10:55,13.06,3.02,-2.37,2001.19,0.01,34.22,0,0
10:56,13.06,3.02,-2.37,2001.14,-0.07,34.22,0,0
10:57,13.06,3.02,-2.27,2000.96,-0.33,34.23,0,0
10:58,13.05,3.02,-1.91,2000.91,-0.07,34.23,0,0
10:59,13.05,3.02,-1.81,2000.83,-0.14,34.24,0,0
11:00,13.04,3.02,-1.65,2000.94,0.24,34.23,0,0
11:01,13.05,3.02,-1.87,2001.07,0.27,34.22,0,0
11:02,13.05,3.02,-2.13,2001.23,0.34,34.22,0,0
11:03,13.06,3.02,-2.45,2001.13,-0.18,34.22,0,0
11:04,13.06,3.02,-2.25,2001.26,0.29,34.21,0,0
11:05,13.06,3.03,-2.51,2001.08,-0.33,34.22,0,0
11:06,13.05,3.02,-2.15,2001.17,0.2,34.22,0,0
11:07,13.06,3.02,-2.33,2001.37,0.43,34.21,0,0
11:08,13.07,3.03,-2.73,2001.55,0.38,34.2,0,0
11:09,13.08,3.03,-3.09,2001.55,0.03,34.2,0,0
11:10,13.08,3.03,-3.09,2001.3,-0.46,34.21,0,0
11:11,13.06,3.03,-2.59,2001.46,0.35,34.2,0,0
11:12,13.07,3.03,-2.91,2001.4,-0.1,34.21,0,0
11:13,13.07,3.03,-2.79,2001.5,0.23,34.2,0,0
11:14,13.07,3.03,-2.99,2001.53,0.08,34.2,0,0
11:15,13.08,3.03,-3.05,2001.44,-0.15,34.2,0,0
11:16,13.07,3.03,-2.87,2001.38,-0.08,34.21,0,0
11:17,13.07,3.03,-2.75,2001.38,0.03,34.21,0,0
11:18,13.07,3.03,-2.75,2001.33,-0.07,34.21,0,0
11:19,13.07,3.03,-2.65,2001.15,-0.34,34.22,0,0
11:20,13.06,3.02,-2.29,2001.16,0.05,34.22,0,0
11:21,13.06,3.02,-2.31,2001.17,0.05,34.22,0,0
11:22,13.06,3.02,-2.33,2001.05,-0.21,34.23,0,0
11:23,13.05,3.02,-2.09,2000.91,-0.25,34.23,0,0
11:24,13.05,3.02,-1.81,2001.08,0.36,34.22,0,0
11:25,13.05,3.02,-2.15,2001.09,0.03,34.22,0,0
11:26,13.05,3.02,-2.17,2001.21,0.27,34.22,0,0
11:27,13.06,3.02,-2.41,2001.29,0.18,34.21,0,0
11:28,13.06,3.03,-2.57,2001.39,0.22,34.21,0,0
11:29,13.07,3.03,-2.77,2001.25,-0.26,34.21,0,0
11:30,13.06,3.02,-2.49,2001.21,-0.05,34.22,0,0
11:31,13.06,3.02,-2.41,2001.13,-0.13,34.22,0,0
11:32,13.06,3.02,-2.25,2001.26,0.28,34.21,0,0
11:33,13.06,3.03,-2.51,2001.11,-0.27,34.22,0,0
11:34,13.06,3.02,-2.21,2001.1,0.0,34.22,0,0
11:35,13.05,3.02,-2.19,2001.15,0.12,34.22,0,0
11:36,13.06,3.02,-2.29,2001.37,0.47,34.21,0,0
11:37,13.07,3.03,-2.73,2001.27,-0.18,34.21,0,0
11:38,13.06,3.03,-2.53,2001.25,-0.01,34.21,0,0
11:39,13.06,3.02,-2.49,2001.34,0.2,34.21,0,0
11:40,13.07,3.03,-2.67,2001.42,0.18,34.2,0,0
11:41,13.07,3.03,-2.83,2001.58,0.35,34.2,0,0
11:42,13.08,3.03,-3.15,2001.43,-0.28,34.2,0,0
11:43,13.07,3.03,-2.85,2001.37,-0.08,34.21,0,0
11:44,13.07,3.03,-2.73,2001.55,0.38,34.2,0,0
11:45,13.08,3.03,-3.09,2001.29,-0.49,34.21,0,0
11:46,13.06,3.03,-2.57,2001.49,0.43,34.2,0,0
11:47,13.07,3.03,-2.97,2001.3,-0.35,34.21,0,0
11:48,13.06,3.03,-2.59,2001.22,-0.14,34.22,0,0
11:49,13.06,3.02,-2.43,2001.16,-0.1,34.22,0,0
11:50,13.06,3.02,-2.31,2001.34,0.39,34.21,0,0
11:51,13.07,3.03,-2.67,2001.41,0.16,34.21,0,0
11:52,13.07,3.03,-2.81,2001.43,0.06,34.2,0,0
11:53,13.07,3.03,-2.85,2001.51,0.19,34.2,0,0
11:54,13.08,3.03,-3.01,2001.38,-0.23,34.21,0,0
11:55,13.07,3.03,-2.75,2001.16,-0.4,34.22,0,0
11:56,13.06,3.02,-2.31,2001.04,-0.22,34.23,0,0
11:57,13.05,3.02,-2.07,2001.12,0.18,34.22,0,0
11:58,13.06,3.02,-2.23,2001.06,-0.09,34.23,0,0
11:59,13.05,3.02,-2.11,2000.93,-0.24,34.23,0,0
12:00,13.05,3.02,-1.85,2001.03,0.23,34.23,0,0
12:01,13.05,3.02,-2.05,2000.81,-0.43,34.24,0,0
12:02,13.04,3.02,-1.61,2000.69,-0.21,34.25,0,0
12:03,13.03,3.01,-1.37,2000.89,0.41,34.23,0,0
12:04,13.04,3.02,-1.77,2000.7,-0.36,34.25,0,0
12:05,13.03,3.01,-1.39,2000.71,0.03,34.25,0,0
12:06,13.04,3.01,-1.41,2000.55,-0.3,34.25,0,0
12:07,13.03,3.01,-1.09,2000.39,-0.3,34.26,0,0
12:08,13.02,3.01,-0.77,2000.14,-0.48,34.28,0,0
12:09,13.01,3.0,-0.27,2000.34,0.41,34.27,0,0
12:10,13.02,3.01,-0.67,2000.39,0.1,34.26,0,0
12:11,13.02,3.01,-0.77,2000.4,0.03,34.26,0,0
12:12,13.02,3.01,-0.79,2000.24,-0.32,34.27,0,0
12:13,13.01,3.0,-0.47,2000.34,0.21,34.27,0,0
12:14,13.02,3.01,-0.67,2000.27,-0.14,34.27,0,0
12:15,13.01,3.01,-0.53,2000.35,0.16,34.27,0,0
12:16,13.02,3.01,-0.69,2000.2,-0.29,34.27,0,0
12:17,13.01,3.0,-0.39,2000.04,-0.31,34.28,0,0
12:18,13.0,3.0,-0.07,2000.02,-0.03,34.28,0,0
12:19,13.0,3.0,-0.03,1999.93,-0.17,34.29,0,0
12:20,13.0,3.0,0.14,1999.98,0.11,34.29,0,0
12:21,13.0,3.0,0.04,1999.87,-0.22,34.29,0,0
12:22,13.01,3.0,0.26,1999.7,-0.34,34.3,0,0
12:23,13.01,3.01,0.6,1999.71,0.02,34.3,0,0
12:24,13.01,3.01,0.58,1999.52,-0.39,34.31,0,0
12:25,13.02,3.01,0.96,1999.65,0.26,34.31,0,0
12:26,13.02,3.01,0.7,1999.74,0.17,34.3,0,0
12:27,13.01,3.01,0.52,1999.84,0.2,34.29,0,0
12:28,13.01,3.0,0.32,1999.98,0.28,34.29,0,0
12:29,13.0,3.0,0.04,1999.76,-0.44,34.3,0,0
12:30,13.01,3.0,0.48,1999.99,0.45,34.29,0,0
12:31,13.0,3.0,0.02,1999.91,-0.17,34.29,0,0
12:32,13.0,3.0,0.18,2000.13,0.43,34.28,0,0
12:33,13.01,3.0,-0.25,2000.04,-0.18,34.28,0,0
12:34,13.0,3.0,-0.07,2000.17,0.26,34.28,0,0
12:35,13.01,3.0,-0.33,2000.35,0.37,34.27,0,0
12:36,13.02,3.01,-0.69,2000.21,-0.28,34.27,0,0
12:37,13.01,3.0,-0.41,2000.16,-0.09,34.28,0,0
12:38,13.01,3.0,-0.31,2000.14,-0.03,34.28,0,0
12:39,13.01,3.0,-0.27,2000.0,-0.27,34.29,0,0
12:40,13.0,3.0,0.0,1999.97,-0.05,34.29,0,0
12:41,13.0,3.0,0.06,1999.81,-0.31,34.3,0,0
12:42,13.01,3.0,0.38,2000.03,0.43,34.28,0,0
12:43,13.0,3.0,-0.05,2000.02,-0.03,34.28,0,0
12:44,13.0,3.0,-0.03,2000.02,0.0,34.28,0,0
12:45,13.0,3.0,-0.03,2000.25,0.47,34.27,0,0
12:46,13.01,3.0,-0.49,2000.43,0.36,34.26,0,0
12:47,13.02,3.01,-0.85,2000.42,-0.02,34.26,0,0
12:48,13.02,3.01,-0.83,2000.34,-0.15,34.27,0,0
12:49,13.02,3.01,-0.67,2000.19,-0.29,34.27,0,0
12:50,13.01,3.0,-0.37,2000.27,0.17,34.27,0,0
12:51,13.01,3.01,-0.53,2000.09,-0.35,34.28,0,0
12:52,13.0,3.0,-0.17,2000.13,0.08,34.28,0,0
12:53,13.01,3.0,-0.25,2000.32,0.39,34.27,0,0
12:54,13.02,3.01,-0.63,2000.11,-0.42,34.28,0,0
12:55,13.01,3.0,-0.21,1999.88,-0.46,34.29,0,0
12:56,13.01,3.0,0.24,1999.73,-0.3,34.3,0,0
12:57,13.01,3.01,0.54,1999.72,-0.03,34.3,0,0
12:58,13.01,3.01,0.56,1999.56,-0.33,34.31,0,0
12:59,13.02,3.01,0.88,1999.46,-0.21,34.32,0,0
13:00,13.03,3.01,1.08,1999.58,0.23,34.31,0,0
13:01,13.02,3.01,0.84,1999.76,0.35,34.3,0,0
13:02,13.01,3.0,0.48,2000.01,0.49,34.29,0,0
13:03,13.0,3.0,-0.01,1999.99,-0.04,34.29,0,0
13:04,13.0,3.0,0.02,1999.86,-0.26,34.29,0,0
13:05,13.01,3.0,0.28,2000.08,0.44,34.28,0,0
13:06,13.0,3.0,-0.15,1999.85,-0.47,34.29,0,0
13:07,13.01,3.0,0.3,1999.75,-0.19,34.3,0,0
13:08,13.01,3.0,0.5,1999.85,0.2,34.29,0,0
13:09,13.01,3.0,0.3,1999.67,-0.36,34.3,0,0
13:10,13.02,3.01,0.66,1999.45,-0.44,34.32,0,0
13:11,13.03,3.01,1.1,1999.64,0.37,34.31,0,0
13:12,13.02,3.01,0.72,1999.89,0.48,34.29,0,0
13:13,13.01,3.0,0.22,2000.0,0.22,34.29,0,0
13:14,13.0,3.0,0.0,2000.0,0.0,34.29,0,0
13:15,13.0,3.0,0.0,2000.0,0.0,34.29,0,0
13:16,13.0,3.0,0.0,1999.99,-0.01,34.29,0,0
13:17,13.0,3.0,0.02,1999.83,-0.32,34.3,0,0
13:18,13.01,3.0,0.34,1999.66,-0.35,34.31,0,0
13:19,13.02,3.01,0.68,1999.8,0.28,34.3,0,0
13:20,13.01,3.0,0.4,1999.71,-0.18,34.3,0,0
13:21,13.01,3.01,0.58,1999.82,0.22,34.3,0,0
13:22,13.01,3.0,0.36,2000.02,0.39,34.28,0,0
13:23,13.0,3.0,-0.03,2000.03,0.02,34.28,0,0
13:24,13.0,3.0,-0.05,2000.15,0.25,34.28,0,0
13:25,13.01,3.0,-0.29,2000.08,-0.13,34.28,0,0
13:26,13.0,3.0,-0.15,2000.14,0.13,34.28,0,0
13:27,13.01,3.0,-0.27,2000.01,-0.26,34.29,0,0
13:28,13.0,3.0,-0.01,2000.11,0.21,34.28,0,0
13:29,13.01,3.0,-0.21,2000.23,0.25,34.27,0,0
13:30,13.01,3.0,-0.45,2000.4,0.35,34.26,0,0
13:31,13.02,3.01,-0.79,2000.29,-0.21,34.27,0,0
13:32,13.01,3.01,-0.57,2000.38,0.18,34.26,0,0
13:33,13.02,3.01,-0.75,2000.57,0.38,34.25,0,0
13:34,13.03,3.01,-1.13,2000.77,0.41,34.24,0,0
13:35,13.04,3.02,-1.53,2000.96,0.39,34.23,0,0
13:36,13.05,3.02,-1.91,2000.87,-0.16,34.24,0,0
13:37,13.04,3.02,-1.73,2000.76,-0.21,34.24,0,0
13:38,13.04,3.02,-1.51,2000.84,0.18,34.24,0,0
13:39,13.04,3.02,-1.67,2000.94,0.22,34.23,0,0
13:40,13.05,3.02,-1.87,2000.7,-0.46,34.25,0,0
13:41,13.03,3.01,-1.39,2000.6,-0.18,34.25,0,0
13:42,13.03,3.01,-1.19,2000.82,0.46,34.24,0,0
13:43,13.04,3.02,-1.63,2000.64,-0.35,34.25,0,0
13:44,13.03,3.01,-1.27,2000.55,-0.16,34.25,0,0
13:45,13.03,3.01,-1.09,2000.39,-0.31,34.26,0,0
13:46,13.02,3.01,-0.77,2000.6,0.44,34.25,0,0
13:47,13.03,3.01,-1.19,2000.4,-0.39,34.26,0,0
13:48,13.02,3.01,-0.79,2000.53,0.28,34.26,0,0
13:49,13.03,3.01,-1.05,2000.36,-0.34,34.27,0,0
13:50,13.02,3.01,-0.71,2000.35,0.0,34.27,0,0
13:51,13.02,3.01,-0.69,2000.5,0.31,34.26,0,0
13:52,13.02,3.01,-0.99,2000.73,0.46,34.24,0,0
13:53,13.04,3.01,-1.45,2000.51,-0.43,34.26,0,0
13:54,13.03,3.01,-1.01,2000.26,-0.49,34.27,0,0
13:55,13.01,3.01,-0.51,2000.3,0.09,34.27,0,0
13:56,13.01,3.01,-0.59,2000.15,-0.29,34.28,0,0
13:57,13.01,3.0,-0.29,2000.37,0.44,34.26,0,0
13:58,13.02,3.01,-0.73,2000.17,-0.39,34.28,0,0
13:59,13.01,3.0,-0.33,1999.94,-0.46,34.29,0,0
14:00,13.0,3.0,0.12,1999.91,-0.06,34.29,0,0
14:01,13.0,3.0,0.18,2000.07,0.31,34.28,0,0
14:02,13.0,3.0,-0.13,2000.23,0.31,34.27,0,0
14:03,13.01,3.0,-0.45,2000.09,-0.28,34.28,0,0
14:04,13.0,3.0,-0.17,2000.07,-0.04,34.28,0,0
14:05,13.0,3.0,-0.13,2000.16,0.19,34.28,0,0
14:06,13.01,3.0,-0.31,2000.0,-0.31,34.29,0,0
14:07,13.0,3.0,0.0,1999.84,-0.31,34.29,0,0
14:08,13.01,3.0,0.32,1999.87,0.07,34.29,0,0
14:09,13.01,3.0,0.26,1999.98,0.22,34.29,0,0
14:10,13.0,3.0,0.04,1999.74,-0.48,34.3,0,0
14:11,13.01,3.01,0.52,1999.81,0.14,34.3,0,0
14:12,13.01,3.0,0.38,1999.94,0.26,34.29,0,0
14:13,13.0,3.0,0.12,2000.09,0.3,34.28,0,0
14:14,13.0,3.0,-0.17,2000.34,0.49,34.27,0,0
14:15,13.02,3.01,-0.67,2000.5,0.32,34.26,0,0
14:16,13.02,3.01,-0.99,2000.39,-0.22,34.26,0,0
14:17,13.02,3.01,-0.77,2000.34,-0.08,34.27,0,0
14:18,13.02,3.01,-0.67,2000.58,0.49,34.25,0,0
14:19,13.03,3.01,-1.15,2000.42,-0.31,34.26,0,0
14:20,13.02,3.01,-0.83,2000.62,0.42,34.25,0,0
14:21,13.03,3.01,-1.23,2000.84,0.45,34.24,0,0
14:22,13.04,3.02,-1.67,2000.86,0.06,34.24,0,0
14:23,13.04,3.02,-1.71,2000.76,-0.19,34.24,0,0
14:24,13.04,3.02,-1.51,2000.62,-0.26,34.25,0,0
14:25,13.03,3.01,-1.23,2000.45,-0.32,34.26,0,0
14:26,13.02,3.01,-0.89,2000.21,-0.47,34.27,0,0
14:27,13.01,3.0,-0.41,2000.41,0.41,34.26,0,0
14:28,13.02,3.01,-0.81,2000.37,-0.07,34.26,0,0
14:29,13.02,3.01,-0.73,2000.25,-0.24,34.27,0,0
14:30,13.01,3.0,-0.49,2000.25,0.0,34.27,0,0
14:31,13.01,3.0,-0.49,2000.25,0.0,34.27,0,0
14:32,13.01,3.0,-0.49,2000.14,-0.21,34.28,0,0
14:33,13.01,3.0,-0.27,1999.93,-0.41,34.29,0,0
14:34,13.0,3.0,0.14,1999.77,-0.32,34.3,0,0
14:35,13.01,3.0,0.46,1999.62,-0.31,34.31,0,0
14:36,13.02,3.01,0.76,1999.61,-0.03,34.31,0,0
14:37,13.02,3.01,0.78,1999.37,-0.48,34.32,0,0
14:38,13.03,3.01,1.26,1999.21,-0.32,34.33,0,0
14:39,13.04,3.02,1.58,1999.22,0.0,34.33,0,0
14:40,13.04,3.02,1.56,1999.33,0.2,34.32,0,0
14:41,13.03,3.01,1.34,1999.11,-0.45,34.34,0,0
14:42,13.04,3.02,1.78,1999.19,0.15,34.33,0,0
14:43,13.04,3.02,1.62,1999.38,0.36,34.32,0,0
14:44,13.03,3.01,1.24,1999.41,0.05,34.32,0,0
14:45,13.03,3.01,1.18,1999.3,-0.23,34.33,0,0
14:46,13.03,3.01,1.4,1999.19,-0.24,34.33,0,0
14:47,13.04,3.02,1.62,1999.06,-0.28,34.34,0,0
14:48,13.05,3.02,1.88,1999.3,0.47,34.33,0,0
14:49,13.03,3.01,1.4,1999.3,-0.02,34.33,0,0
14:50,13.03,3.01,1.4,1999.33,0.04,34.32,0,0
14:51,13.03,3.01,1.34,1999.42,0.16,34.32,0,0
14:52,13.03,3.01,1.16,1999.42,-0.02,34.32,0,0
14:53,13.03,3.01,1.16,1999.55,0.24,34.31,0,0
14:54,13.02,3.01,0.9,1999.58,0.04,34.31,0,0
14:55,13.02,3.01,0.84,1999.52,-0.13,34.31,0,0
14:56,13.02,3.01,0.96,1999.33,-0.38,34.32,0,0
14:57,13.03,3.01,1.34,1999.5,0.34,34.31,0,0
14:58,13.02,3.01,1.0,1999.28,-0.46,34.33,0,0
14:59,13.04,3.01,1.44,1999.14,-0.29,34.33,0,0
15:00,13.04,3.02,1.72,1999.38,0.46,34.32,0,0
15:01,13.03,3.01,1.24,1999.21,-0.35,34.33,0,0
15:02,13.04,3.02,1.58,1999.07,-0.29,34.34,0,0
15:03,13.05,3.02,1.86,1999.27,0.38,34.33,0,0
15:04,13.04,3.01,1.46,1999.46,0.37,34.32,0,0
15:05,13.03,3.01,1.08,1999.24,-0.45,34.33,0,0
15:06,13.04,3.02,1.52,1999.39,0.29,34.32,0,0
15:07,13.03,3.01,1.22,1999.16,-0.47,34.33,0,0
15:08,13.04,3.02,1.68,1999.26,0.18,34.33,0,0
15:09,13.04,3.01,1.48,1999.11,-0.32,34.34,0,0
15:10,13.04,3.02,1.78,1999.25,0.27,34.33,0,0
15:11,13.04,3.01,1.5,1999.5,0.48,34.31,0,0
15:12,13.02,3.01,1.0,1999.48,-0.05,34.32,0,0
15:13,13.03,3.01,1.04,1999.5,0.03,34.31,0,0
15:14,13.02,3.01,1.0,1999.74,0.47,34.3,0,0
15:15,13.01,3.01,0.52,1999.61,-0.26,34.31,0,0
15:16,13.02,3.01,0.78,1999.84,0.45,34.29,0,0
15:17,13.01,3.0,0.32,1999.81,-0.06,34.3,0,0
15:18,13.01,3.0,0.38,1999.6,-0.43,34.31,0,0
15:19,13.02,3.01,0.8,1999.38,-0.45,34.32,0,0
15:20,13.03,3.01,1.24,1999.26,-0.25,34.33,0,0
15:21,13.04,3.01,1.48,1999.3,0.06,34.33,0,0
15:22,13.03,3.01,1.4,1999.25,-0.12,34.33,0,0
15:23,13.04,3.01,1.5,1999.17,-0.18,34.33,0,0
15:24,13.04,3.02,1.66,1999.07,-0.22,34.34,0,0
15:25,13.05,3.02,1.86,1999.14,0.13,34.33,0,0
15:26,13.04,3.02,1.72,1999.26,0.23,34.33,0,0
15:27,13.04,3.01,1.48,1999.26,-0.01,34.33,0,0
15:28,13.04,3.01,1.48,1999.2,-0.13,34.33,0,0
15:29,13.04,3.02,1.6,1999.17,-0.08,34.33,0,0
15:30,13.04,3.02,1.66,1999.29,0.22,34.33,0,0
15:31,13.04,3.01,1.42,1999.29,-0.01,34.33,0,0
15:32,13.04,3.01,1.42,1999.18,-0.23,34.33,0,0
15:33,13.04,3.02,1.64,1999.0,-0.38,34.34,0,0
15:34,13.05,3.02,2.0,1999.03,0.04,34.34,0,0
15:35,13.05,3.02,1.94,1998.81,-0.46,34.35,0,0
15:36,13.06,3.02,2.38,1999.06,0.49,34.34,0,0
15:37,13.05,3.02,1.88,1999.25,0.36,34.33,0,0
15:38,13.04,3.01,1.5,1999.05,-0.41,34.34,0,0
15:39,13.05,3.02,1.9,1998.98,-0.16,34.34,0,0
15:40,13.05,3.02,2.04,1999.15,0.32,34.33,0,0
15:41,13.04,3.02,1.7,1999.03,-0.27,34.34,0,0
15:42,13.05,3.02,1.94,1998.82,-0.44,34.35,0,0
15:43,13.06,3.02,2.36,1998.92,0.18,34.35,0,0
15:44,13.05,3.02,2.16,1999.14,0.41,34.33,0,0
15:45,13.04,3.02,1.72,1999.15,0.0,34.33,0,0
15:46,13.04,3.02,1.7,1999.33,0.35,34.32,0,0
15:47,13.03,3.01,1.34,1999.32,-0.03,34.32,0,0
15:48,13.03,3.01,1.36,1999.34,0.02,34.32,0,0
15:49,13.03,3.01,1.32,1999.59,0.49,34.31,0,0
15:50,13.02,3.01,0.82,1999.71,0.22,34.3,0,0
15:51,13.01,3.01,0.58,1999.82,0.22,34.3,0,0
15:52,13.01,3.0,0.36,1999.78,-0.09,34.3,0,0
15:53,13.01,3.0,0.44,1999.68,-0.2,34.3,0,0
15:54,13.02,3.01,0.64,1999.85,0.34,34.29,0,0
15:55,13.01,3.0,0.3,1999.7,-0.3,34.3,0,0
15:56,13.01,3.01,0.6,1999.87,0.33,34.29,0,0
15:57,13.01,3.0,0.26,2000.09,0.43,34.28,0,0
15:58,13.0,3.0,-0.17,2000.09,0.0,34.28,0,0
15:59,13.0,3.0,-0.17,2000.02,-0.13,34.28,0,0
16:00,13.0,3.0,-0.03,2000.08,0.13,34.28,0,0
16:01,13.0,3.0,-0.15,2000.09,0.02,34.28,0,0
16:02,13.0,3.0,-0.17,1999.88,-0.41,34.29,0,0
16:03,13.01,3.0,0.24,1999.98,0.21,34.29,0,0
16:04,13.0,3.0,0.04,2000.12,0.28,34.28,0,0
16:05,13.01,3.0,-0.23,2000.2,0.16,34.27,0,0
16:06,13.01,3.0,-0.39,2000.15,-0.09,34.28,0,0
16:07,13.01,3.0,-0.29,2000.34,0.38,34.27,0,0
16:08,13.02,3.01,-0.67,2000.39,0.1,34.26,0,0
16:09,13.02,3.01,-0.77,2000.2,-0.38,34.27,0,0
16:10,13.01,3.0,-0.39,2000.3,0.2,34.27,0,0
16:11,13.01,3.01,-0.59,2000.2,-0.19,34.27,0,0
16:12,13.01,3.0,-0.39,2000.07,-0.26,34.28,0,0
16:13,13.0,3.0,-0.13,2000.12,0.11,34.28,0,0
16:14,13.01,3.0,-0.23,2000.08,-0.07,34.28,0,0
16:15,13.0,3.0,-0.15,2000.1,0.04,34.28,0,0
16:16,13.0,3.0,-0.19,1999.98,-0.24,34.29,0,0
16:17,13.0,3.0,0.04,1999.98,0.0,34.29,0,0
16:18,13.0,3.0,0.04,2000.23,0.49,34.27,0,0
16:19,13.01,3.0,-0.45,2000.16,-0.14,34.28,0,0
16:20,13.01,3.0,-0.31,2000.4,0.48,34.26,0,0
16:21,13.02,3.01,-0.79,2000.45,0.11,34.26,0,0
16:22,13.02,3.01,-0.89,2000.65,0.4,34.25,0,0
16:23,13.03,3.01,-1.29,2000.57,-0.15,34.25,0,0
16:24,13.03,3.01,-1.13,2000.39,-0.35,34.26,0,0
16:25,13.02,3.01,-0.77,2000.61,0.45,34.25,0,0
16:26,13.03,3.01,-1.21,2000.54,-0.14,34.25,0,0
16:27,13.03,3.01,-1.07,2000.57,0.07,34.25,0,0
16:28,13.03,3.01,-1.13,2000.47,-0.18,34.26,0,0
16:29,13.02,3.01,-0.93,2000.55,0.17,34.25,0,0
16:30,13.03,3.01,-1.09,2000.73,0.36,34.24,0,0
16:31,13.04,3.01,-1.45,2000.54,-0.36,34.25,0,0
16:32,13.03,3.01,-1.07,2000.35,-0.37,34.27,0,0
16:33,13.02,3.01,-0.69,2000.48,0.28,34.26,0,0
16:34,13.02,3.01,-0.95,2000.47,-0.01,34.26,0,0
16:35,13.02,3.01,-0.93,2000.55,0.17,34.25,0,0
16:36,13.03,3.01,-1.09,2000.59,0.08,34.25,0,0
16:37,13.03,3.01,-1.17,2000.61,0.05,34.25,0,0
16:38,13.03,3.01,-1.21,2000.53,-0.14,34.26,0,0
16:39,13.03,3.01,-1.05,2000.56,0.07,34.25,0,0
16:40,13.03,3.01,-1.11,2000.46,-0.18,34.26,0,0
16:41,13.02,3.01,-0.91,2000.32,-0.27,34.27,0,0
16:42,13.02,3.01,-0.63,2000.31,-0.01,34.27,0,0
16:43,13.02,3.01,-0.61,2000.48,0.35,34.26,0,0
16:44,13.02,3.01,-0.95,2000.27,-0.42,34.27,0,0
16:45,13.01,3.01,-0.53,2000.05,-0.43,34.28,0,0
16:46,13.0,3.0,-0.09,2000.18,0.26,34.28,0,0
16:47,13.01,3.0,-0.35,2000.28,0.2,34.27,0,0
16:48,13.01,3.01,-0.55,2000.47,0.39,34.26,0,0
16:49,13.02,3.01,-0.93,2000.39,-0.16,34.26,0,0
16:50,13.02,3.01,-0.77,2000.56,0.35,34.25,0,0
16:51,13.03,3.01,-1.11,2000.57,0.02,34.25,0,0
16:52,13.03,3.01,-1.13,2000.47,-0.19,34.26,0,0
16:53,13.02,3.01,-0.93,2000.28,-0.37,34.27,0,0
16:54,13.01,3.01,-0.55,2000.51,0.46,34.26,0,0
16:55,13.03,3.01,-1.01,2000.57,0.12,34.25,0,0
16:56,13.03,3.01,-1.13,2000.69,0.26,34.25,0,0
16:57,13.03,3.01,-1.37,2000.62,-0.13,34.25,0,0
16:58,13.03,3.01,-1.23,2000.62,0.01,34.25,0,0
16:59,13.03,3.01,-1.23,2000.79,0.35,34.24,0,0
17:00,13.04,3.02,-1.57,2000.95,0.34,34.23,0,0
17:01,13.05,3.02,-1.89,2001.13,0.38,34.22,0,0
17:02,13.06,3.02,-2.25,2001.06,-0.12,34.23,0,0
17:03,13.05,3.02,-2.11,2000.89,-0.32,34.23,0,0
17:04,13.04,3.02,-1.77,2000.71,-0.33,34.25,0,0
17:05,13.04,3.01,-1.41,2000.46,-0.49,34.26,0,0
17:06,13.02,3.01,-0.91,2000.4,-0.1,34.26,0,0
17:07,13.02,3.01,-0.79,2000.51,0.22,34.26,0,0
17:08,13.03,3.01,-1.01,2000.57,0.12,34.25,0,0
17:09,13.03,3.01,-1.13,2000.79,0.45,34.24,0,0
17:10,13.04,3.02,-1.57,2001.0,0.44,34.23,0,0
17:11,13.05,3.02,-1.99,2001.08,0.18,34.22,0,0
17:12,13.05,3.02,-2.15,2000.91,-0.31,34.23,0,0
17:13,13.05,3.02,-1.81,2001.06,0.32,34.23,0,0
17:14,13.05,3.02,-2.11,2001.24,0.37,34.21,0,0
17:15,13.06,3.02,-2.47,2001.04,-0.38,34.23,0,0
17:16,13.05,3.02,-2.07,2000.95,-0.16,34.23,0,0
17:17,13.05,3.02,-1.89,2000.73,-0.42,34.24,0,0
17:18,13.04,3.01,-1.45,2000.91,0.38,34.23,0,0
17:19,13.05,3.02,-1.81,2000.79,-0.23,34.24,0,0
17:20,13.04,3.02,-1.57,2000.96,0.36,34.23,0,0
17:21,13.05,3.02,-1.91,2001.0,0.09,34.23,0,0
17:22,13.05,3.02,-1.99,2000.97,-0.05,34.23,0,0
17:23,13.05,3.02,-1.93,2000.72,-0.47,34.24,0,0
17:24,13.04,3.01,-1.43,2000.55,-0.32,34.25,0,0
17:25,13.03,3.01,-1.09,2000.3,-0.49,34.27,0,0
17:26,13.01,3.01,-0.59,2000.07,-0.45,34.28,0,0
17:27,13.0,3.0,-0.13,1999.98,-0.17,34.29,0,0
17:28,13.0,3.0,0.04,2000.11,0.27,34.28,0,0
17:29,13.01,3.0,-0.21,2000.13,0.04,34.28,0,0
17:30,13.01,3.0,-0.25,2000.3,0.35,34.27,0,0
17:31,13.01,3.01,-0.59,2000.44,0.28,34.26,0,0
17:32,13.02,3.01,-0.87,2000.23,-0.42,34.27,0,0
17:33,13.01,3.0,-0.45,2000.04,-0.38,34.28,0,0
17:34,13.0,3.0,-0.07,1999.93,-0.21,34.29,0,0
17:35,13.0,3.0,0.14,2000.08,0.3,34.28,0,0
17:36,13.0,3.0,-0.15,2000.1,0.04,34.28,0,0
17:37,13.0,3.0,-0.19,2000.25,0.31,34.27,0,0
17:38,13.01,3.0,-0.49,2000.48,0.46,34.26,0,0
17:39,13.02,3.01,-0.95,2000.28,-0.39,34.27,0,0
17:40,13.01,3.01,-0.55,2000.13,-0.3,34.28,0,0
17:41,13.01,3.0,-0.25,2000.04,-0.17,34.28,0,0
17:42,13.0,3.0,-0.07,1999.84,-0.4,34.29,0,0
17:43,13.01,3.0,0.32,1999.81,-0.06,34.3,0,0
17:44,13.01,3.0,0.38,1999.91,0.19,34.29,0,0
17:45,13.0,3.0,0.18,1999.82,-0.19,34.3,0,0
17:46,13.01,3.0,0.36,1999.58,-0.48,34.31,0,0
17:47,13.02,3.01,0.84,1999.73,0.29,34.3,0,0
17:48,13.01,3.01,0.54,1999.76,0.06,34.3,0,0
17:49,13.01,3.0,0.48,1999.82,0.12,34.3,0,0
17:50,13.01,3.0,0.36,2000.04,0.43,34.28,0,0
17:51,13.0,3.0,-0.07,1999.91,-0.26,34.29,0,0
17:52,13.0,3.0,0.18,1999.79,-0.23,34.3,0,0
17:53,13.01,3.0,0.42,2000.02,0.46,34.28,0,0
17:54,13.0,3.0,-0.03,2000.01,-0.03,34.29,0,0
17:55,13.0,3.0,-0.01,2000.04,0.06,34.28,0,0
17:56,13.0,3.0,-0.07,2000.03,-0.01,34.28,0,0
17:57,13.0,3.0,-0.05,2000.03,0.0,34.28,0,0
17:58,13.0,3.0,-0.05,2000.03,0.01,34.28,0,0
17:59,13.0,3.0,-0.05,1999.94,-0.18,34.29,0,0
18:00,13.0,3.0,0.12,1999.72,-0.44,34.3,0,0
18:01,13.01,3.01,0.56,1999.85,0.25,34.29,0,0
18:02,13.01,3.0,0.3,2000.0,0.29,34.29,0,0
18:03,13.0,3.0,0.0,2000.03,0.05,34.28,0,0
18:04,13.0,3.0,-0.05,2000.28,0.5,34.27,0,0
18:05,13.01,3.01,-0.55,2000.48,0.41,34.26,0,0
18:06,13.02,3.01,-0.95,2000.46,-0.03,34.26,0,0
18:07,13.02,3.01,-0.91,2000.4,-0.11,34.26,0,0
18:08,13.02,3.01,-0.79,2000.26,-0.28,34.27,0,0
18:09,13.01,3.01,-0.51,2000.19,-0.14,34.27,0,0
18:10,13.01,3.0,-0.37,1999.99,-0.39,34.29,0,0
18:11,13.0,3.0,0.02,1999.88,-0.21,34.29,0,0
18:12,13.01,3.0,0.24,1999.86,-0.04,34.29,0,0
18:13,13.01,3.0,0.28,1999.72,-0.28,34.3,0,0
18:14,13.01,3.01,0.56,1999.73,0.02,34.3,0,0
18:15,13.01,3.01,0.54,1999.98,0.5,34.29,0,0
18:16,13.0,3.0,0.04,1999.94,-0.09,34.29,0,0
18:17,13.0,3.0,0.12,2000.18,0.47,34.28,0,0
18:18,13.01,3.0,-0.35,2000.05,-0.27,34.28,0,0
18:19,13.0,3.0,-0.09,1999.99,-0.12,34.29,0,0
18:20,13.0,3.0,0.02,2000.19,0.4,34.27,0,0
18:21,13.01,3.0,-0.37,2000.09,-0.2,34.28,0,0
18:22,13.0,3.0,-0.17,1999.9,-0.38,34.29,0,0
18:23,13.0,3.0,0.2,1999.92,0.05,34.29,0,0
18:24,13.0,3.0,0.16,2000.0,0.16,34.29,0,0
18:25,13.0,3.0,0.0,1999.77,-0.46,34.3,0,0
18:26,13.01,3.0,0.46,1999.96,0.38,34.29,0,0
18:27,13.0,3.0,0.08,1999.86,-0.21,34.29,0,0
18:28,13.01,3.0,0.28,1999.85,-0.03,34.29,0,0
18:29,13.01,3.0,0.3,1999.88,0.06,34.29,0,0
18:30,13.01,3.0,0.24,2000.08,0.39,34.28,0,0
18:31,13.0,3.0,-0.15,2000.04,-0.09,34.28,0,0
18:32,13.0,3.0,-0.07,1999.96,-0.16,34.29,0,0
18:33,13.0,3.0,0.08,1999.93,-0.06,34.29,0,0
18:34,13.0,3.0,0.14,2000.15,0.43,34.28,0,0
18:35,13.01,3.0,-0.29,1999.96,-0.38,34.29,0,0
18:36,13.0,3.0,0.08,1999.93,-0.05,34.29,0,0
18:37,13.0,3.0,0.14,1999.69,-0.49,34.3,0,0
18:38,13.02,3.01,0.62,1999.56,-0.27,34.31,0,0
18:39,13.02,3.01,0.88,1999.47,-0.18,34.32,0,0
18:40,13.03,3.01,1.06,1999.72,0.49,34.3,0,0
18:41,13.01,3.01,0.56,1999.98,0.51,34.29,0,0
18:42,13.0,3.0,0.04,2000.18,0.4,34.28,0,0
18:43,13.01,3.0,-0.35,2000.12,-0.12,34.28,0,0
18:44,13.01,3.0,-0.23,2000.13,0.02,34.28,0,0
18:45,13.01,3.0,-0.25,2000.02,-0.22,34.28,0,0
18:46,13.0,3.0,-0.03,2000.08,0.12,34.28,0,0
18:47,13.0,3.0,-0.15,1999.9,-0.36,34.29,0,0
18:48,13.0,3.0,0.2,1999.91,0.03,34.29,0,0
18:49,13.0,3.0,0.18,1999.71,-0.4,34.3,0,0
18:50,13.01,3.01,0.58,1999.79,0.15,34.3,0,0
18:51,13.01,3.0,0.42,1999.94,0.3,34.29,0,0
18:52,13.0,3.0,0.12,2000.12,0.35,34.28,0,0
18:53,13.01,3.0,-0.23,2000.12,-0.01,34.28,0,0
18:54,13.01,3.0,-0.23,2000.22,0.21,34.27,0,0
18:55,13.01,3.0,-0.43,2000.07,-0.3,34.28,0,0
18:56,13.0,3.0,-0.13,2000.15,0.17,34.28,0,0
18:57,13.01,3.0,-0.29,2000.13,-0.04,34.28,0,0
18:58,13.01,3.0,-0.25,2000.34,0.42,34.27,0,0
18:59,13.02,3.01,-0.67,2000.55,0.43,34.25,0,0
19:00,13.03,3.01,-1.09,2000.37,-0.35,34.26,0,0
19:01,13.02,3.01,-0.73,2000.49,0.26,34.26,0,0
19:02,13.02,3.01,-0.97,2000.7,0.43,34.25,0,0
19:03,13.03,3.01,-1.39,2000.76,0.13,34.24,0,0
19:04,13.04,3.02,-1.51,2000.87,0.23,34.24,0,0
19:05,13.04,3.02,-1.73,2000.62,-0.48,34.25,0,0
19:06,13.03,3.01,-1.23,2000.76,0.3,34.24,0,0
19:07,13.04,3.02,-1.51,2000.9,0.3,34.23,0,0
19:08,13.04,3.02,-1.79,2000.96,0.14,34.23,0,0
19:09,13.05,3.02,-1.91,2001.1,0.3,34.22,0,0
19:10,13.05,3.02,-2.19,2001.05,-0.08,34.23,0,0
19:11,13.05,3.02,-2.09,2001.11,0.14,34.22,0,0
19:12,13.06,3.02,-2.21,2001.19,0.19,34.22,0,0
19:13,13.06,3.02,-2.37,2001.17,-0.01,34.22,0,0
19:14,13.06,3.02,-2.33,2000.97,-0.38,34.23,0,0
19:15,13.05,3.02,-1.93,2000.8,-0.31,34.24,0,0
19:16,13.04,3.02,-1.59,2000.97,0.36,34.23,0,0
19:17,13.05,3.02,-1.93,2001.19,0.46,34.22,0,0
19:18,13.06,3.02,-2.37,2001.07,-0.23,34.22,0,0
19:19,13.05,3.02,-2.13,2001.0,-0.11,34.23,0,0
19:20,13.05,3.02,-1.99,2001.15,0.32,34.22,0,0
19:21,13.06,3.02,-2.29,2001.28,0.28,34.21,0,0
19:22,13.06,3.03,-2.55,2001.23,-0.08,34.22,0,0
19:23,13.06,3.02,-2.45,2001.4,0.36,34.21,0,0
19:24,13.07,3.03,-2.79,2001.42,0.06,34.2,0,0
19:25,13.07,3.03,-2.83,2001.42,0.02,34.2,0,0
19:26,13.07,3.03,-2.83,2001.26,-0.3,34.21,0,0
19:27,13.06,3.03,-2.51,2001.2,-0.09,34.22,0,0
19:28,13.06,3.02,-2.39,2001.23,0.09,34.22,0,0
19:29,13.06,3.02,-2.45,2001.05,-0.34,34.23,0,0
19:30,13.05,3.02,-2.09,2001.14,0.21,34.22,0,0
19:31,13.06,3.02,-2.27,2001.29,0.33,34.21,0,0
19:32,13.06,3.03,-2.57,2001.45,0.34,34.2,0,0
19:33,13.07,3.03,-2.89,2001.57,0.26,34.2,0,0
19:34,13.08,3.03,-3.13,2001.73,0.35,34.19,0,0
19:35,13.09,3.03,-3.45,2001.57,-0.29,34.2,0,0
19:36,13.08,3.03,-3.13,2001.64,0.17,34.19,0,0
19:37,13.08,3.03,-3.27,2001.71,0.17,34.19,0,0
19:38,13.09,3.03,-3.41,2001.62,-0.14,34.19,0,0
19:39,13.08,3.03,-3.23,2001.79,0.37,34.18,0,0
19:40,13.09,3.04,-3.57,2001.81,0.07,34.18,0,0
19:41,13.09,3.04,-3.61,2001.54,-0.5,34.2,0,0
19:42,13.08,3.03,-3.07,2001.34,-0.37,34.21,0,0
19:43,13.07,3.03,-2.67,2001.11,-0.43,34.22,0,0
19:44,13.06,3.02,-2.21,2000.92,-0.36,34.23,0,0
19:45,13.05,3.02,-1.83,2000.67,-0.48,34.25,0,0
19:46,13.03,3.01,-1.33,2000.51,-0.31,34.26,0,0
19:47,13.03,3.01,-1.01,2000.38,-0.25,34.26,0,0
19:48,13.02,3.01,-0.75,2000.56,0.37,34.25,0,0
19:49,13.03,3.01,-1.11,2000.74,0.36,34.24,0,0
19:50,13.04,3.01,-1.47,2000.54,-0.38,34.25,0,0
19:51,13.03,3.01,-1.07,2000.53,0.0,34.26,0,0
19:52,13.03,3.01,-1.05,2000.65,0.26,34.25,0,0
19:53,13.03,3.01,-1.29,2000.52,-0.24,34.26,0,0
19:54,13.03,3.01,-1.03,2000.36,-0.3,34.27,0,0
19:55,13.02,3.01,-0.71,2000.35,0.0,34.27,0,0
19:56,13.02,3.01,-0.69,2000.59,0.49,34.25,0,0
19:57,13.03,3.01,-1.17,2000.41,-0.35,34.26,0,0
19:58,13.02,3.01,-0.81,2000.16,-0.48,34.28,0,0
19:59,13.01,3.0,-0.31,2000.12,-0.07,34.28,0,0
20:00,13.01,3.0,-0.23,1999.98,-0.28,34.29,0,0
20:01,13.0,3.0,0.04,2000.03,0.11,34.28,0,0
20:02,13.0,3.0,-0.05,2000.09,0.12,34.28,0,0
20:03,13.0,3.0,-0.17,1999.87,-0.44,34.29,0,0
20:04,13.01,3.0,0.26,1999.89,0.05,34.29,0,0
20:05,13.01,3.0,0.22,1999.89,0.0,34.29,0,0
20:06,13.01,3.0,0.22,2000.03,0.28,34.28,0,0
20:07,13.0,3.0,-0.05,2000.21,0.36,34.27,0,0
20:08,13.01,3.0,-0.41,2000.43,0.44,34.26,0,0
20:09,13.02,3.01,-0.85,2000.58,0.31,34.25,0,0
20:10,13.03,3.01,-1.15,2000.59,0.02,34.25,0,0
20:11,13.03,3.01,-1.17,2000.35,-0.46,34.27,0,0
20:12,13.02,3.01,-0.69,2000.38,0.07,34.26,0,0
20:13,13.02,3.01,-0.75,2000.37,-0.01,34.26,0,0
20:14,13.02,3.01,-0.73,2000.24,-0.26,34.27,0,0
20:15,13.01,3.0,-0.47,2000.19,-0.09,34.27,0,0
20:16,13.01,3.0,-0.37,2000.26,0.14,34.27,0,0
20:17,13.01,3.01,-0.51,2000.28,0.04,34.27,0,0
20:18,13.01,3.01,-0.55,2000.08,-0.39,34.28,0,0
20:19,13.0,3.0,-0.15,2000.28,0.41,34.27,0,0
20:20,13.01,3.01,-0.55,2000.43,0.3,34.26,0,0
20:21,13.02,3.01,-0.85,2000.19,-0.47,34.27,0,0
20:22,13.01,3.0,-0.37,1999.99,-0.4,34.29,0,0
20:23,13.0,3.0,0.02,1999.91,-0.15,34.29,0,0
20:24,13.0,3.0,0.18,1999.76,-0.3,34.3,0,0
20:25,13.01,3.0,0.48,1999.88,0.24,34.29,0,0
20:26,13.01,3.0,0.24,1999.99,0.22,34.29,0,0
20:27,13.0,3.0,0.02,2000.23,0.48,34.27,0,0
20:28,13.01,3.0,-0.45,2000.32,0.18,34.27,0,0
20:29,13.02,3.01,-0.63,2000.19,-0.25,34.27,0,0
20:30,13.01,3.0,-0.37,2000.32,0.26,34.27,0,0
20:31,13.02,3.01,-0.63,2000.32,0.0,34.27,0,0
20:32,13.02,3.01,-0.63,2000.4,0.17,34.26,0,0
20:33,13.02,3.01,-0.79,2000.44,0.08,34.26,0,0
20:34,13.02,3.01,-0.87,2000.44,0.0,34.26,0,0
20:35,13.02,3.01,-0.87,2000.33,-0.22,34.27,0,0
20:36,13.02,3.01,-0.65,2000.42,0.19,34.26,0,0
20:37,13.02,3.01,-0.83,2000.61,0.39,34.25,0,0
20:38,13.03,3.01,-1.21,2000.77,0.33,34.24,0,0
20:39,13.04,3.02,-1.53,2000.63,-0.26,34.25,0,0
20:40,13.03,3.01,-1.25,2000.52,-0.21,34.26,0,0
20:41,13.03,3.01,-1.03,2000.4,-0.23,34.26,0,0
20:42,13.02,3.01,-0.79,2000.2,-0.39,34.27,0,0
20:43,13.01,3.0,-0.39,2000.08,-0.24,34.28,0,0
20:44,13.0,3.0,-0.15,1999.94,-0.28,34.29,0,0
20:45,13.0,3.0,0.12,1999.94,0.0,34.29,0,0
20:46,13.0,3.0,0.12,1999.84,-0.21,34.29,0,0
20:47,13.01,3.0,0.32,1999.84,0.0,34.29,0,0
20:48,13.01,3.0,0.32,1999.89,0.1,34.29,0,0
20:49,13.01,3.0,0.22,1999.89,0.0,34.29,0,0
20:50,13.01,3.0,0.22,2000.05,0.32,34.28,0,0
20:51,13.0,3.0,-0.09,2000.26,0.41,34.27,0,0
20:52,13.01,3.01,-0.51,2000.38,0.24,34.26,0,0
20:53,13.02,3.01,-0.75,2000.33,-0.1,34.27,0,0
20:54,13.02,3.01,-0.65,2000.45,0.24,34.26,0,0
20:55,13.02,3.01,-0.89,2000.52,0.15,34.26,0,0
20:56,13.03,3.01,-1.03,2000.59,0.15,34.25,0,0
20:57,13.03,3.01,-1.17,2000.77,0.37,34.24,0,0
20:58,13.04,3.02,-1.53,2000.63,-0.27,34.25,0,0
20:59,13.03,3.01,-1.25,2000.82,0.39,34.24,0,0
21:00,13.04,3.02,-1.63,2000.72,-0.18,34.24,0,0
21:01,13.04,3.01,-1.43,2000.89,0.35,34.23,0,0
21:02,13.04,3.02,-1.77,2000.78,-0.2,34.24,0,0
21:03,13.04,3.02,-1.55,2000.6,-0.35,34.25,0,0
21:04,13.03,3.01,-1.19,2000.5,-0.18,34.26,0,0
21:05,13.02,3.01,-0.99,2000.56,0.13,34.25,0,0
21:06,13.03,3.01,-1.11,2000.43,-0.25,34.26,0,0
21:07,13.02,3.01,-0.85,2000.48,0.12,34.26,0,0
21:08,13.02,3.01,-0.95,2000.47,-0.02,34.26,0,0
21:09,13.02,3.01,-0.93,2000.63,0.33,34.25,0,0
21:10,13.03,3.01,-1.25,2000.45,-0.36,34.26,0,0
21:11,13.02,3.01,-0.89,2000.35,-0.18,34.27,0,0
21:12,13.02,3.01,-0.69,2000.42,0.14,34.26,0,0
21:13,13.02,3.01,-0.83,2000.29,-0.26,34.27,0,0
21:14,13.01,3.01,-0.57,2000.46,0.35,34.26,0,0
21:15,13.02,3.01,-0.91,2000.25,-0.41,34.27,0,0
21:16,13.01,3.0,-0.49,2000.13,-0.24,34.28,0,0
21:17,13.01,3.0,-0.25,2000.16,0.06,34.28,0,0
21:18,13.01,3.0,-0.31,1999.99,-0.33,34.29,0,0
21:19,13.0,3.0,0.02,1999.92,-0.14,34.29,0,0
21:20,13.0,3.0,0.16,2000.07,0.29,34.28,0,0
21:21,13.0,3.0,-0.13,2000.21,0.28,34.27,0,0
21:22,13.01,3.0,-0.41,2000.31,0.21,34.27,0,0
21:23,13.02,3.01,-0.61,2000.4,0.18,34.26,0,0
21:24,13.02,3.01,-0.79,2000.48,0.17,34.26,0,0
21:25,13.02,3.01,-0.95,2000.41,-0.14,34.26,0,0
21:26,13.02,3.01,-0.81,2000.5,0.19,34.26,0,0
21:27,13.02,3.01,-0.99,2000.68,0.36,34.25,0,0
21:28,13.03,3.01,-1.35,2000.74,0.14,34.24,0,0
21:29,13.04,3.01,-1.47,2000.57,-0.33,34.25,0,0
21:30,13.03,3.01,-1.13,2000.6,0.08,34.25,0,0
21:31,13.03,3.01,-1.19,2000.82,0.45,34.24,0,0
21:32,13.04,3.02,-1.63,2000.57,-0.48,34.25,0,0
21:33,13.03,3.01,-1.13,2000.38,-0.36,34.26,0,0
21:34,13.02,3.01,-0.75,2000.53,0.32,34.26,0,0
21:35,13.03,3.01,-1.05,2000.53,0.0,34.26,0,0
21:36,13.03,3.01,-1.05,2000.35,-0.35,34.27,0,0
21:37,13.02,3.01,-0.69,2000.22,-0.25,34.27,0,0
21:38,13.01,3.0,-0.43,2000.16,-0.11,34.28,0,0
21:39,13.01,3.0,-0.31,2000.16,0.0,34.28,0,0
21:40,13.01,3.0,-0.31,2000.13,-0.06,34.28,0,0
21:41,13.01,3.0,-0.25,2000.2,0.15,34.27,0,0
21:42,13.01,3.0,-0.39,2000.4,0.41,34.26,0,0
21:43,13.02,3.01,-0.79,2000.62,0.45,34.25,0,0
21:44,13.03,3.01,-1.23,2000.52,-0.19,34.26,0,0
21:45,13.03,3.01,-1.03,2000.47,-0.08,34.26,0,0
21:46,13.02,3.01,-0.93,2000.35,-0.23,34.27,0,0
21:47,13.02,3.01,-0.69,2000.34,-0.01,34.27,0,0
21:48,13.02,3.01,-0.67,2000.2,-0.28,34.27,0,0
21:49,13.01,3.0,-0.39,2000.44,0.48,34.26,0,0
21:50,13.02,3.01,-0.87,2000.24,-0.4,34.27,0,0
21:51,13.01,3.0,-0.47,2000.27,0.07,34.27,0,0
21:52,13.01,3.01,-0.53,2000.3,0.06,34.27,0,0
21:53,13.01,3.01,-0.59,2000.38,0.16,34.26,0,0
21:54,13.02,3.01,-0.75,2000.19,-0.37,34.27,0,0
21:55,13.01,3.0,-0.37,1999.95,-0.47,34.29,0,0
21:56,13.0,3.0,0.1,1999.76,-0.38,34.3,0,0
21:57,13.01,3.0,0.48,1999.64,-0.24,34.31,0,0
21:58,13.02,3.01,0.72,1999.73,0.17,34.3,0,0
21:59,13.01,3.01,0.54,1999.98,0.5,34.29,0,0
22:00,13.0,3.0,0.04,2000.0,0.03,34.29,0,0
22:01,13.0,3.0,0.0,2000.12,0.24,34.28,0,0
22:02,13.01,3.0,-0.23,2000.07,-0.09,34.28,0,0
22:03,13.0,3.0,-0.13,2000.25,0.36,34.27,0,0
22:04,13.01,3.0,-0.49,2000.35,0.21,34.27,0,0
22:05,13.02,3.01,-0.69,2000.54,0.38,34.25,0,0
22:06,13.03,3.01,-1.07,2000.49,-0.09,34.26,0,0
22:07,13.02,3.01,-0.97,2000.42,-0.13,34.26,0,0
22:08,13.02,3.01,-0.83,2000.4,-0.04,34.26,0,0
22:09,13.02,3.01,-0.79,2000.37,-0.05,34.26,0,0
22:10,13.02,3.01,-0.73,2000.41,0.08,34.26,0,0
22:11,13.02,3.01,-0.81,2000.3,-0.21,34.27,0,0
22:12,13.01,3.01,-0.59,2000.5,0.4,34.26,0,0
22:13,13.02,3.01,-0.99,2000.28,-0.44,34.27,0,0
22:14,13.01,3.01,-0.55,2000.43,0.32,34.26,0,0
22:15,13.02,3.01,-0.85,2000.39,-0.07,34.26,0,0
22:16,13.02,3.01,-0.77,2000.22,-0.33,34.27,0,0
22:17,13.01,3.0,-0.43,2000.27,0.1,34.27,0,0
22:18,13.01,3.01,-0.53,2000.08,-0.37,34.28,0,0
22:19,13.0,3.0,-0.15,2000.27,0.39,34.27,0,0
22:20,13.01,3.01,-0.53,2000.24,-0.05,34.27,0,0
22:21,13.01,3.0,-0.47,2000.45,0.43,34.26,0,0
22:22,13.02,3.01,-0.89,2000.4,-0.09,34.26,0,0
22:23,13.02,3.01,-0.79,2000.25,-0.3,34.27,0,0
22:24,13.01,3.0,-0.49,2000.4,0.3,34.26,0,0
22:25,13.02,3.01,-0.79,2000.42,0.04,34.26,0,0
22:26,13.02,3.01,-0.83,2000.25,-0.33,34.27,0,0
22:27,13.01,3.0,-0.49,2000.26,0.03,34.27,0,0
22:28,13.01,3.01,-0.51,2000.37,0.23,34.26,0,0
22:29,13.02,3.01,-0.73,2000.59,0.45,34.25,0,0
22:30,13.03,3.01,-1.17,2000.73,0.29,34.24,0,0
22:31,13.04,3.01,-1.45,2000.59,-0.26,34.25,0,0
22:32,13.03,3.01,-1.17,2000.49,-0.19,34.26,0,0
22:33,13.02,3.01,-0.97,2000.69,0.42,34.25,0,0
22:34,13.03,3.01,-1.37,2000.79,0.2,34.24,0,0
22:35,13.04,3.02,-1.57,2000.78,0.0,34.24,0,0
22:36,13.04,3.02,-1.55,2000.74,-0.06,34.24,0,0
22:37,13.04,3.01,-1.47,2000.81,0.15,34.24,0,0
22:38,13.04,3.02,-1.61,2000.79,-0.03,34.24,0,0
22:39,13.04,3.02,-1.57,2000.59,-0.38,34.25,0,0
22:40,13.03,3.01,-1.17,2000.62,0.08,34.25,0,0
22:41,13.03,3.01,-1.23,2000.42,-0.38,34.26,0,0
22:42,13.02,3.01,-0.83,2000.55,0.27,34.25,0,0
22:43,13.03,3.01,-1.09,2000.79,0.49,34.24,0,0
22:44,13.04,3.02,-1.57,2000.7,-0.17,34.25,0,0
22:45,13.03,3.01,-1.39,2000.45,-0.48,34.26,0,0
22:46,13.02,3.01,-0.89,2000.56,0.24,34.25,0,0
22:47,13.03,3.01,-1.11,2000.6,0.09,34.25,0,0
22:48,13.03,3.01,-1.19,2000.51,-0.16,34.26,0,0
22:49,13.03,3.01,-1.01,2000.54,0.08,34.25,0,0
22:50,13.03,3.01,-1.07,2000.43,-0.21,34.26,0,0
22:51,13.02,3.01,-0.85,2000.32,-0.2,34.27,0,0
22:52,13.02,3.01,-0.63,2000.31,-0.01,34.27,0,0
22:53,13.02,3.01,-0.61,2000.51,0.41,34.26,0,0
22:54,13.03,3.01,-1.01,2000.63,0.25,34.25,0,0
22:55,13.03,3.01,-1.25,2000.39,-0.46,34.26,0,0
22:56,13.02,3.01,-0.77,2000.45,0.14,34.26,0,0
22:57,13.02,3.01,-0.89,2000.56,0.23,34.25,0,0
22:58,13.03,3.01,-1.11,2000.75,0.38,34.24,0,0
22:59,13.04,3.01,-1.49,2000.78,0.07,34.24,0,0
23:00,13.04,3.02,-1.55,2000.7,-0.15,34.25,0,0
23:01,13.03,3.01,-1.39,2000.85,0.31,34.24,0,0
23:02,13.04,3.02,-1.69,2000.81,-0.06,34.24,0,0
23:03,13.04,3.02,-1.61,2000.71,-0.18,34.25,0,0
23:04,13.04,3.01,-1.41,2000.45,-0.5,34.26,0,0
23:05,13.02,3.01,-0.89,2000.57,0.26,34.25,0,0
23:06,13.03,3.01,-1.13,2000.53,-0.08,34.26,0,0
23:07,13.03,3.01,-1.05,2000.5,-0.04,34.26,0,0
23:08,13.02,3.01,-0.99,2000.49,0.0,34.26,0,0
23:09,13.02,3.01,-0.97,2000.53,0.09,34.26,0,0
23:10,13.03,3.01,-1.05,2000.73,0.41,34.24,0,0
23:11,13.04,3.01,-1.45,2000.94,0.43,34.23,0,0
23:12,13.05,3.02,-1.87,2000.73,-0.4,34.24,0,0
23:13,13.04,3.01,-1.45,2000.92,0.39,34.23,0,0
23:14,13.05,3.02,-1.83,2000.73,-0.36,34.24,0,0
23:15,13.04,3.01,-1.45,2000.92,0.39,34.23,0,0
23:16,13.05,3.02,-1.83,2000.95,0.08,34.23,0,0
23:17,13.05,3.02,-1.89,2000.96,0.04,34.23,0,0
23:18,13.05,3.02,-1.91,2000.83,-0.24,34.24,0,0
23:19,13.04,3.02,-1.65,2000.65,-0.35,34.25,0,0
23:20,13.03,3.01,-1.29,2000.8,0.32,34.24,0,0
23:21,13.04,3.02,-1.59,2000.71,-0.17,34.25,0,0
23:22,13.04,3.01,-1.41,2000.7,-0.01,34.25,0,0
23:23,13.03,3.01,-1.39,2000.93,0.47,34.23,0,0
23:24,13.05,3.02,-1.85,2000.75,-0.34,34.24,0,0
23:25,13.04,3.01,-1.49,2000.83,0.17,34.24,0,0
23:26,13.04,3.02,-1.65,2000.82,0.0,34.24,0,0
23:27,13.04,3.02,-1.63,2000.6,-0.42,34.25,0,0
23:28,13.03,3.01,-1.19,2000.35,-0.49,34.27,0,0
23:29,13.02,3.01,-0.69,2000.2,-0.28,34.27,0,0
23:30,13.01,3.0,-0.39,2000.19,-0.01,34.27,0,0
23:31,13.01,3.0,-0.37,2000.02,-0.33,34.28,0,0
23:32,13.0,3.0,-0.03,2000.12,0.21,34.28,0,0
23:33,13.01,3.0,-0.23,2000.32,0.41,34.27,0,0
23:34,13.02,3.01,-0.63,2000.41,0.18,34.26,0,0
23:35,13.02,3.01,-0.81,2000.5,0.19,34.26,0,0
23:36,13.02,3.01,-0.99,2000.54,0.09,34.25,0,0
23:37,13.03,3.01,-1.07,2000.74,0.42,34.24,0,0
23:38,13.04,3.01,-1.47,2000.79,0.12,34.24,0,0
23:39,13.04,3.02,-1.57,2000.89,0.21,34.23,0,0
23:40,13.04,3.02,-1.77,2000.77,-0.23,34.24,0,0
23:41,13.04,3.02,-1.53,2000.82,0.11,34.24,0,0
23:42,13.04,3.02,-1.63,2000.94,0.26,34.23,0,0
23:43,13.05,3.02,-1.87,2000.81,-0.24,34.24,0,0
23:44,13.04,3.02,-1.61,2000.61,-0.39,34.25,0,0
23:45,13.03,3.01,-1.21,2000.59,-0.03,34.25,0,0
23:46,13.03,3.01,-1.17,2000.74,0.32,34.24,0,0
23:47,13.04,3.01,-1.47,2000.72,-0.03,34.24,0,0
23:48,13.04,3.01,-1.43,2000.62,-0.18,34.25,0,0
23:49,13.03,3.01,-1.23,2000.73,0.24,34.24,0,0
23:50,13.04,3.01,-1.45,2000.72,-0.01,34.24,0,0
23:51,13.04,3.01,-1.43,2000.6,-0.22,34.25,0,0
23:52,13.03,3.01,-1.19,2000.62,0.05,34.25,0,0
23:53,13.03,3.01,-1.23,2000.54,-0.14,34.25,0,0
23:54,13.03,3.01,-1.07,2000.33,-0.4,34.27,0,0
23:55,13.02,3.01,-0.65,2000.53,0.41,34.26,0,0
23:56,13.03,3.01,-1.05,2000.48,-0.1,34.26,0,0
23:57,13.02,3.01,-0.95,2000.59,0.24,34.25,0,0
23:58,13.03,3.01,-1.17,2000.49,-0.2,34.26,0,0
23:59,13.02,3.01,-0.97,2000.42,-0.13,34.26,0,0
